household_id;car_availability;bicycle_availability;number_of_cars;number_of_bicycles;income;census_household_id
14;all;all;1;2;0.0;9
26760;all;all;1;2;0.0;3147
58;all;all;1;0;0.0;11
39162;all;all;1;0;0.0;4575
63;all;all;1;2;0.0;11
46537;all;all;1;2;0.0;5576
83;none;all;1;0;0.0;21
20204;all;all;1;0;0.0;2398
58381;all;all;1;0;0.0;7037
155;all;none;1;2;0.0;29
4051;all;all;1;2;0.0;606
14079;all;all;1;2;0.0;1689
30772;none;all;1;2;0.0;3510
35566;all;all;1;2;0.0;4287
40004;all;all;1;2;0.0;4701
47534;all;all;1;2;0.0;5617
50941;all;all;1;2;0.0;6015
213;all;all;1;0;0.0;33
18621;all;all;1;0;0.0;2315
24003;all;all;1;0;0.0;2890
35416;all;all;1;0;0.0;4286
36787;none;all;1;0;0.0;4318
62419;all;all;1;0;0.0;7698
63399;all;all;1;0;0.0;7778
67228;none;all;1;0;0.0;8257
237;all;all;1;2;0.0;34
4836;none;all;1;2;0.0;682
5572;all;all;1;2;0.0;730
29435;all;all;1;2;0.0;3391
51832;all;all;1;2;0.0;6219
58622;all;all;1;2;0.0;7049
59278;none;all;1;2;0.0;7099
250;none;all;1;3;0.0;34
306;all;all;1;3;0.0;35
17968;all;all;1;3;0.0;2241
34703;all;all;1;3;0.0;4253
301;all;all;1;4;0.0;35
12138;all;all;1;4;0.0;1450
29176;all;all;1;4;0.0;3389
311;all;all;1;0;0.0;35
3846;none;all;1;0;0.0;557
14077;all;all;1;0;0.0;1689
18546;all;all;1;0;0.0;2314
38169;all;all;1;0;0.0;4511
42749;all;all;1;0;0.0;5119
47593;all;all;1;0;0.0;5617
49298;none;all;1;0;0.0;5739
52680;all;all;1;0;0.0;6539
63282;none;all;1;0;0.0;7777
65166;all;all;1;0;0.0;7975
343;none;all;1;3;0.0;35
13876;all;all;1;3;0.0;1665
18096;all;all;1;3;0.0;2267
438;all;all;1;1;0.0;45
492;all;all;1;2;0.0;46
7716;all;all;1;2;0.0;909
10612;all;all;1;2;0.0;1318
11422;all;all;1;2;0.0;1366
12888;all;all;1;2;0.0;1511
22669;all;all;1;2;0.0;2614
22705;all;all;1;2;0.0;2614
25864;none;none;1;2;0.0;3046
28624;all;all;1;2;0.0;3372
29602;all;all;1;2;0.0;3404
35977;all;all;1;2;0.0;4300
36182;all;all;1;2;0.0;4301
37774;all;all;1;2;0.0;4495
55370;all;none;1;2;0.0;6755
55740;all;all;1;2;0.0;6757
61481;all;all;1;2;0.0;7555
494;all;all;1;1;0.0;46
15011;all;all;1;1;0.0;1721
36423;all;all;1;1;0.0;4303
58355;all;all;1;1;0.0;7036
60489;all;all;1;1;0.0;7319
510;none;all;1;3;0.0;46
1417;all;all;1;3;0.0;70
10166;all;none;1;3;0.0;1269
11595;all;all;1;3;0.0;1367
27075;all;all;1;3;0.0;3167
46961;all;all;1;3;0.0;5597
50077;all;all;1;3;0.0;5879
51626;all;all;1;3;0.0;6195
548;none;all;1;0;0.0;47
7878;none;all;1;0;0.0;911
50756;all;all;1;0;0.0;5957
579;none;all;1;0;0.0;47
1960;all;all;1;0;0.0;143
619;all;all;1;2;0.0;53
7477;all;all;1;2;0.0;898
17124;all;all;1;2;0.0;2001
25985;all;all;1;2;0.0;3059
29170;all;all;1;2;0.0;3389
30438;all;all;1;2;0.0;3452
30859;none;all;1;2;0.0;3518
32400;all;all;1;2;0.0;3775
37159;none;all;1;2;0.0;4351
40749;none;all;1;2;0.0;4894
44026;all;all;1;2;0.0;5244
46705;all;all;1;2;0.0;5578
47255;all;all;1;2;0.0;5615
50405;none;all;1;2;0.0;5935
60384;all;all;1;2;0.0;7299
61105;all;all;1;2;0.0;7495
63297;all;all;1;2;0.0;7777
63540;all;all;1;2;0.0;7779
655;all;all;1;2;0.0;57
24495;all;all;1;2;0.0;2962
674;all;all;1;2;0.0;57
4964;all;all;1;2;0.0;706
675;all;all;1;2;0.0;57
684;all;all;1;0;0.0;57
14724;all;all;1;0;0.0;1714
20671;all;all;1;0;0.0;2411
24528;all;all;1;0;0.0;2962
30244;all;all;1;0;0.0;3420
32383;all;all;1;0;0.0;3774
34111;all;all;1;0;0.0;4189
52696;all;all;1;0;0.0;6539
54011;none;all;1;0;0.0;6699
57775;all;all;1;0;0.0;7015
61680;none;none;1;0;0.0;7579
705;all;all;1;2;0.0;57
13569;all;all;1;2;0.0;1641
18271;none;all;1;2;0.0;2291
18410;all;none;1;2;0.0;2309
35350;all;all;1;2;0.0;4286
44723;none;all;1;2;0.0;5310
46321;all;all;1;2;0.0;5539
54248;all;all;1;2;0.0;6733
758;all;all;1;2;0.0;57
3799;all;all;1;2;0.0;537
16098;all;all;1;2;0.0;1833
16190;all;all;1;2;0.0;1853
22301;all;all;1;2;0.0;2601
63538;all;all;1;2;0.0;7779
829;all;all;1;2;0.0;58
53814;all;all;1;2;0.0;6658
58997;none;all;1;2;0.0;7096
62357;all;all;1;2;0.0;7697
65228;all;none;1;2;0.0;7976
919;all;all;1;4;0.0;58
47870;all;all;1;4;0.0;5619
920;all;all;1;1;0.0;58
8217;all;all;1;1;0.0;945
12003;all;all;1;1;0.0;1426
22451;all;all;1;1;0.0;2603
23564;all;all;1;1;0.0;2817
29249;all;all;1;1;0.0;3390
30650;all;all;1;1;0.0;3487
38972;all;all;1;1;0.0;4573
58736;all;all;1;1;0.0;7059
60991;all;all;1;1;0.0;7459
948;none;none;1;0;0.0;59
4934;all;all;1;0;0.0;705
9620;all;all;1;0;0.0;1187
11976;all;all;1;0;0.0;1425
15798;all;all;1;0;0.0;1785
26457;none;all;1;0;0.0;3129
37531;all;all;1;0;0.0;4444
57412;all;all;1;0;0.0;6937
958;none;all;1;2;0.0;59
8041;none;all;1;2;0.0;923
23560;all;all;1;2;0.0;2817
24442;all;all;1;2;0.0;2961
37989;all;all;1;2;0.0;4509
60156;all;all;1;2;0.0;7215
993;all;all;1;1;0.0;59
5393;all;all;1;1;0.0;730
1004;all;all;1;0;0.0;59
3980;all;all;1;0;0.0;586
7326;all;all;1;0;0.0;893
7378;all;all;1;0;0.0;897
7506;all;all;1;0;0.0;898
11639;none;none;1;0;0.0;1378
19768;all;all;1;0;0.0;2387
26909;none;all;1;0;0.0;3155
37371;all;all;1;0;0.0;4412
38614;none;all;1;0;0.0;4540
49944;all;all;1;0;0.0;5858
62422;all;none;1;0;0.0;7698
1031;all;all;1;3;0.0;59
3689;all;all;1;3;0.0;489
6615;all;all;1;3;0.0;755
7404;none;all;1;3;0.0;897
8437;all;all;1;3;0.0;947
13112;all;all;1;3;0.0;1547
19220;all;all;1;3;0.0;2385
21606;all;all;1;3;0.0;2554
33162;all;all;1;3;0.0;3966
44683;all;all;1;3;0.0;5309
1045;all;all;1;1;0.0;59
1059;all;all;1;2;0.0;59
32505;all;all;1;2;0.0;3805
35011;all;all;1;2;0.0;4284
44360;all;all;1;2;0.0;5278
56349;all;all;1;2;0.0;6776
58179;none;all;1;2;0.0;7019
65592;all;all;1;2;0.0;8007
1095;all;all;1;1;0.0;64
16490;all;all;1;1;0.0;1894
41430;none;all;1;1;0.0;5005
45400;all;all;1;1;0.0;5382
1098;all;all;1;1;0.0;65
18783;all;all;1;1;0.0;2327
20932;all;all;1;1;0.0;2445
32462;all;all;1;1;0.0;3790
38380;all;none;1;1;0.0;4525
41084;none;all;1;1;0.0;4942
50800;all;all;1;1;0.0;5958
1103;all;all;1;3;0.0;65
28713;all;all;1;3;0.0;3374
37644;all;all;1;3;0.0;4462
1109;all;all;1;0;0.0;66
17762;all;all;1;0;0.0;2158
21806;all;all;1;0;0.0;2565
22691;all;all;1;0;0.0;2614
24694;all;all;1;0;0.0;2973
28051;all;all;1;0;0.0;3311
33044;all;all;1;0;0.0;3917
34604;none;all;1;0;0.0;4237
35868;all;all;1;0;0.0;4300
37465;all;all;1;0;0.0;4429
45682;all;all;1;0;0.0;5422
48463;none;all;1;0;0.0;5637
49787;all;all;1;0;0.0;5835
50805;all;all;1;0;0.0;5959
52231;all;all;1;0;0.0;6436
53467;all;all;1;0;0.0;6629
55848;all;all;1;0;0.0;6757
58229;all;all;1;0;0.0;7035
60037;none;all;1;0;0.0;7158
62550;all;all;1;0;0.0;7715
1180;none;all;1;3;0.0;69
12429;none;none;1;3;0.0;1485
34294;all;all;1;3;0.0;4204
1186;all;all;1;2;0.0;69
1217;all;all;1;0;0.0;69
2514;all;all;1;0;0.0;238
33301;all;all;1;0;0.0;4046
60004;none;all;1;0;0.0;7157
1251;none;none;1;2;0.0;69
15393;all;all;1;2;0.0;1727
23005;all;all;1;2;0.0;2638
50599;all;all;1;2;0.0;5945
56033;all;all;1;2;0.0;6758
1269;all;all;1;2;0.0;69
8075;all;all;1;2;0.0;930
17654;all;all;1;2;0.0;2110
20363;none;all;1;2;0.0;2399
22142;all;all;1;2;0.0;2589
33378;all;all;1;2;0.0;4076
36093;all;all;1;2;0.0;4301
36416;all;all;1;2;0.0;4303
40544;all;all;1;2;0.0;4847
41927;all;none;1;2;0.0;5068
55668;all;none;1;2;0.0;6756
59451;all;all;1;2;0.0;7115
59784;none;all;1;2;0.0;7119
61273;all;all;1;2;0.0;7516
61517;none;all;1;2;0.0;7557
1289;all;all;1;4;0.0;70
19935;all;all;1;4;0.0;2397
33069;all;all;1;4;0.0;3919
1316;all;all;1;2;0.0;70
6291;all;all;1;2;0.0;743
30692;all;all;1;2;0.0;3500
48199;all;all;1;2;0.0;5636
48604;all;all;1;2;0.0;5638
55427;all;all;1;2;0.0;6755
62133;none;none;1;2;0.0;7677
1355;all;all;1;0;0.0;70
1959;all;all;1;0;0.0;143
6697;all;all;1;0;0.0;766
13293;all;none;1;0;0.0;1559
21830;all;all;1;0;0.0;2565
27457;all;all;1;0;0.0;3213
35888;all;all;1;0;0.0;4300
36074;all;all;1;0;0.0;4301
36238;all;none;1;0;0.0;4302
47936;all;all;1;0;0.0;5626
48248;all;all;1;0;0.0;5636
48729;all;none;1;0;0.0;5639
1361;all;all;1;1;0.0;70
1801;all;all;1;1;0.0;117
6065;all;all;1;1;0.0;742
15356;all;all;1;1;0.0;1727
26049;none;all;1;1;0.0;3070
32773;all;all;1;1;0.0;3852
36957;all;all;1;1;0.0;4333
41296;all;all;1;1;0.0;4975
46235;all;all;1;1;0.0;5519
58516;all;all;1;1;0.0;7038
1363;all;all;1;4;0.0;70
19903;all;all;1;4;0.0;2397
23313;all;all;1;4;0.0;2734
26342;all;all;1;4;0.0;3117
39556;all;all;1;4;0.0;4591
1392;none;all;1;0;0.0;70
10656;none;all;1;0;0.0;1318
21797;all;all;1;0;0.0;2565
40159;all;all;1;0;0.0;4742
1407;all;all;1;2;0.0;70
17310;all;all;1;2;0.0;2038
41424;all;all;1;2;0.0;5005
1409;all;all;1;0;0.0;70
13258;all;all;1;0;0.0;1558
26431;all;all;1;0;0.0;3119
32958;all;all;1;0;0.0;3885
61523;all;all;1;0;0.0;7557
1439;all;all;1;2;0.0;71
4719;all;all;1;2;0.0;670
7755;all;all;1;2;0.0;909
8532;none;all;1;2;0.0;951
14365;all;all;1;2;0.0;1702
23087;all;none;1;2;0.0;2662
26729;all;all;1;2;0.0;3143
43909;all;all;1;2;0.0;5228
46967;all;all;1;2;0.0;5597
56771;all;all;1;2;0.0;6799
1452;all;all;1;0;0.0;71
7065;none;all;1;0;0.0;839
31986;all;all;1;0;0.0;3662
39340;none;all;1;0;0.0;4588
64031;all;all;1;0;0.0;7799
65023;all;none;1;0;0.0;7955
1502;all;all;1;1;0.0;71
27017;none;all;1;1;0.0;3165
27970;all;all;1;1;0.0;3309
34632;all;all;1;1;0.0;4239
42110;all;all;1;1;0.0;5071
55994;all;all;1;1;0.0;6758
1518;all;all;1;2;0.0;71
41435;all;all;1;2;0.0;5006
48057;all;all;1;2;0.0;5635
1586;none;all;1;4;0.0;78
44664;all;all;1;4;0.0;5309
54537;all;all;1;4;0.0;6736
63011;all;all;1;4;0.0;7775
1594;all;all;1;1;0.0;81
3367;all;all;1;1;0.0;395
5783;none;all;1;1;0.0;731
18515;all;all;1;1;0.0;2314
24608;all;none;1;1;0.0;2963
45132;all;all;1;1;0.0;5372
45165;all;all;1;1;0.0;5372
56967;all;all;1;1;0.0;6855
63170;all;all;1;1;0.0;7776
1597;all;all;1;3;0.0;81
1620;all;all;1;1;0.0;82
1635;all;all;1;3;0.0;82
1638;all;all;1;2;0.0;82
9347;none;all;1;2;0.0;1115
18992;none;all;1;2;0.0;2362
29113;all;all;1;2;0.0;3389
34199;all;all;1;2;0.0;4191
38932;all;all;1;2;0.0;4572
47796;all;all;1;2;0.0;5619
50406;all;all;1;2;0.0;5936
54484;all;all;1;2;0.0;6736
59254;none;all;1;2;0.0;7098
60556;all;all;1;2;0.0;7339
1666;all;all;1;1;0.0;83
21472;all;all;1;1;0.0;2553
23191;all;all;1;1;0.0;2699
1705;all;all;1;2;0.0;94
1733;all;all;1;2;0.0;95
6174;all;all;1;2;0.0;742
29623;all;all;1;2;0.0;3404
44427;all;all;1;2;0.0;5292
58555;all;all;1;2;0.0;7039
1734;all;all;1;2;0.0;95
10773;all;all;1;2;0.0;1341
38454;all;all;1;2;0.0;4526
56015;none;all;1;2;0.0;6758
1819;all;all;1;0;0.0;118
15874;all;all;1;0;0.0;1797
17953;all;all;1;0;0.0;2231
25685;none;all;1;0;0.0;3023
27668;all;none;1;0;0.0;3239
34763;all;all;1;0;0.0;4268
51634;all;all;1;0;0.0;6195
1828;all;all;1;1;0.0;119
15630;all;all;1;1;0.0;1750
22158;all;all;1;1;0.0;2589
26984;all;all;1;1;0.0;3165
67352;all;none;1;1;0.0;8275
1842;none;all;1;0;0.0;123
8501;all;all;1;0;0.0;947
33348;all;all;1;0;0.0;4062
35046;all;all;1;0;0.0;4284
50112;all;all;1;0;0.0;5895
1846;all;all;1;2;0.0;125
10444;all;all;1;2;0.0;1306
10872;all;all;1;2;0.0;1353
24019;all;all;1;2;0.0;2891
32146;all;all;1;2;0.0;3709
51580;all;all;1;2;0.0;6178
1872;all;all;1;3;0.0;130
18469;all;all;1;3;0.0;2313
1920;all;all;1;2;0.0;141
4137;all;all;1;2;0.0;618
23016;all;all;1;2;0.0;2639
43198;all;all;1;2;0.0;5135
1927;all;all;1;0;0.0;141
36441;all;all;1;0;0.0;4303
1950;all;all;1;0;0.0;142
17936;all;all;1;0;0.0;2230
37054;all;all;1;0;0.0;4335
1963;all;all;1;0;0.0;143
3425;all;all;1;0;0.0;406
23610;none;all;1;0;0.0;2830
37455;all;all;1;0;0.0;4428
56812;all;all;1;0;0.0;6799
1966;all;all;1;1;0.0;143
14296;all;all;1;1;0.0;1701
53669;all;all;1;1;0.0;6638
1980;none;all;1;3;0.0;148
5293;all;all;1;3;0.0;729
53946;none;all;1;3;0.0;6696
2000;none;all;1;1;0.0;153
39112;none;all;1;1;0.0;4574
42566;all;all;1;1;0.0;5117
64998;none;all;1;1;0.0;7939
2044;none;all;1;1;0.0;155
5303;all;all;1;1;0.0;729
43807;all;all;1;1;0.0;5208
2095;none;all;1;1;0.0;166
2944;none;all;1;1;0.0;309
7764;all;all;1;1;0.0;909
8954;all;all;1;1;0.0;982
12828;all;all;1;1;0.0;1510
37164;none;all;1;1;0.0;4358
37778;all;all;1;1;0.0;4495
39361;all;all;1;1;0.0;4589
55295;all;all;1;1;0.0;6748
63796;all;all;1;1;0.0;7796
2103;all;all;1;2;0.0;166
9210;all;all;1;2;0.0;1077
11356;all;all;1;2;0.0;1365
28630;all;all;1;2;0.0;3373
30676;none;all;1;2;0.0;3500
46110;all;all;1;2;0.0;5516
2129;all;all;1;2;0.0;167
16984;all;all;1;2;0.0;1965
23436;none;all;1;2;0.0;2781
31863;all;all;1;2;0.0;3660
37487;all;all;1;2;0.0;4430
56927;all;all;1;2;0.0;6837
2132;all;all;1;2;0.0;167
6090;all;all;1;2;0.0;742
10603;all;all;1;2;0.0;1318
17467;all;all;1;2;0.0;2062
33474;all;all;1;2;0.0;4108
33904;none;all;1;2;0.0;4172
54128;all;all;1;2;0.0;6719
2158;none;none;1;4;0.0;177
4302;all;all;1;4;0.0;635
5448;all;all;1;4;0.0;730
16930;all;all;1;4;0.0;1953
19632;all;all;1;4;0.0;2387
22365;all;all;1;4;0.0;2602
22396;none;all;1;4;0.0;2602
28516;all;all;1;4;0.0;3359
29295;all;all;1;4;0.0;3390
37592;none;all;1;4;0.0;4447
38038;all;all;1;4;0.0;4510
40366;all;all;1;4;0.0;4797
46683;all;all;1;4;0.0;5578
47270;all;all;1;4;0.0;5615
47502;none;all;1;4;0.0;5617
47833;none;all;1;4;0.0;5619
54472;all;all;1;4;0.0;6736
61092;all;all;1;4;0.0;7489
61653;none;none;1;4;0.0;7578
66919;all;all;1;4;0.0;8175
2167;all;all;1;5;0.0;178
28087;none;all;1;5;0.0;3319
45060;all;all;1;5;0.0;5343
54873;all;all;1;5;0.0;6738
63013;all;all;1;5;0.0;7775
2236;all;all;1;3;0.0;196
2240;all;all;1;0;0.0;197
10366;all;all;1;0;0.0;1305
15958;all;all;1;0;0.0;1809
16422;all;all;1;0;0.0;1882
41839;none;all;1;0;0.0;5055
49845;all;all;1;0;0.0;5846
51950;none;all;1;0;0.0;6259
58661;all;all;1;0;0.0;7056
2257;all;all;1;0;0.0;201
4382;none;all;1;0;0.0;651
40139;all;all;1;0;0.0;4735
2262;all;all;1;2;0.0;201
3082;all;all;1;2;0.0;346
6586;all;all;1;2;0.0;755
8263;all;all;1;2;0.0;945
8295;all;all;1;2;0.0;945
9770;all;all;1;2;0.0;1209
10499;all;all;1;2;0.0;1307
11956;none;all;1;2;0.0;1422
13639;all;all;1;2;0.0;1642
15699;all;all;1;2;0.0;1761
19192;all;all;1;2;0.0;2385
22472;all;all;1;2;0.0;2603
28278;all;all;1;2;0.0;3356
38597;all;all;1;2;0.0;4540
40276;none;all;1;2;0.0;4766
40946;none;all;1;2;0.0;4925
47378;none;all;1;2;0.0;5616
52638;none;all;1;2;0.0;6537
57565;all;all;1;2;0.0;6976
61846;all;all;1;2;0.0;7618
65138;all;all;1;2;0.0;7966
2266;all;all;1;2;0.0;201
10902;all;all;1;2;0.0;1353
15708;all;none;1;2;0.0;1762
27771;all;all;1;2;0.0;3274
32371;all;all;1;2;0.0;3773
48859;all;all;1;2;0.0;5658
2280;none;all;1;0;0.0;202
5642;all;all;1;0;0.0;731
7509;all;none;1;0;0.0;898
11950;none;none;1;0;0.0;1419
19629;all;all;1;0;0.0;2386
22476;all;all;1;0;0.0;2603
24482;all;all;1;0;0.0;2962
26545;none;all;1;0;0.0;3130
53781;none;all;1;0;0.0;6656
57440;all;all;1;0;0.0;6939
63199;none;all;1;0;0.0;7776
2293;all;all;1;3;0.0;202
2332;none;all;1;4;0.0;209
29624;all;all;1;4;0.0;3404
31999;none;all;1;4;0.0;3663
48386;all;all;1;4;0.0;5637
2358;all;all;1;1;0.0;213
5876;none;all;1;1;0.0;741
22821;all;none;1;1;0.0;2615
32420;all;all;1;1;0.0;3788
36987;none;all;1;1;0.0;4334
39315;all;all;1;1;0.0;4588
42975;all;all;1;1;0.0;5133
47985;all;all;1;1;0.0;5635
2444;none;all;1;1;0.0;225
2504;all;all;1;2;0.0;237
4321;all;all;1;2;0.0;645
6247;all;all;1;2;0.0;743
6631;none;all;1;2;0.0;765
19974;all;all;1;2;0.0;2397
21893;all;all;1;2;0.0;2566
38559;all;all;1;2;0.0;4527
52058;all;all;1;2;0.0;6316
55822;all;all;1;2;0.0;6757
2561;all;all;1;2;0.0;249
34659;all;all;1;2;0.0;4252
36725;all;all;1;2;0.0;4317
40344;all;all;1;2;0.0;4790
2583;all;all;1;2;0.0;249
12616;all;all;1;2;0.0;1497
13995;all;all;1;2;0.0;1683
49039;all;none;1;2;0.0;5695
50168;all;all;1;2;0.0;5897
53811;all;all;1;2;0.0;6658
64732;none;all;1;2;0.0;7898
2634;none;all;1;2;0.0;250
2678;all;all;1;2;0.0;251
26588;all;all;1;2;0.0;3131
60640;all;all;1;2;0.0;7375
2679;all;all;1;1;0.0;251
5483;all;all;1;1;0.0;730
23431;all;all;1;1;0.0;2771
32629;none;all;1;1;0.0;3836
36705;all;all;1;1;0.0;4317
55255;all;all;1;1;0.0;6739
58952;all;all;1;1;0.0;7095
2695;all;all;1;2;0.0;255
31355;all;all;1;2;0.0;3598
33965;all;all;1;2;0.0;4175
2713;all;all;1;0;0.0;261
6727;all;all;1;0;0.0;766
7860;all;all;1;0;0.0;910
11345;all;all;1;0;0.0;1365
12058;all;all;1;0;0.0;1438
30133;all;all;1;0;0.0;3407
31026;none;all;1;0;0.0;3535
45014;all;all;1;0;0.0;5327
46816;none;all;1;0;0.0;5595
46853;none;none;1;0;0.0;5595
48753;all;all;1;0;0.0;5639
56882;all;all;1;0;0.0;6830
57280;all;all;1;0;0.0;6916
59489;all;all;1;0;0.0;7116
63665;all;none;1;0;0.0;7795
2715;all;none;1;0;0.0;261
2734;all;all;1;2;0.0;261
6346;all;all;1;2;0.0;743
12496;none;all;1;2;0.0;1486
14370;all;all;1;2;0.0;1702
29736;none;all;1;2;0.0;3405
31845;all;all;1;2;0.0;3652
32571;all;all;1;2;0.0;3821
49341;all;all;1;2;0.0;5755
49587;all;all;1;2;0.0;5788
56037;all;all;1;2;0.0;6758
62592;none;all;1;2;0.0;7716
2774;all;all;1;3;0.0;262
4597;all;all;1;3;0.0;663
2849;all;all;1;0;0.0;267
13344;all;all;1;0;0.0;1570
25058;all;none;1;0;0.0;3009
35115;none;all;1;0;0.0;4284
50534;all;all;1;0;0.0;5938
61149;all;all;1;0;0.0;7497
61656;none;none;1;0;0.0;7578
63316;all;all;1;0;0.0;7777
2872;all;all;1;0;0.0;285
12849;none;all;1;0;0.0;1511
18924;all;all;1;0;0.0;2350
22675;all;all;1;0;0.0;2614
25658;all;none;1;0;0.0;3023
48453;none;all;1;0;0.0;5637
58219;all;all;1;0;0.0;7034
60754;all;all;1;0;0.0;7399
2877;all;all;1;2;0.0;286
18949;all;all;1;2;0.0;2351
36589;all;all;1;2;0.0;4303
56062;none;all;1;2;0.0;6759
57053;all;all;1;2;0.0;6867
59393;all;all;1;2;0.0;7110
2885;all;all;1;4;0.0;292
21116;all;all;1;4;0.0;2483
32378;all;all;1;4;0.0;3774
66860;none;all;1;4;0.0;8139
2934;all;all;1;3;0.0;309
5824;all;all;1;3;0.0;737
2968;all;all;1;0;0.0;311
36077;all;all;1;0;0.0;4301
2975;all;all;1;2;0.0;311
30933;all;all;1;2;0.0;3532
45861;all;all;1;2;0.0;5484
46357;all;all;1;2;0.0;5556
52806;all;all;1;2;0.0;6558
2995;all;all;1;1;0.0;322
12281;all;all;1;1;0.0;1472
29473;all;all;1;1;0.0;3391
30851;all;all;1;1;0.0;3518
2996;all;all;1;2;0.0;322
11837;all;all;1;2;0.0;1403
14939;all;all;1;2;0.0;1715
18073;all;all;1;2;0.0;2266
31432;all;all;1;2;0.0;3613
34674;all;all;1;2;0.0;4252
42136;all;all;1;2;0.0;5084
47415;all;all;1;2;0.0;5616
54471;none;all;1;2;0.0;6736
62297;all;none;1;2;0.0;7696
3007;all;all;1;2;0.0;323
8279;all;all;1;2;0.0;945
10108;all;all;1;2;0.0;1258
46583;all;all;1;2;0.0;5576
52902;all;all;1;2;0.0;6576
52985;all;all;1;2;0.0;6579
55044;all;all;1;2;0.0;6738
56305;none;all;1;2;0.0;6775
60542;none;all;1;2;0.0;7337
3016;none;all;1;2;0.0;327
4344;all;all;1;2;0.0;646
20237;all;all;1;2;0.0;2398
29594;all;all;1;2;0.0;3404
3023;all;all;1;1;0.0;333
4659;all;all;1;1;0.0;669
4739;all;all;1;1;0.0;670
40074;all;all;1;1;0.0;4719
3073;all;all;1;4;0.0;345
7336;all;all;1;4;0.0;897
23158;all;all;1;4;0.0;2693
40386;all;all;1;4;0.0;4799
3099;all;all;1;2;0.0;347
50387;all;all;1;2;0.0;5935
3109;all;all;1;1;0.0;347
9813;none;all;1;1;0.0;1211
30887;all;all;1;1;0.0;3519
49980;all;all;1;1;0.0;5859
3139;all;all;1;3;0.0;357
3190;none;all;1;1;0.0;369
55059;all;all;1;1;0.0;6738
3197;all;all;1;0;0.0;369
8491;all;all;1;0;0.0;947
12722;none;all;1;0;0.0;1499
14239;none;all;1;0;0.0;1691
25226;all;all;1;0;0.0;3010
26766;all;none;1;0;0.0;3148
29405;all;all;1;0;0.0;3391
29486;all;all;1;0;0.0;3391
35001;all;all;1;0;0.0;4284
38122;none;all;1;0;0.0;4511
47723;all;all;1;0;0.0;5618
63491;all;all;1;0;0.0;7779
3216;none;all;1;1;0.0;370
14980;all;all;1;1;0.0;1715
3242;none;none;1;2;0.0;381
8169;all;all;1;2;0.0;935
17460;all;all;1;2;0.0;2062
27499;none;all;1;2;0.0;3214
28181;all;all;1;2;0.0;3340
37767;all;all;1;2;0.0;4494
44846;all;all;1;2;0.0;5324
63655;all;all;1;2;0.0;7795
64640;all;none;1;2;0.0;7879
3250;all;all;1;3;0.0;381
3660;none;all;1;3;0.0;477
9125;all;all;1;3;0.0;1053
21284;all;all;1;3;0.0;2518
24264;all;all;1;3;0.0;2927
29869;none;all;1;3;0.0;3405
38579;all;all;1;3;0.0;4527
50085;all;all;1;3;0.0;5879
50683;all;all;1;3;0.0;5956
56620;all;all;1;3;0.0;6795
62871;all;all;1;3;0.0;7755
3256;all;all;1;2;0.0;382
24760;all;all;1;2;0.0;2974
26405;all;all;1;2;0.0;3119
39807;none;all;1;2;0.0;4622
62936;all;none;1;2;0.0;7759
3270;all;all;1;2;0.0;382
11935;all;none;1;2;0.0;1415
12248;all;all;1;2;0.0;1463
23527;all;all;1;2;0.0;2805
24070;none;all;1;2;0.0;2902
36561;all;none;1;2;0.0;4303
39436;all;all;1;2;0.0;4590
54052;all;all;1;2;0.0;6715
59539;all;all;1;2;0.0;7116
3281;all;all;1;4;0.0;383
18790;all;all;1;4;0.0;2327
23780;none;all;1;4;0.0;2855
24204;all;all;1;4;0.0;2925
63956;all;all;1;4;0.0;7798
3317;all;all;1;0;0.0;393
4091;all;all;1;0;0.0;610
24855;none;none;1;0;0.0;2985
25171;all;all;1;0;0.0;3010
32513;all;all;1;0;0.0;3805
33599;all;all;1;0;0.0;4126
58892;all;all;1;0;0.0;7089
59215;all;all;1;0;0.0;7098
63303;all;all;1;0;0.0;7777
3320;all;all;1;0;0.0;393
6531;all;all;1;0;0.0;754
8317;none;all;1;0;0.0;946
29232;all;all;1;0;0.0;3390
46625;all;all;1;0;0.0;5577
54215;all;all;1;0;0.0;6728
61380;all;none;1;0;0.0;7535
67162;all;all;1;0;0.0;8255
3357;none;all;1;0;0.0;395
60526;all;all;1;0;0.0;7336
3363;all;all;1;1;0.0;395
14785;all;all;1;1;0.0;1714
25024;all;none;1;1;0.0;3009
26275;all;all;1;1;0.0;3106
27865;all;all;1;1;0.0;3297
29408;all;all;1;1;0.0;3391
32327;all;all;1;1;0.0;3767
36672;all;all;1;1;0.0;4316
41657;all;all;1;1;0.0;5052
42445;none;all;1;1;0.0;5116
42523;all;all;1;1;0.0;5117
44046;all;all;1;1;0.0;5245
47404;all;all;1;1;0.0;5616
54614;none;all;1;1;0.0;6736
61363;all;none;1;1;0.0;7535
3374;all;all;1;2;0.0;399
3394;all;all;1;2;0.0;405
24714;all;all;1;2;0.0;2974
3484;all;all;1;2;0.0;417
5486;all;all;1;2;0.0;730
5550;all;all;1;2;0.0;730
14192;all;all;1;2;0.0;1691
21581;none;all;1;2;0.0;2554
23342;all;all;1;2;0.0;2745
26758;all;all;1;2;0.0;3147
27134;all;all;1;2;0.0;3177
34949;all;all;1;2;0.0;4284
46242;all;all;1;2;0.0;5529
3520;all;all;1;4;0.0;429
16055;all;all;1;4;0.0;1822
18768;all;all;1;4;0.0;2326
29550;none;all;1;4;0.0;3397
55329;all;all;1;4;0.0;6755
3592;all;all;1;1;0.0;443
20640;all;all;1;1;0.0;2410
28348;none;all;1;1;0.0;3357
30214;all;all;1;1;0.0;3414
40718;all;all;1;1;0.0;4893
50859;all;all;1;1;0.0;5975
50879;none;all;1;1;0.0;5978
54861;all;all;1;1;0.0;6738
3632;none;all;1;0;0.0;465
12597;all;none;1;0;0.0;1497
16959;all;all;1;0;0.0;1954
17070;none;all;1;0;0.0;1979
18209;all;all;1;0;0.0;2284
23114;none;all;1;0;0.0;2674
29261;all;all;1;0;0.0;3390
42183;all;all;1;0;0.0;5087
57739;none;all;1;0;0.0;7010
64438;all;all;1;0;0.0;7857
67140;none;none;1;0;0.0;8250
3667;all;all;1;4;0.0;478
23322;none;all;1;4;0.0;2735
39254;all;all;1;4;0.0;4583
3668;all;all;1;2;0.0;478
7275;all;all;1;2;0.0;886
26040;none;all;1;2;0.0;3069
3698;all;all;1;4;0.0;490
17883;all;all;1;4;0.0;2218
38102;all;all;1;4;0.0;4510
41849;all;none;1;4;0.0;5055
53305;all;all;1;4;0.0;6617
64936;all;all;1;4;0.0;7936
3716;all;all;1;2;0.0;501
40521;all;all;1;2;0.0;4845
3776;all;all;1;1;0.0;526
3786;all;all;1;3;0.0;527
31117;all;all;1;3;0.0;3565
36287;none;all;1;3;0.0;4302
41922;all;none;1;3;0.0;5068
3830;all;all;1;4;0.0;549
32769;all;all;1;4;0.0;3852
36884;all;all;1;4;0.0;4332
3836;all;all;1;1;0.0;550
49686;all;all;1;1;0.0;5798
3845;all;all;1;5;0.0;556
28441;all;all;1;5;0.0;3358
29031;all;all;1;5;0.0;3388
3908;all;all;1;3;0.0;573
11716;none;none;1;3;0.0;1390
15917;all;all;1;3;0.0;1799
16303;all;all;1;3;0.0;1869
24185;all;all;1;3;0.0;2919
39548;all;all;1;3;0.0;4591
39736;all;all;1;3;0.0;4611
49349;all;all;1;3;0.0;5756
53882;all;all;1;3;0.0;6677
61074;all;all;1;3;0.0;7479
3911;none;all;1;2;0.0;573
7966;all;all;1;2;0.0;911
8628;all;all;1;2;0.0;957
12485;all;all;1;2;0.0;1486
12766;all;all;1;2;0.0;1509
13206;all;all;1;2;0.0;1557
17461;all;all;1;2;0.0;2062
20770;all;all;1;2;0.0;2422
24184;all;none;1;2;0.0;2919
27465;all;all;1;2;0.0;3213
34861;none;all;1;2;0.0;4271
35782;all;all;1;2;0.0;4300
35808;all;all;1;2;0.0;4300
37004;all;all;1;2;0.0;4334
39516;all;all;1;2;0.0;4590
41029;all;all;1;2;0.0;4940
46878;none;all;1;2;0.0;5596
48203;all;all;1;2;0.0;5636
49174;all;all;1;2;0.0;5717
51120;all;all;1;2;0.0;6076
57645;all;all;1;2;0.0;6996
59697;all;all;1;2;0.0;7118
60077;none;all;1;2;0.0;7159
60599;all;all;1;2;0.0;7357
61982;all;all;1;2;0.0;7638
62119;none;none;1;2;0.0;7676
62663;all;all;1;2;0.0;7717
3927;all;all;1;0;0.0;574
16771;none;all;1;0;0.0;1918
16905;all;all;1;0;0.0;1941
39767;all;all;1;0;0.0;4620
52240;all;all;1;0;0.0;6438
67413;all;none;1;0;0.0;8277
3935;all;none;1;2;0.0;575
4316;all;all;1;2;0.0;645
11933;all;all;1;2;0.0;1415
28039;all;all;1;2;0.0;3310
30577;none;all;1;2;0.0;3471
3939;all;all;1;1;0.0;575
7900;all;all;1;1;0.0;911
13255;none;all;1;1;0.0;1558
15773;all;all;1;1;0.0;1775
18804;all;all;1;1;0.0;2327
35925;all;all;1;1;0.0;4300
39475;none;all;1;1;0.0;4590
41595;none;none;1;1;0.0;5038
44149;all;none;1;1;0.0;5261
44546;all;all;1;1;0.0;5295
46883;all;all;1;1;0.0;5596
51284;all;all;1;1;0.0;6116
53915;all;all;1;1;0.0;6679
62756;none;all;1;1;0.0;7719
4002;all;all;1;2;0.0;597
13260;all;all;1;2;0.0;1558
23898;none;all;1;2;0.0;2877
55853;all;all;1;2;0.0;6757
4035;all;all;1;2;0.0;599
26735;all;all;1;2;0.0;3143
4042;all;all;1;1;0.0;599
7167;all;all;1;1;0.0;861
9840;all;all;1;1;0.0;1215
23548;all;all;1;1;0.0;2807
29544;all;all;1;1;0.0;3397
32797;none;all;1;1;0.0;3853
34313;none;all;1;1;0.0;4204
49656;none;all;1;1;0.0;5797
64541;all;none;1;1;0.0;7875
4155;all;all;1;1;0.0;621
36090;all;all;1;1;0.0;4301
44575;all;all;1;1;0.0;5295
4159;none;all;1;5;0.0;621
6684;all;all;1;5;0.0;766
13920;all;all;1;5;0.0;1672
34858;all;all;1;5;0.0;4271
40062;all;all;1;5;0.0;4718
4225;all;all;1;4;0.0;633
5289;all;all;1;4;0.0;729
14100;all;all;1;4;0.0;1690
16667;all;all;1;4;0.0;1907
22387;all;all;1;4;0.0;2602
24548;all;all;1;4;0.0;2963
33816;all;all;1;4;0.0;4157
66361;all;all;1;4;0.0;8096
4242;none;all;1;2;0.0;633
5555;all;all;1;2;0.0;730
9762;none;all;1;2;0.0;1209
47501;all;all;1;2;0.0;5617
60632;all;all;1;2;0.0;7368
4257;all;all;1;1;0.0;634
22031;all;all;1;1;0.0;2571
4265;all;all;1;2;0.0;634
10215;none;none;1;2;0.0;1276
43589;all;all;1;2;0.0;5181
64473;all;all;1;2;0.0;7858
4291;all;all;1;2;0.0;635
16108;all;all;1;2;0.0;1833
18831;none;all;1;2;0.0;2331
29111;all;all;1;2;0.0;3389
64521;all;none;1;2;0.0;7859
4299;all;all;1;1;0.0;635
60387;all;all;1;1;0.0;7299
4346;none;all;1;1;0.0;646
12054;all;all;1;1;0.0;1438
67360;all;all;1;1;0.0;8275
4356;none;all;1;1;0.0;647
19911;all;all;1;1;0.0;2397
20372;all;all;1;1;0.0;2399
24073;all;all;1;1;0.0;2902
37448;none;none;1;1;0.0;4428
41936;all;none;1;1;0.0;5068
46338;all;all;1;1;0.0;5555
66698;all;all;1;1;0.0;8117
4380;all;all;1;2;0.0;651
7479;none;all;1;2;0.0;898
11006;all;all;1;2;0.0;1354
24275;none;none;1;2;0.0;2931
25968;none;all;1;2;0.0;3058
29338;all;all;1;2;0.0;3390
33366;all;all;1;2;0.0;4063
41547;none;none;1;2;0.0;5023
49908;none;all;1;2;0.0;5857
4486;all;all;1;5;0.0;658
13881;all;none;1;5;0.0;1666
21232;none;all;1;5;0.0;2506
22071;all;all;1;5;0.0;2577
30297;all;all;1;5;0.0;3423
60992;all;all;1;5;0.0;7459
62052;none;none;1;5;0.0;7657
63121;all;none;1;5;0.0;7776
67174;none;all;1;5;0.0;8255
4488;all;all;1;0;0.0;658
16201;all;all;1;0;0.0;1857
20553;all;all;1;0;0.0;2409
23503;all;none;1;0;0.0;2795
23676;all;all;1;0;0.0;2842
24008;all;all;1;0;0.0;2890
47284;all;all;1;0;0.0;5615
59874;none;all;1;0;0.0;7137
4508;all;all;1;3;0.0;658
5007;all;all;1;3;0.0;707
11988;all;all;1;3;0.0;1426
28491;all;all;1;3;0.0;3359
30878;all;all;1;3;0.0;3519
41510;none;none;1;3;0.0;5021
53789;all;all;1;3;0.0;6657
64492;all;all;1;3;0.0;7858
65223;none;all;1;3;0.0;7976
4512;all;all;1;2;0.0;658
60668;all;all;1;2;0.0;7377
4519;all;all;1;3;0.0;658
55217;none;all;1;3;0.0;6739
66961;all;all;1;3;0.0;8179
4545;all;all;1;2;0.0;659
5609;all;all;1;2;0.0;731
32155;none;all;1;2;0.0;3710
62250;all;all;1;2;0.0;7695
4563;all;all;1;3;0.0;659
21590;all;all;1;3;0.0;2554
4577;all;all;1;3;0.0;659
6473;all;all;1;3;0.0;753
14062;all;all;1;3;0.0;1689
28884;all;all;1;3;0.0;3383
30492;none;all;1;3;0.0;3455
31221;all;all;1;3;0.0;3582
47344;all;all;1;3;0.0;5616
4613;all;all;1;0;0.0;669
37085;all;all;1;0;0.0;4335
48307;all;all;1;0;0.0;5637
4625;all;all;1;0;0.0;669
6047;all;all;1;0;0.0;742
10184;all;none;1;0;0.0;1270
12761;all;all;1;0;0.0;1509
23381;all;all;1;0;0.0;2758
24238;none;all;1;0;0.0;2926
31561;all;all;1;0;0.0;3629
32818;all;all;1;0;0.0;3854
36044;all;all;1;0;0.0;4301
43891;all;all;1;0;0.0;5221
44523;none;all;1;0;0.0;5294
46175;all;all;1;0;0.0;5518
65058;none;all;1;0;0.0;7956
4635;all;all;1;3;0.0;669
13175;all;all;1;3;0.0;1557
15071;all;all;1;3;0.0;1725
4657;all;all;1;0;0.0;669
11481;all;all;1;0;0.0;1366
13923;all;none;1;0;0.0;1674
17217;all;all;1;0;0.0;2014
22750;all;all;1;0;0.0;2615
29775;all;all;1;0;0.0;3405
55359;all;all;1;0;0.0;6755
4663;all;all;1;1;0.0;669
16510;all;all;1;1;0.0;1895
23379;all;all;1;1;0.0;2757
25695;all;all;1;1;0.0;3023
31881;none;all;1;1;0.0;3660
60215;all;all;1;1;0.0;7238
4711;all;all;1;4;0.0;670
22667;all;all;1;4;0.0;2614
30087;none;all;1;4;0.0;3407
35886;none;all;1;4;0.0;4300
36459;all;all;1;4;0.0;4303
39330;all;all;1;4;0.0;4588
51293;all;all;1;4;0.0;6116
56573;all;all;1;4;0.0;6795
4713;all;none;1;2;0.0;670
11274;all;all;1;2;0.0;1365
16516;all;all;1;2;0.0;1895
20766;all;all;1;2;0.0;2422
36533;none;all;1;2;0.0;4303
39297;all;all;1;2;0.0;4588
43709;all;all;1;2;0.0;5197
48391;all;all;1;2;0.0;5637
63749;all;none;1;2;0.0;7796
66567;none;all;1;2;0.0;8115
4750;all;all;1;0;0.0;671
20852;all;all;1;0;0.0;2423
21802;all;all;1;0;0.0;2565
28746;none;all;1;0;0.0;3374
30910;none;all;1;0;0.0;3532
42881;all;all;1;0;0.0;5132
56708;all;all;1;0;0.0;6797
57334;none;all;1;0;0.0;6919
59398;none;all;1;0;0.0;7115
67390;all;all;1;0;0.0;8276
4798;all;all;1;3;0.0;671
46798;all;all;1;3;0.0;5586
61259;none;all;1;3;0.0;7516
4852;all;all;1;1;0.0;682
9613;all;all;1;1;0.0;1186
21608;all;all;1;1;0.0;2554
22046;all;all;1;1;0.0;2577
28935;all;all;1;1;0.0;3388
34007;all;all;1;1;0.0;4188
35027;all;all;1;1;0.0;4284
51227;all;all;1;1;0.0;6098
61186;all;all;1;1;0.0;7498
62433;all;all;1;1;0.0;7698
66397;all;none;1;1;0.0;8097
4904;all;all;1;1;0.0;694
9035;all;all;1;1;0.0;1007
36966;all;all;1;1;0.0;4333
62506;all;all;1;1;0.0;7709
4918;all;all;1;0;0.0;695
7665;all;all;1;0;0.0;904
4949;all;all;1;2;0.0;705
4972;all;all;1;2;0.0;706
45849;none;all;1;2;0.0;5471
47333;all;all;1;2;0.0;5615
4987;all;all;1;0;0.0;706
65798;all;all;1;0;0.0;8018
4998;all;all;1;3;0.0;707
5013;all;all;1;3;0.0;707
38691;all;all;1;3;0.0;4543
42408;all;all;1;3;0.0;5116
54555;all;all;1;3;0.0;6736
5042;all;none;1;0;0.0;717
11690;none;none;1;0;0.0;1389
23034;all;all;1;0;0.0;2639
37511;all;all;1;0;0.0;4431
56920;all;all;1;0;0.0;6837
5045;all;all;1;2;0.0;717
55866;none;all;1;2;0.0;6757
64250;none;none;1;2;0.0;7835
5155;all;all;1;0;0.0;725
13564;all;all;1;0;0.0;1637
18397;all;all;1;0;0.0;2307
33782;none;all;1;0;0.0;4156
40084;all;all;1;0;0.0;4731
47196;all;all;1;0;0.0;5615
50934;all;all;1;0;0.0;6015
62310;all;none;1;0;0.0;7696
63459;all;all;1;0;0.0;7778
65162;all;none;1;0;0.0;7975
5188;none;all;1;0;0.0;729
9571;all;all;1;0;0.0;1185
10101;all;all;1;0;0.0;1258
19496;all;all;1;0;0.0;2386
19689;all;all;1;0;0.0;2387
25258;all;all;1;0;0.0;3011
25982;all;all;1;0;0.0;3059
26143;all;all;1;0;0.0;3082
28280;all;all;1;0;0.0;3356
38198;all;all;1;0;0.0;4511
42537;all;all;1;0;0.0;5117
43551;all;all;1;0;0.0;5180
49716;all;all;1;0;0.0;5809
56869;all;all;1;0;0.0;6819
58878;all;all;1;0;0.0;7088
64956;all;none;1;0;0.0;7937
67289;all;none;1;0;0.0;8259
5253;all;all;1;2;0.0;729
7239;all;all;1;2;0.0;875
26808;all;all;1;2;0.0;3153
50549;all;all;1;2;0.0;5939
58012;all;all;1;2;0.0;7017
5257;all;all;1;2;0.0;729
13014;all;all;1;2;0.0;1545
40263;all;all;1;2;0.0;4765
63006;all;none;1;2;0.0;7775
5304;all;all;1;2;0.0;729
8890;all;all;1;2;0.0;971
10435;none;all;1;2;0.0;1306
43848;all;all;1;2;0.0;5213
56277;all;all;1;2;0.0;6775
58087;all;all;1;2;0.0;7018
66191;all;all;1;2;0.0;8059
5375;all;all;1;0;0.0;729
19716;all;all;1;0;0.0;2387
5404;all;all;1;1;0.0;730
24431;none;all;1;1;0.0;2961
26565;all;all;1;1;0.0;3131
5407;all;all;1;0;0.0;730
26916;none;all;1;0;0.0;3155
38634;all;all;1;0;0.0;4541
62797;all;none;1;0;0.0;7726
5430;all;all;1;0;0.0;730
7133;all;all;1;0;0.0;851
19635;none;all;1;0;0.0;2387
25293;all;all;1;0;0.0;3011
35381;all;all;1;0;0.0;4286
60088;all;all;1;0;0.0;7167
5442;all;all;1;2;0.0;730
20624;all;all;1;2;0.0;2410
22416;all;all;1;2;0.0;2602
50553;all;all;1;2;0.0;5939
52040;all;all;1;2;0.0;6299
5451;all;all;1;3;0.0;730
19020;all;all;1;3;0.0;2363
5507;all;all;1;5;0.0;730
11676;none;none;1;5;0.0;1379
15971;all;all;1;5;0.0;1809
26793;all;none;1;5;0.0;3153
53824;all;all;1;5;0.0;6659
60773;all;all;1;5;0.0;7415
5521;all;all;1;2;0.0;730
40254;all;all;1;2;0.0;4765
5549;all;all;1;0;0.0;730
27909;none;all;1;0;0.0;3299
34571;all;all;1;0;0.0;4223
60638;none;all;1;0;0.0;7375
64666;all;all;1;0;0.0;7895
5556;all;all;1;2;0.0;730
12717;all;all;1;2;0.0;1499
41505;none;none;1;2;0.0;5021
51213;all;all;1;2;0.0;6097
5679;all;all;1;2;0.0;731
13127;all;all;1;2;0.0;1547
14543;all;all;1;2;0.0;1713
14574;all;all;1;2;0.0;1713
14827;all;all;1;2;0.0;1714
21422;all;all;1;2;0.0;2549
22227;all;all;1;2;0.0;2596
29184;all;all;1;2;0.0;3389
41219;all;all;1;2;0.0;4959
47648;all;all;1;2;0.0;5618
52907;all;all;1;2;0.0;6576
56336;all;all;1;2;0.0;6776
5694;all;all;1;3;0.0;731
8004;all;all;1;3;0.0;921
19335;all;all;1;3;0.0;2385
26510;all;all;1;3;0.0;3130
32613;all;all;1;3;0.0;3829
45170;none;none;1;3;0.0;5372
55055;all;all;1;3;0.0;6738
5719;all;all;1;3;0.0;731
13148;all;all;1;3;0.0;1547
5738;all;all;1;2;0.0;731
14751;all;all;1;2;0.0;1714
34729;all;all;1;2;0.0;4254
57041;all;all;1;2;0.0;6859
67230;all;none;1;2;0.0;8257
5757;all;all;1;2;0.0;731
28155;all;all;1;2;0.0;3327
39612;none;all;1;2;0.0;4598
64185;none;none;1;2;0.0;7818
5795;none;all;1;2;0.0;731
16596;all;all;1;2;0.0;1906
21516;all;all;1;2;0.0;2553
24575;all;all;1;2;0.0;2963
47477;all;all;1;2;0.0;5616
5829;all;all;1;0;0.0;737
8757;all;all;1;0;0.0;959
9080;all;all;1;0;0.0;1031
29674;all;all;1;0;0.0;3404
51137;all;none;1;0;0.0;6078
5877;none;none;1;2;0.0;741
25483;all;all;1;2;0.0;3021
43012;all;all;1;2;0.0;5133
5879;all;all;1;4;0.0;741
29557;all;all;1;4;0.0;3398
34258;all;all;1;4;0.0;4204
59470;all;all;1;4;0.0;7115
5906;all;all;1;5;0.0;741
33754;all;none;1;5;0.0;4143
5921;all;all;1;1;0.0;741
24060;all;all;1;1;0.0;2901
46224;none;all;1;1;0.0;5519
61935;all;all;1;1;0.0;7636
67373;all;all;1;1;0.0;8276
5987;all;all;1;4;0.0;741
40036;all;all;1;4;0.0;4708
44898;all;all;1;4;0.0;5325
6006;all;all;1;2;0.0;741
49365;all;all;1;2;0.0;5757
6009;all;all;1;1;0.0;741
6020;all;all;1;0;0.0;741
18156;all;all;1;0;0.0;2278
29715;all;all;1;0;0.0;3404
30542;all;all;1;0;0.0;3469
33040;all;all;1;0;0.0;3916
42085;all;none;1;0;0.0;5071
48540;none;all;1;0;0.0;5638
64322;none;none;1;0;0.0;7838
6059;all;all;1;0;0.0;742
25479;all;none;1;0;0.0;3021
30684;all;all;1;0;0.0;3500
62768;all;all;1;0;0.0;7719
6080;all;all;1;2;0.0;742
6126;all;all;1;1;0.0;742
65879;none;none;1;1;0.0;8028
6140;all;none;1;1;0.0;742
18755;all;all;1;1;0.0;2326
20128;none;all;1;1;0.0;2398
22200;all;all;1;1;0.0;2591
28653;all;all;1;1;0.0;3373
35826;none;all;1;1;0.0;4300
46351;none;all;1;1;0.0;5555
52234;all;all;1;1;0.0;6437
6179;all;all;1;2;0.0;742
16030;none;none;1;2;0.0;1821
16782;all;all;1;2;0.0;1918
18197;all;all;1;2;0.0;2279
22162;all;all;1;2;0.0;2589
33136;all;all;1;2;0.0;3951
35874;all;all;1;2;0.0;4300
52528;all;all;1;2;0.0;6518
59940;all;all;1;2;0.0;7149
64632;all;all;1;2;0.0;7879
6196;all;all;1;0;0.0;742
9363;all;all;1;0;0.0;1125
15878;all;all;1;0;0.0;1797
23888;all;all;1;0;0.0;2877
41950;all;all;1;0;0.0;5068
44874;all;none;1;0;0.0;5325
47079;all;all;1;0;0.0;5599
48710;all;all;1;0;0.0;5639
6238;all;all;1;0;0.0;742
6241;all;all;1;2;0.0;742
6246;all;all;1;2;0.0;743
6259;all;all;1;3;0.0;743
18756;none;all;1;3;0.0;2326
22760;all;all;1;3;0.0;2615
27733;all;all;1;3;0.0;3262
34474;none;all;1;3;0.0;4207
37168;all;all;1;3;0.0;4364
38745;all;all;1;3;0.0;4557
43188;all;all;1;3;0.0;5134
43491;none;none;1;3;0.0;5166
48425;all;all;1;3;0.0;5637
61027;all;all;1;3;0.0;7476
65568;all;all;1;3;0.0;7999
6261;all;all;1;2;0.0;743
6296;none;all;1;0;0.0;743
12876;none;none;1;0;0.0;1511
25600;none;all;1;0;0.0;3022
40844;none;all;1;0;0.0;4909
44187;all;none;1;0;0.0;5262
46232;all;all;1;0;0.0;5519
48654;all;all;1;0;0.0;5639
6312;none;all;1;4;0.0;743
11487;all;none;1;4;0.0;1366
14254;none;all;1;4;0.0;1696
16719;all;all;1;4;0.0;1917
17845;all;all;1;4;0.0;2206
24730;all;all;1;4;0.0;2974
29901;all;all;1;4;0.0;3406
36134;all;all;1;4;0.0;4301
36413;all;all;1;4;0.0;4303
43742;all;all;1;4;0.0;5198
44435;all;all;1;4;0.0;5292
48974;none;all;1;4;0.0;5678
50665;all;all;1;4;0.0;5956
57283;all;all;1;4;0.0;6917
60433;all;all;1;4;0.0;7316
61577;all;all;1;4;0.0;7559
64067;none;all;1;4;0.0;7799
64597;all;all;1;4;0.0;7877
6371;all;all;1;2;0.0;743
15070;all;all;1;2;0.0;1725
6399;all;none;1;0;0.0;743
15654;all;all;1;0;0.0;1751
22734;all;all;1;0;0.0;2614
23208;all;all;1;0;0.0;2709
58461;all;all;1;0;0.0;7038
60703;none;all;1;0;0.0;7395
60912;all;all;1;0;0.0;7439
65015;all;all;1;0;0.0;7949
66644;all;all;1;0;0.0;8116
6444;all;all;1;4;0.0;747
19559;all;all;1;4;0.0;2386
21453;all;all;1;4;0.0;2553
49458;all;all;1;4;0.0;5775
6445;all;all;1;2;0.0;747
39008;all;all;1;2;0.0;4573
46725;all;all;1;2;0.0;5578
6493;none;all;1;5;0.0;753
57706;all;all;1;5;0.0;7005
6729;all;all;1;0;0.0;766
15262;all;all;1;0;0.0;1726
36012;all;all;1;0;0.0;4301
60862;all;all;1;0;0.0;7436
6745;all;all;1;0;0.0;767
8704;all;all;1;0;0.0;958
12740;all;all;1;0;0.0;1504
33197;all;all;1;0;0.0;3983
57070;all;all;1;0;0.0;6875
6747;all;all;1;2;0.0;767
51141;all;all;1;2;0.0;6078
59471;none;all;1;2;0.0;7115
6788;all;all;1;2;0.0;771
9172;none;all;1;2;0.0;1065
22353;all;all;1;2;0.0;2602
51903;all;all;1;2;0.0;6255
57185;all;all;1;2;0.0;6897
6817;all;all;1;0;0.0;778
31155;all;all;1;0;0.0;3580
32165;all;all;1;0;0.0;3710
6839;all;all;1;3;0.0;789
41387;all;all;1;3;0.0;4998
6866;all;all;1;2;0.0;791
17922;none;all;1;2;0.0;2229
6905;all;all;1;3;0.0;803
8302;all;all;1;3;0.0;945
32696;all;all;1;3;0.0;3838
34919;all;all;1;3;0.0;4279
38874;all;all;1;3;0.0;4572
49734;none;all;1;3;0.0;5816
50204;all;all;1;3;0.0;5898
53342;all;all;1;3;0.0;6618
56278;all;all;1;3;0.0;6775
6948;all;none;1;0;0.0;815
16855;all;all;1;0;0.0;1919
20732;all;all;1;0;0.0;2421
23772;all;all;1;0;0.0;2854
38799;all;all;1;0;0.0;4559
55831;all;all;1;0;0.0;6757
58212;all;all;1;0;0.0;7029
60425;all;none;1;0;0.0;7316
63839;all;all;1;0;0.0;7797
65050;all;all;1;0;0.0;7956
6951;all;all;1;4;0.0;815
21041;all;all;1;4;0.0;2469
54094;all;all;1;4;0.0;6717
6978;none;all;1;2;0.0;825
7037;all;all;1;2;0.0;837
7092;all;all;1;2;0.0;849
7098;all;all;1;0;0.0;849
62796;all;all;1;0;0.0;7725
7147;none;all;1;0;0.0;851
21625;all;all;1;0;0.0;2554
37848;all;all;1;0;0.0;4508
44736;all;all;1;0;0.0;5310
7155;all;all;1;3;0.0;861
23516;none;all;1;3;0.0;2799
29713;all;all;1;3;0.0;3404
50914;all;all;1;3;0.0;5998
7210;all;all;1;2;0.0;873
10095;all;all;1;2;0.0;1258
12009;all;none;1;2;0.0;1427
18888;all;all;1;2;0.0;2339
23163;all;all;1;2;0.0;2697
27136;none;all;1;2;0.0;3177
28949;all;all;1;2;0.0;3388
36763;all;all;1;2;0.0;4318
38949;all;all;1;2;0.0;4572
44627;all;all;1;2;0.0;5308
54500;all;all;1;2;0.0;6736
54726;all;all;1;2;0.0;6737
7243;all;all;1;3;0.0;875
7249;all;all;1;3;0.0;885
15227;all;all;1;3;0.0;1726
42194;all;all;1;3;0.0;5094
7289;none;all;1;2;0.0;887
7338;all;all;1;1;0.0;897
19210;all;all;1;1;0.0;2385
25100;all;all;1;1;0.0;3009
26508;all;all;1;1;0.0;3130
37251;all;all;1;1;0.0;4381
38103;all;all;1;1;0.0;4510
44401;all;all;1;1;0.0;5279
7407;all;all;1;0;0.0;897
10914;all;all;1;0;0.0;1353
12105;all;all;1;0;0.0;1449
14234;none;all;1;0;0.0;1691
19616;none;all;1;0;0.0;2386
34916;all;all;1;0;0.0;4279
40716;none;all;1;0;0.0;4892
40990;all;all;1;0;0.0;4926
7442;all;all;1;2;0.0;898
13696;all;all;1;2;0.0;1643
31195;all;all;1;2;0.0;3581
43863;all;all;1;2;0.0;5214
51222;all;all;1;2;0.0;6098
7485;all;all;1;1;0.0;898
49943;none;all;1;1;0.0;5858
7571;all;all;1;1;0.0;899
22864;all;all;1;1;0.0;2625
39107;all;all;1;1;0.0;4574
57012;all;all;1;1;0.0;6857
60240;all;all;1;1;0.0;7256
7590;all;all;1;1;0.0;899
41794;none;none;1;1;0.0;5054
7603;all;all;1;1;0.0;899
17120;all;all;1;1;0.0;2001
7697;all;all;1;0;0.0;909
13826;all;all;1;0;0.0;1655
26423;none;all;1;0;0.0;3119
63859;all;all;1;0;0.0;7797
65925;none;all;1;0;0.0;8035
66097;all;all;1;0;0.0;8039
66885;all;all;1;0;0.0;8157
7750;all;all;1;1;0.0;909
7879;all;all;1;1;0.0;911
18675;all;all;1;1;0.0;2325
23545;all;all;1;1;0.0;2807
30406;all;all;1;1;0.0;3439
34644;all;all;1;1;0.0;4239
53587;all;all;1;1;0.0;6637
59679;all;all;1;1;0.0;7118
62148;none;none;1;1;0.0;7678
67376;all;none;1;1;0.0;8276
7752;all;all;1;2;0.0;909
16857;all;all;1;2;0.0;1919
48155;all;all;1;2;0.0;5636
49382;all;all;1;2;0.0;5757
58349;all;all;1;2;0.0;7036
60617;all;all;1;2;0.0;7359
7861;all;all;1;0;0.0;910
11476;all;all;1;0;0.0;1366
14418;all;all;1;0;0.0;1703
29734;all;all;1;0;0.0;3404
38408;all;all;1;0;0.0;4526
50711;all;all;1;0;0.0;5957
62548;all;all;1;0;0.0;7715
62921;all;all;1;0;0.0;7758
7921;all;all;1;1;0.0;911
21786;all;all;1;1;0.0;2565
24198;all;all;1;1;0.0;2925
51855;all;all;1;1;0.0;6236
7995;all;all;1;2;0.0;921
37567;all;all;1;2;0.0;4445
46034;all;all;1;2;0.0;5503
50995;all;all;1;2;0.0;6019
57231;none;all;1;2;0.0;6899
8000;all;all;1;1;0.0;921
18050;all;all;1;1;0.0;2265
36673;all;all;1;1;0.0;4316
52662;all;all;1;1;0.0;6538
67208;all;all;1;1;0.0;8256
8022;all;all;1;0;0.0;922
8048;all;all;1;1;0.0;923
41785;all;none;1;1;0.0;5054
46544;all;all;1;1;0.0;5576
8052;all;all;1;0;0.0;923
20694;all;all;1;0;0.0;2411
8063;none;all;1;2;0.0;923
14815;all;all;1;2;0.0;1714
15701;all;all;1;2;0.0;1762
28903;none;all;1;2;0.0;3387
29030;none;all;1;2;0.0;3388
32662;all;all;1;2;0.0;3837
35077;none;all;1;2;0.0;4284
43559;all;none;1;2;0.0;5180
44331;none;all;1;2;0.0;5278
45339;all;all;1;2;0.0;5375
62383;none;all;1;2;0.0;7698
64676;none;all;1;2;0.0;7895
8142;all;all;1;2;0.0;935
8946;all;all;1;2;0.0;982
40674;all;all;1;2;0.0;4879
61039;all;all;1;2;0.0;7477
8164;all;all;1;4;0.0;935
10012;none;none;1;4;0.0;1246
15179;all;all;1;4;0.0;1725
31592;none;all;1;4;0.0;3631
40888;all;all;1;4;0.0;4911
51324;all;all;1;4;0.0;6118
63906;all;all;1;4;0.0;7797
8184;all;all;1;4;0.0;940
14054;all;all;1;4;0.0;1689
30489;none;all;1;4;0.0;3454
48829;all;all;1;4;0.0;5656
8206;all;all;1;2;0.0;945
42315;all;all;1;2;0.0;5111
50984;all;all;1;2;0.0;6019
58106;none;all;1;2;0.0;7019
8283;all;all;1;2;0.0;945
8333;all;all;1;0;0.0;946
38008;all;all;1;0;0.0;4509
38970;none;all;1;0;0.0;4573
58877;all;all;1;0;0.0;7087
66321;none;all;1;0;0.0;8096
8389;all;all;1;0;0.0;946
27614;all;all;1;0;0.0;3225
8469;none;all;1;3;0.0;947
11775;all;all;1;3;0.0;1401
32393;all;all;1;3;0.0;3775
42624;all;none;1;3;0.0;5118
45381;all;all;1;3;0.0;5375
8480;none;all;1;0;0.0;947
19696;all;all;1;0;0.0;2387
8504;all;all;1;0;0.0;947
37893;all;all;1;0;0.0;4508
40026;all;all;1;0;0.0;4703
56294;none;all;1;0;0.0;6775
8559;all;all;1;2;0.0;957
9991;all;all;1;2;0.0;1245
23747;all;all;1;2;0.0;2853
44800;all;all;1;2;0.0;5316
8602;all;all;1;2;0.0;957
33390;all;all;1;2;0.0;4077
51745;all;all;1;2;0.0;6199
60860;all;all;1;2;0.0;7436
64284;none;none;1;2;0.0;7836
8606;none;all;1;3;0.0;957
51991;all;all;1;3;0.0;6278
8619;all;all;1;2;0.0;957
8696;all;all;1;2;0.0;958
39845;none;all;1;2;0.0;4623
50237;all;all;1;2;0.0;5915
51632;none;all;1;2;0.0;6195
55548;all;all;1;2;0.0;6756
8718;all;all;1;1;0.0;959
12547;none;all;1;1;0.0;1487
18718;none;all;1;1;0.0;2326
20117;all;all;1;1;0.0;2398
22602;all;all;1;1;0.0;2613
39350;none;all;1;1;0.0;4589
55416;all;all;1;1;0.0;6755
59416;none;all;1;1;0.0;7115
63953;all;none;1;1;0.0;7798
8729;all;all;1;2;0.0;959
23312;all;all;1;2;0.0;2734
24829;all;all;1;2;0.0;2975
28588;none;all;1;2;0.0;3372
31095;all;all;1;2;0.0;3562
36585;all;none;1;2;0.0;4303
39833;all;all;1;2;0.0;4623
43467;none;none;1;2;0.0;5165
46934;all;all;1;2;0.0;5597
48980;all;all;1;2;0.0;5678
55321;all;all;1;2;0.0;6752
8806;all;all;1;0;0.0;964
14844;all;all;1;0;0.0;1715
26110;all;all;1;0;0.0;3081
26533;all;all;1;0;0.0;3130
32916;all;all;1;0;0.0;3870
45250;none;all;1;0;0.0;5373
46016;all;all;1;0;0.0;5502
61879;all;all;1;0;0.0;7619
63453;all;all;1;0;0.0;7778
65283;all;all;1;0;0.0;7977
9034;all;all;1;2;0.0;1007
31112;all;all;1;2;0.0;3565
9042;all;all;1;1;0.0;1017
16585;all;all;1;1;0.0;1905
46496;none;all;1;1;0.0;5575
66964;all;all;1;1;0.0;8179
9070;all;all;1;0;0.0;1030
29839;all;all;1;0;0.0;3405
30331;all;all;1;0;0.0;3436
56624;all;all;1;0;0.0;6796
58252;none;all;1;0;0.0;7035
9098;all;all;1;4;0.0;1041
19319;all;all;1;4;0.0;2385
26858;all;none;1;4;0.0;3154
33981;all;all;1;4;0.0;4180
48801;all;all;1;4;0.0;5655
9153;all;all;1;2;0.0;1055
42068;all;all;1;2;0.0;5070
52523;all;all;1;2;0.0;6517
9175;none;all;1;3;0.0;1066
29527;all;all;1;3;0.0;3391
31672;none;all;1;3;0.0;3644
34678;all;all;1;3;0.0;4252
62190;all;all;1;3;0.0;7687
9184;all;all;1;1;0.0;1066
9225;all;all;1;2;0.0;1078
20768;all;all;1;2;0.0;2422
9306;none;all;1;0;0.0;1103
20112;all;all;1;0;0.0;2398
30579;all;all;1;0;0.0;3471
40632;all;all;1;0;0.0;4872
42911;all;all;1;0;0.0;5132
64088;all;all;1;0;0.0;7799
9321;none;all;1;5;0.0;1113
9351;all;all;1;1;0.0;1120
9360;all;all;1;1;0.0;1125
15386;all;all;1;1;0.0;1727
28020;none;all;1;1;0.0;3310
48940;all;all;1;1;0.0;5676
9364;all;all;1;1;0.0;1125
30700;none;all;1;1;0.0;3501
57238;none;all;1;1;0.0;6905
67329;none;none;1;1;0.0;8271
9385;all;all;1;2;0.0;1127
28079;all;all;1;2;0.0;3311
28200;none;all;1;2;0.0;3341
33413;none;all;1;2;0.0;4079
41955;all;all;1;2;0.0;5068
45449;all;none;1;2;0.0;5388
51122;none;all;1;2;0.0;6076
9393;all;all;1;2;0.0;1127
30083;all;all;1;2;0.0;3407
39250;all;all;1;2;0.0;4582
48909;all;all;1;2;0.0;5675
9428;all;all;1;3;0.0;1139
12295;all;all;1;3;0.0;1473
36774;all;all;1;3;0.0;4318
41674;all;all;1;3;0.0;5052
58085;all;all;1;3;0.0;7018
62183;all;none;1;3;0.0;7686
9484;all;all;1;1;0.0;1161
34110;none;all;1;1;0.0;4189
51609;all;all;1;1;0.0;6179
61384;all;all;1;1;0.0;7536
62040;none;none;1;1;0.0;7656
9491;none;all;1;2;0.0;1162
44589;all;all;1;2;0.0;5302
65198;all;all;1;2;0.0;7975
9500;all;all;1;0;0.0;1162
28244;all;all;1;0;0.0;3348
29384;all;all;1;0;0.0;3391
9503;all;all;1;3;0.0;1163
35245;all;all;1;3;0.0;4285
57189;all;all;1;3;0.0;6897
9506;all;all;1;2;0.0;1163
14106;none;all;1;2;0.0;1690
24299;none;none;1;2;0.0;2937
29133;none;all;1;2;0.0;3389
32648;all;all;1;2;0.0;3836
51102;all;all;1;2;0.0;6059
54153;all;all;1;2;0.0;6725
63345;all;all;1;2;0.0;7777
9517;all;all;1;0;0.0;1169
33503;all;all;1;0;0.0;4110
39961;all;all;1;0;0.0;4685
51703;all;all;1;0;0.0;6197
59776;all;all;1;0;0.0;7119
9528;all;all;1;2;0.0;1173
13187;all;all;1;2;0.0;1557
13748;all;all;1;2;0.0;1653
15293;all;all;1;2;0.0;1726
17746;all;all;1;2;0.0;2157
18127;all;all;1;2;0.0;2277
30020;all;all;1;2;0.0;3406
44576;all;none;1;2;0.0;5295
48935;all;all;1;2;0.0;5676
51675;all;none;1;2;0.0;6196
63727;all;none;1;2;0.0;7796
9556;all;all;1;2;0.0;1175
25834;none;none;1;2;0.0;3045
37467;all;all;1;2;0.0;4429
66071;all;none;1;2;0.0;8038
9618;all;all;1;3;0.0;1186
9622;all;all;1;0;0.0;1187
28304;all;all;1;0;0.0;3356
9651;none;all;1;3;0.0;1195
11492;all;none;1;3;0.0;1367
9752;all;all;1;1;0.0;1208
17067;all;all;1;1;0.0;1979
58152;all;all;1;1;0.0;7019
9781;all;all;1;4;0.0;1209
50994;none;all;1;4;0.0;6019
9803;all;none;1;4;0.0;1210
10256;none;none;1;4;0.0;1283
16673;none;all;1;4;0.0;1907
26512;all;all;1;4;0.0;3130
47148;all;all;1;4;0.0;5607
66804;all;all;1;4;0.0;8135
9817;none;none;1;5;0.0;1211
10114;none;all;1;5;0.0;1259
16933;all;all;1;5;0.0;1953
31213;all;all;1;5;0.0;3581
34148;all;all;1;5;0.0;4190
42547;all;all;1;5;0.0;5117
44305;all;all;1;5;0.0;5277
53453;all;all;1;5;0.0;6619
62423;all;all;1;5;0.0;7698
9850;all;all;1;3;0.0;1221
20232;all;none;1;3;0.0;2398
22983;all;all;1;3;0.0;2638
27794;none;none;1;3;0.0;3285
44436;all;none;1;3;0.0;5292
45529;none;all;1;3;0.0;5390
56777;all;none;1;3;0.0;6799
9854;all;none;1;0;0.0;1221
9860;all;all;1;0;0.0;1221
64000;all;all;1;0;0.0;7798
9904;all;all;1;2;0.0;1223
22608;all;all;1;2;0.0;2613
57466;all;all;1;2;0.0;6954
9934;all;all;1;0;0.0;1233
37393;all;all;1;0;0.0;4413
65361;all;none;1;0;0.0;7979
9953;all;all;1;2;0.0;1234
17675;all;all;1;2;0.0;2122
57204;all;all;1;2;0.0;6898
9958;none;all;1;1;0.0;1235
19693;all;all;1;1;0.0;2387
28458;all;all;1;1;0.0;3358
38077;none;all;1;1;0.0;4510
52088;all;all;1;1;0.0;6335
57612;none;all;1;1;0.0;6979
58045;all;all;1;1;0.0;7018
62830;all;all;1;1;0.0;7737
63428;all;all;1;1;0.0;7778
66913;all;none;1;1;0.0;8175
9979;all;all;1;3;0.0;1241
16728;all;all;1;3;0.0;1917
30186;all;all;1;3;0.0;3407
36904;all;all;1;3;0.0;4332
44925;all;all;1;3;0.0;5326
10002;all;all;1;1;0.0;1245
17704;all;all;1;1;0.0;2134
25578;all;all;1;1;0.0;3022
29626;all;all;1;1;0.0;3404
34289;all;none;1;1;0.0;4204
39478;none;all;1;1;0.0;4590
44171;all;all;1;1;0.0;5261
50714;all;all;1;1;0.0;5957
52805;all;all;1;1;0.0;6558
64786;all;all;1;1;0.0;7915
10025;all;all;1;4;0.0;1246
44475;all;all;1;4;0.0;5293
10152;all;none;1;0;0.0;1269
51843;all;all;1;0;0.0;6235
61252;all;all;1;0;0.0;7515
10167;all;all;1;3;0.0;1269
13446;all;all;1;3;0.0;1605
28037;all;all;1;3;0.0;3310
37332;all;all;1;3;0.0;4397
10197;none;all;1;5;0.0;1271
14361;all;all;1;5;0.0;1702
44145;all;all;1;5;0.0;5261
65548;all;all;1;5;0.0;7999
10248;none;none;1;2;0.0;1282
10261;none;none;1;3;0.0;1283
50420;all;all;1;3;0.0;5936
54885;none;all;1;3;0.0;6738
10283;none;none;1;0;0.0;1293
16904;all;all;1;0;0.0;1941
31291;none;all;1;0;0.0;3596
34823;all;all;1;0;0.0;4270
44407;all;all;1;0;0.0;5284
50761;all;all;1;0;0.0;5958
55879;all;all;1;0;0.0;6758
10284;none;none;1;2;0.0;1294
49391;none;all;1;2;0.0;5758
10324;all;all;1;1;0.0;1301
18849;all;all;1;1;0.0;2337
40092;all;all;1;1;0.0;4732
66169;all;all;1;1;0.0;8056
10346;all;all;1;0;0.0;1305
13908;all;all;1;0;0.0;1667
19003;all;all;1;0;0.0;2362
19214;none;all;1;0;0.0;2385
32339;none;all;1;0;0.0;3772
37865;all;all;1;0;0.0;4508
39203;none;all;1;0;0.0;4575
40587;none;all;1;0;0.0;4861
10426;all;all;1;2;0.0;1306
21609;all;all;1;2;0.0;2554
45175;all;all;1;2;0.0;5372
10461;all;all;1;2;0.0;1307
24506;all;all;1;2;0.0;2962
35652;all;all;1;2;0.0;4287
52163;none;all;1;2;0.0;6378
10577;all;all;1;2;0.0;1317
13945;all;all;1;2;0.0;1677
36455;all;all;1;2;0.0;4303
10590;all;all;1;2;0.0;1317
11730;none;none;1;2;0.0;1390
21170;all;all;1;2;0.0;2494
23542;all;all;1;2;0.0;2807
24352;none;none;1;2;0.0;2949
38526;all;all;1;2;0.0;4527
64282;none;none;1;2;0.0;7836
10698;all;none;1;2;0.0;1319
25419;all;all;1;2;0.0;3021
10700;all;all;1;2;0.0;1319
10713;none;all;1;0;0.0;1319
49172;all;all;1;0;0.0;5717
10722;all;all;1;0;0.0;1329
25006;none;none;1;0;0.0;3009
46674;all;all;1;0;0.0;5578
10746;all;all;1;4;0.0;1331
12977;all;all;1;4;0.0;1541
56475;all;all;1;4;0.0;6778
10747;none;all;1;1;0.0;1331
20621;all;all;1;1;0.0;2410
62081;none;none;1;1;0.0;7659
10803;all;all;1;0;0.0;1343
10810;none;all;1;2;0.0;1343
45675;all;all;1;2;0.0;5421
10824;all;all;1;1;0.0;1347
10858;all;all;1;0;0.0;1352
10877;all;all;1;3;0.0;1353
16525;all;all;1;3;0.0;1899
42671;all;none;1;3;0.0;5118
54416;all;all;1;3;0.0;6735
61142;all;all;1;3;0.0;7496
10888;none;all;1;2;0.0;1353
47538;all;all;1;2;0.0;5617
10905;all;all;1;1;0.0;1353
28902;all;all;1;1;0.0;3386
33756;all;all;1;1;0.0;4148
36636;all;none;1;1;0.0;4316
37868;all;all;1;1;0.0;4508
51198;all;all;1;1;0.0;6096
10945;all;none;1;0;0.0;1353
50586;all;all;1;0;0.0;5939
10967;none;all;1;1;0.0;1353
17785;all;all;1;1;0.0;2171
22851;all;all;1;1;0.0;2625
33802;all;all;1;1;0.0;4157
34155;all;all;1;1;0.0;4190
34541;all;all;1;1;0.0;4221
35419;all;all;1;1;0.0;4286
41317;all;all;1;1;0.0;4988
42472;all;none;1;1;0.0;5117
42497;all;none;1;1;0.0;5117
47669;all;all;1;1;0.0;5618
49273;all;all;1;1;0.0;5737
50458;all;all;1;1;0.0;5937
53442;none;all;1;1;0.0;6619
54519;all;all;1;1;0.0;6736
58669;all;all;1;1;0.0;7056
10994;all;all;1;3;0.0;1354
12287;all;none;1;3;0.0;1473
26898;all;all;1;3;0.0;3155
31271;all;all;1;3;0.0;3583
37963;none;all;1;3;0.0;4509
42773;all;all;1;3;0.0;5119
58095;all;all;1;3;0.0;7018
11011;all;all;1;1;0.0;1354
22238;all;all;1;1;0.0;2597
47309;all;all;1;1;0.0;5615
11066;all;all;1;2;0.0;1354
44618;none;all;1;2;0.0;5308
11110;none;all;1;0;0.0;1354
63524;all;all;1;0;0.0;7779
11155;all;all;1;1;0.0;1355
35279;all;all;1;1;0.0;4285
11230;all;all;1;1;0.0;1355
14530;none;all;1;1;0.0;1713
28922;all;all;1;1;0.0;3388
37438;none;all;1;1;0.0;4415
42590;all;all;1;1;0.0;5118
54745;all;all;1;1;0.0;6737
11235;none;all;1;1;0.0;1355
42466;none;all;1;1;0.0;5117
49779;all;all;1;1;0.0;5819
11252;all;all;1;2;0.0;1360
43914;none;all;1;2;0.0;5228
49598;all;all;1;2;0.0;5795
52746;all;all;1;2;0.0;6556
11256;all;none;1;3;0.0;1361
46971;all;all;1;3;0.0;5597
11319;all;all;1;0;0.0;1365
17439;all;all;1;0;0.0;2061
39446;none;none;1;0;0.0;4590
11388;all;none;1;0;0.0;1366
11916;all;all;1;0;0.0;1414
19037;all;none;1;0;0.0;2371
22163;all;all;1;0;0.0;2589
24740;all;all;1;0;0.0;2974
26332;all;none;1;0;0.0;3116
35867;all;all;1;0;0.0;4300
36087;all;all;1;0;0.0;4301
36126;all;all;1;0;0.0;4301
48611;all;all;1;0;0.0;5638
59711;all;all;1;0;0.0;7118
60590;all;all;1;0;0.0;7356
63643;all;all;1;0;0.0;7795
66900;all;all;1;0;0.0;8159
67466;all;none;1;0;0.0;8279
11456;all;all;1;2;0.0;1366
15511;all;all;1;2;0.0;1727
48185;all;all;1;2;0.0;5636
67100;all;all;1;2;0.0;8237
11457;all;all;1;4;0.0;1366
25525;none;all;1;4;0.0;3022
11559;all;all;1;1;0.0;1367
41924;all;all;1;1;0.0;5068
11657;none;none;1;2;0.0;1378
13599;all;all;1;2;0.0;1641
24175;all;all;1;2;0.0;2915
11750;none;none;1;0;0.0;1391
15503;all;all;1;0;0.0;1727
25518;none;all;1;0;0.0;3022
36388;all;all;1;0;0.0;4302
39983;all;all;1;0;0.0;4687
42834;all;all;1;0;0.0;5126
45883;all;none;1;0;0.0;5487
56732;all;all;1;0;0.0;6798
57509;all;all;1;0;0.0;6958
11824;all;all;1;0;0.0;1403
33611;all;all;1;0;0.0;4126
59203;all;all;1;0;0.0;7098
64187;none;none;1;0;0.0;7818
11869;all;all;1;0;0.0;1413
12075;all;all;1;0;0.0;1439
24923;all;all;1;0;0.0;2999
39351;all;all;1;0;0.0;4589
46334;all;all;1;0;0.0;5548
53700;all;all;1;0;0.0;6639
11899;all;all;1;0;0.0;1414
11953;all;all;1;0;0.0;1420
16264;all;all;1;0;0.0;1859
34959;all;all;1;0;0.0;4284
51243;none;all;1;0;0.0;6099
62439;all;all;1;0;0.0;7699
12017;all;none;1;2;0.0;1427
36741;all;all;1;2;0.0;4318
58672;all;all;1;2;0.0;7056
12026;all;all;1;5;0.0;1427
12037;none;all;1;0;0.0;1437
30745;none;all;1;0;0.0;3503
12103;all;none;1;2;0.0;1449
12135;none;all;1;0;0.0;1450
33078;none;all;1;0;0.0;3931
37247;all;all;1;0;0.0;4381
49931;all;all;1;0;0.0;5858
12182;all;all;1;0;0.0;1461
13762;all;all;1;0;0.0;1653
13844;all;all;1;0;0.0;1655
18672;all;all;1;0;0.0;2325
19058;all;all;1;0;0.0;2373
20472;none;all;1;0;0.0;2399
29785;all;all;1;0;0.0;3405
29905;all;all;1;0;0.0;3406
38482;none;all;1;0;0.0;4526
50723;all;all;1;0;0.0;5957
12246;none;none;1;2;0.0;1463
26691;all;all;1;2;0.0;3142
45795;all;none;1;2;0.0;5455
12267;all;all;1;0;0.0;1467
19815;all;all;1;0;0.0;2387
24309;none;none;1;0;0.0;2938
26149;all;all;1;0;0.0;3083
29476;none;all;1;0;0.0;3391
60661;all;all;1;0;0.0;7377
12275;all;all;1;1;0.0;1469
15692;all;all;1;1;0.0;1761
30309;none;all;1;1;0.0;3423
39096;all;all;1;1;0.0;4574
66280;all;all;1;1;0.0;8095
12300;all;all;1;0;0.0;1473
57452;all;all;1;0;0.0;6939
66497;all;none;1;0;0.0;8099
12309;all;all;1;2;0.0;1473
28912;all;all;1;2;0.0;3388
12320;all;none;1;0;0.0;1473
33533;all;all;1;0;0.0;4119
48791;none;all;1;0;0.0;5646
12342;all;all;1;2;0.0;1474
12357;all;all;1;1;0.0;1474
14759;all;all;1;1;0.0;1714
32264;all;all;1;1;0.0;3742
12402;all;all;1;1;0.0;1475
12403;all;none;1;0;0.0;1475
27629;all;all;1;0;0.0;3227
28989;all;all;1;0;0.0;3388
38912;all;all;1;0;0.0;4572
40719;all;all;1;0;0.0;4893
47916;none;all;1;0;0.0;5619
49884;all;all;1;0;0.0;5856
54929;all;all;1;0;0.0;6738
63371;none;all;1;0;0.0;7778
12405;all;all;1;2;0.0;1475
24011;all;all;1;2;0.0;2890
12483;all;all;1;3;0.0;1486
18771;all;all;1;3;0.0;2326
29665;all;all;1;3;0.0;3404
53846;all;all;1;3;0.0;6675
12499;all;all;1;1;0.0;1486
18814;all;all;1;1;0.0;2327
12566;none;all;1;1;0.0;1493
12739;all;none;1;2;0.0;1504
50776;all;all;1;2;0.0;5958
12769;all;all;1;2;0.0;1509
62535;all;none;1;2;0.0;7715
66712;all;all;1;2;0.0;8118
12791;all;all;1;2;0.0;1509
13815;all;all;1;2;0.0;1655
21146;all;all;1;2;0.0;2493
34441;all;all;1;2;0.0;4207
39458;all;all;1;2;0.0;4590
46836;all;all;1;2;0.0;5595
46984;all;all;1;2;0.0;5597
49626;all;all;1;2;0.0;5796
50066;all;all;1;2;0.0;5878
55826;all;all;1;2;0.0;6757
58824;all;all;1;2;0.0;7078
66673;all;all;1;2;0.0;8117
12802;all;none;1;1;0.0;1510
18132;all;all;1;1;0.0;2277
12844;all;all;1;0;0.0;1510
23400;all;all;1;0;0.0;2759
25868;none;none;1;0;0.0;3046
12938;all;all;1;2;0.0;1533
12957;all;none;1;2;0.0;1535
14993;all;all;1;2;0.0;1719
42211;all;all;1;2;0.0;5100
62662;all;all;1;2;0.0;7717
13056;all;none;1;2;0.0;1546
21460;all;all;1;2;0.0;2553
59142;all;all;1;2;0.0;7097
60931;none;all;1;2;0.0;7455
63000;all;all;1;2;0.0;7773
65352;all;all;1;2;0.0;7979
13059;none;none;1;3;0.0;1546
41491;none;none;1;3;0.0;5020
42772;all;all;1;3;0.0;5119
13143;all;all;1;2;0.0;1547
29264;all;all;1;2;0.0;3390
57831;all;all;1;2;0.0;7015
13163;all;all;1;0;0.0;1553
55570;all;all;1;0;0.0;6756
55636;none;all;1;0;0.0;6756
13182;all;none;1;2;0.0;1557
13215;all;all;1;2;0.0;1557
25883;none;none;1;2;0.0;3047
26044;all;all;1;2;0.0;3070
13277;all;all;1;1;0.0;1559
13737;all;all;1;1;0.0;1653
21261;all;all;1;1;0.0;2517
27092;all;none;1;1;0.0;3167
52060;all;all;1;1;0.0;6317
58559;all;all;1;1;0.0;7039
65012;all;all;1;1;0.0;7948
13290;all;none;1;1;0.0;1559
15210;none;all;1;1;0.0;1726
34298;all;all;1;1;0.0;4204
13379;all;all;1;3;0.0;1581
15499;all;all;1;3;0.0;1727
30523;all;all;1;3;0.0;3468
50732;all;all;1;3;0.0;5957
13400;all;all;1;0;0.0;1583
35906;all;all;1;0;0.0;4300
43072;all;all;1;0;0.0;5133
44440;all;all;1;0;0.0;5292
13477;all;all;1;1;0.0;1617
39181;all;all;1;1;0.0;4575
13503;all;all;1;1;0.0;1619
30247;all;all;1;1;0.0;3421
41720;all;all;1;1;0.0;5053
58144;all;all;1;1;0.0;7019
13529;all;all;1;2;0.0;1630
57081;none;all;1;2;0.0;6876
13573;none;all;1;0;0.0;1641
34519;none;all;1;0;0.0;4220
39133;none;all;1;0;0.0;4574
49041;none;all;1;0;0.0;5695
13580;all;all;1;2;0.0;1641
29196;all;all;1;2;0.0;3389
30471;all;all;1;2;0.0;3454
38918;none;all;1;2;0.0;4572
42692;all;all;1;2;0.0;5119
46601;all;all;1;2;0.0;5577
47342;all;all;1;2;0.0;5616
63089;none;all;1;2;0.0;7775
13624;all;all;1;2;0.0;1642
15697;all;all;1;2;0.0;1761
63175;all;all;1;2;0.0;7776
13664;all;all;1;2;0.0;1642
13711;all;all;1;5;0.0;1643
60954;all;all;1;5;0.0;7457
13761;all;all;1;1;0.0;1653
66016;all;all;1;1;0.0;8037
13782;all;all;1;2;0.0;1654
34479;none;none;1;2;0.0;4207
37078;all;all;1;2;0.0;4335
40185;all;all;1;2;0.0;4749
44554;all;none;1;2;0.0;5295
48016;all;all;1;2;0.0;5635
13822;all;all;1;3;0.0;1655
13898;all;all;1;3;0.0;1666
25926;all;all;1;3;0.0;3057
32148;none;all;1;3;0.0;3709
45707;all;all;1;3;0.0;5436
60958;all;all;1;3;0.0;7457
13912;all;all;1;2;0.0;1667
27213;all;none;1;2;0.0;3199
49867;all;all;1;2;0.0;5855
59176;all;all;1;2;0.0;7097
61802;all;all;1;2;0.0;7615
64381;all;all;1;2;0.0;7855
13927;all;all;1;0;0.0;1677
14090;all;all;1;2;0.0;1689
41142;all;all;1;2;0.0;4956
63207;none;all;1;2;0.0;7776
14095;all;all;1;1;0.0;1689
14168;all;all;1;1;0.0;1690
19307;all;all;1;1;0.0;2385
26130;none;all;1;1;0.0;3082
35676;all;all;1;1;0.0;4287
49261;all;all;1;1;0.0;5736
14162;all;all;1;2;0.0;1690
46054;all;none;1;2;0.0;5503
14223;none;all;1;0;0.0;1691
25778;none;none;1;0;0.0;3034
45312;all;all;1;0;0.0;5374
56381;all;all;1;0;0.0;6776
14224;all;all;1;2;0.0;1691
47261;all;all;1;2;0.0;5615
53129;all;all;1;2;0.0;6605
14268;all;all;1;2;0.0;1701
14347;none;all;1;2;0.0;1702
20510;all;all;1;2;0.0;2399
22977;all;all;1;2;0.0;2637
24641;all;all;1;2;0.0;2973
43179;all;all;1;2;0.0;5134
43224;none;all;1;2;0.0;5135
48925;none;all;1;2;0.0;5675
53694;all;all;1;2;0.0;6639
55552;all;all;1;2;0.0;6756
65039;all;all;1;2;0.0;7956
14292;all;all;1;2;0.0;1701
17013;none;all;1;2;0.0;1966
32607;none;all;1;2;0.0;3823
33948;none;all;1;2;0.0;4174
14299;all;all;1;1;0.0;1701
14357;all;all;1;2;0.0;1702
14406;all;all;1;3;0.0;1703
20071;all;all;1;3;0.0;2397
33880;all;all;1;3;0.0;4164
65095;all;all;1;3;0.0;7958
14409;all;all;1;4;0.0;1703
14484;all;all;1;2;0.0;1707
34190;all;all;1;2;0.0;4191
63565;all;all;1;2;0.0;7779
14536;none;all;1;4;0.0;1713
14571;all;all;1;0;0.0;1713
21476;all;all;1;0;0.0;2553
23045;all;all;1;0;0.0;2649
25179;all;all;1;0;0.0;3010
34570;all;all;1;0;0.0;4223
45033;all;all;1;0;0.0;5340
65596;none;all;1;0;0.0;8008
14595;all;all;1;2;0.0;1713
14667;none;all;1;0;0.0;1713
40080;all;all;1;0;0.0;4725
41702;all;all;1;0;0.0;5053
56509;none;all;1;0;0.0;6779
14691;all;all;1;4;0.0;1714
32887;all;all;1;4;0.0;3868
40285;all;all;1;4;0.0;4767
14836;none;all;1;4;0.0;1715
35496;all;all;1;4;0.0;4286
37871;all;all;1;4;0.0;4508
39047;all;all;1;4;0.0;4574
47248;all;all;1;4;0.0;5615
14865;all;all;1;0;0.0;1715
14904;all;all;1;0;0.0;1715
20890;none;all;1;0;0.0;2434
59190;all;all;1;0;0.0;7098
14907;all;all;1;1;0.0;1715
35116;all;all;1;1;0.0;4284
14913;none;all;1;0;0.0;1715
14978;none;all;1;0;0.0;1715
38838;all;all;1;0;0.0;4566
58146;none;all;1;0;0.0;7019
15229;all;all;1;0;0.0;1726
20223;all;all;1;0;0.0;2398
29621;all;all;1;0;0.0;3404
29693;none;all;1;0;0.0;3404
31340;all;all;1;0;0.0;3598
38372;all;all;1;0;0.0;4525
51860;all;all;1;0;0.0;6236
55975;all;all;1;0;0.0;6758
63692;all;all;1;0;0.0;7795
64876;all;all;1;0;0.0;7919
15252;all;all;1;2;0.0;1726
15290;all;all;1;2;0.0;1726
48147;all;all;1;2;0.0;5636
15338;all;all;1;2;0.0;1726
15370;all;all;1;2;0.0;1727
46174;all;all;1;2;0.0;5518
53536;all;all;1;2;0.0;6636
15399;all;all;1;0;0.0;1727
31858;all;all;1;0;0.0;3660
15410;none;all;1;1;0.0;1727
15434;all;all;1;2;0.0;1727
31882;all;all;1;2;0.0;3660
41585;none;none;1;2;0.0;5038
48944;all;all;1;2;0.0;5676
15459;none;all;1;0;0.0;1727
15487;all;none;1;0;0.0;1727
16027;all;all;1;0;0.0;1821
27743;all;all;1;0;0.0;3263
15522;all;all;1;1;0.0;1734
46286;all;all;1;1;0.0;5537
15585;all;all;1;0;0.0;1739
29228;none;all;1;0;0.0;3390
57728;all;all;1;0;0.0;7008
15653;all;all;1;2;0.0;1751
15709;none;all;1;2;0.0;1762
21556;all;all;1;2;0.0;2554
29417;all;all;1;2;0.0;3391
32634;all;all;1;2;0.0;3836
36762;all;all;1;2;0.0;4318
49539;all;all;1;2;0.0;5778
54880;all;all;1;2;0.0;6738
15732;all;all;1;1;0.0;1763
27265;none;all;1;1;0.0;3201
30611;all;all;1;1;0.0;3485
37990;all;all;1;1;0.0;4509
15778;all;all;1;4;0.0;1775
34855;all;all;1;4;0.0;4271
48188;all;all;1;4;0.0;5636
15819;all;all;1;1;0.0;1786
19259;all;all;1;1;0.0;2385
22226;all;all;1;1;0.0;2596
42608;all;all;1;1;0.0;5118
62955;all;all;1;1;0.0;7766
15829;all;all;1;2;0.0;1786
16627;none;all;1;2;0.0;1906
15854;all;all;1;2;0.0;1787
26906;all;all;1;2;0.0;3155
27209;all;none;1;2;0.0;3197
32169;all;all;1;2;0.0;3711
32395;all;all;1;2;0.0;3775
50376;all;all;1;2;0.0;5935
15891;all;all;1;3;0.0;1798
15903;all;all;1;0;0.0;1798
56181;all;all;1;0;0.0;6759
15920;all;all;1;2;0.0;1799
24219;all;all;1;2;0.0;2926
41103;all;all;1;2;0.0;4943
41412;all;all;1;2;0.0;5005
44845;all;all;1;2;0.0;5324
15935;all;all;1;0;0.0;1799
23444;all;all;1;0;0.0;2781
31575;all;all;1;0;0.0;3630
38227;all;all;1;0;0.0;4524
16084;all;all;1;0;0.0;1823
25654;all;all;1;0;0.0;3023
53622;all;all;1;0;0.0;6637
57646;all;all;1;0;0.0;6996
16106;all;all;1;6;0.0;1833
16313;all;all;1;3;0.0;1869
38279;all;none;1;3;0.0;4524
43219;all;all;1;3;0.0;5135
16323;all;all;1;3;0.0;1870
16324;all;none;1;0;0.0;1870
20025;all;all;1;0;0.0;2397
44419;all;all;1;0;0.0;5290
46408;all;all;1;0;0.0;5558
16327;all;all;1;2;0.0;1870
36448;all;all;1;2;0.0;4303
61077;all;all;1;2;0.0;7479
16332;all;all;1;3;0.0;1870
30992;all;all;1;3;0.0;3534
16349;all;all;1;3;0.0;1870
16727;all;all;1;3;0.0;1917
16353;none;all;1;4;0.0;1871
49324;all;all;1;4;0.0;5755
58489;all;all;1;4;0.0;7038
16371;all;all;1;1;0.0;1871
26193;none;none;1;1;0.0;3094
31970;all;all;1;1;0.0;3662
48097;all;all;1;1;0.0;5635
50601;all;all;1;1;0.0;5946
66034;all;all;1;1;0.0;8037
16597;all;all;1;2;0.0;1906
16660;all;all;1;0;0.0;1907
52891;all;all;1;0;0.0;6576
16685;all;all;1;2;0.0;1907
37956;all;all;1;2;0.0;4509
16785;all;all;1;4;0.0;1918
65888;all;all;1;4;0.0;8034
16797;all;all;1;2;0.0;1918
31128;all;all;1;2;0.0;3566
34471;all;all;1;2;0.0;4207
35903;all;all;1;2;0.0;4300
39894;all;all;1;2;0.0;4653
54129;all;all;1;2;0.0;6719
16882;none;all;1;0;0.0;1929
23180;all;all;1;0;0.0;2698
23403;all;all;1;0;0.0;2765
42364;all;none;1;0;0.0;5116
66950;all;all;1;0;0.0;8178
16900;all;all;1;0;0.0;1931
37590;all;all;1;0;0.0;4447
17000;all;all;1;2;0.0;1966
20349;none;all;1;2;0.0;2399
38546;all;all;1;2;0.0;4527
49207;all;all;1;2;0.0;5719
53459;all;all;1;2;0.0;6626
62503;all;none;1;2;0.0;7708
17054;all;all;1;2;0.0;1978
24310;none;none;1;2;0.0;2938
17061;all;all;1;0;0.0;1978
42782;all;all;1;0;0.0;5119
64454;none;all;1;0;0.0;7857
17205;all;all;1;1;0.0;2014
28534;all;all;1;1;0.0;3362
35820;all;all;1;1;0.0;4300
17307;all;all;1;2;0.0;2038
17360;all;none;1;3;0.0;2049
22304;all;all;1;3;0.0;2601
24961;all;all;1;3;0.0;3004
34525;all;all;1;3;0.0;4220
50878;all;all;1;3;0.0;5978
59013;all;all;1;3;0.0;7096
62189;none;all;1;3;0.0;7687
17418;all;none;1;2;0.0;2055
21948;all;all;1;2;0.0;2567
32866;none;all;1;2;0.0;3855
17433;all;all;1;3;0.0;2061
62577;all;all;1;3;0.0;7716
17446;all;all;1;1;0.0;2061
25369;none;all;1;1;0.0;3016
32565;none;all;1;1;0.0;3820
41397;all;all;1;1;0.0;5004
55751;all;all;1;1;0.0;6757
58263;all;all;1;1;0.0;7035
59652;all;all;1;1;0.0;7118
63943;all;all;1;1;0.0;7798
17555;all;all;1;2;0.0;2080
27189;all;none;1;2;0.0;3191
31994;all;all;1;2;0.0;3662
34371;all;all;1;2;0.0;4205
41286;none;all;1;2;0.0;4975
46117;all;all;1;2;0.0;5516
51678;all;all;1;2;0.0;6196
17596;all;all;1;0;0.0;2087
20000;none;all;1;0;0.0;2397
22146;all;all;1;0;0.0;2589
26360;all;none;1;0;0.0;3117
32816;all;all;1;0;0.0;3854
41093;all;all;1;0;0.0;4943
49985;all;all;1;0;0.0;5868
17617;all;all;1;2;0.0;2097
25178;all;all;1;2;0.0;3010
61654;all;all;1;2;0.0;7578
17736;all;all;1;2;0.0;2146
45967;all;all;1;2;0.0;5501
17906;all;none;1;2;0.0;2226
50234;all;all;1;2;0.0;5910
17915;all;all;1;0;0.0;2229
61957;all;all;1;0;0.0;7637
18072;all;all;1;0;0.0;2266
34927;all;all;1;0;0.0;4279
59035;all;all;1;0;0.0;7096
18122;all;all;1;2;0.0;2277
44918;all;all;1;2;0.0;5325
18140;all;all;1;2;0.0;2277
41104;all;none;1;2;0.0;4943
18159;all;all;1;2;0.0;2278
42253;none;all;1;2;0.0;5103
50716;all;all;1;2;0.0;5957
18224;all;all;1;3;0.0;2289
27232;all;all;1;3;0.0;3201
31647;all;all;1;3;0.0;3644
33852;all;all;1;3;0.0;4159
41116;all;all;1;3;0.0;4950
47191;all;all;1;3;0.0;5615
18225;none;all;1;0;0.0;2289
18258;all;all;1;1;0.0;2290
18279;all;all;1;0;0.0;2291
18491;all;all;1;0;0.0;2313
25818;none;none;1;0;0.0;3035
26910;all;all;1;0;0.0;3155
27604;all;all;1;0;0.0;3223
38843;all;all;1;0;0.0;4567
42305;all;all;1;0;0.0;5110
57585;all;all;1;0;0.0;6977
61426;all;all;1;0;0.0;7538
18559;all;all;1;0;0.0;2314
23835;all;all;1;0;0.0;2866
49057;all;all;1;0;0.0;5696
50134;all;all;1;0;0.0;5896
53957;all;all;1;0;0.0;6696
56976;all;all;1;0;0.0;6855
18708;none;all;1;2;0.0;2325
38215;none;all;1;2;0.0;4518
48502;all;all;1;2;0.0;5638
18723;all;all;1;1;0.0;2326
30013;all;all;1;1;0.0;3406
51001;none;all;1;1;0.0;6035
18733;all;all;1;1;0.0;2326
21845;none;all;1;1;0.0;2566
38457;all;all;1;1;0.0;4526
58465;none;all;1;1;0.0;7038
18765;all;none;1;0;0.0;2326
57301;all;all;1;0;0.0;6918
18795;all;all;1;0;0.0;2327
18802;all;all;1;0;0.0;2327
35729;all;all;1;0;0.0;4293
38714;all;all;1;0;0.0;4556
54046;all;all;1;0;0.0;6715
54103;all;all;1;0;0.0;6718
60911;all;all;1;0;0.0;7439
64347;none;none;1;0;0.0;7839
66899;all;all;1;0;0.0;8159
18798;all;all;1;2;0.0;2327
18865;all;all;1;2;0.0;2338
18894;all;all;1;2;0.0;2345
49411;all;all;1;2;0.0;5759
18917;none;all;1;2;0.0;2349
20843;all;all;1;2;0.0;2423
18922;all;all;1;1;0.0;2350
24678;all;all;1;1;0.0;2973
36322;all;all;1;1;0.0;4302
41227;all;all;1;1;0.0;4972
41989;all;none;1;1;0.0;5069
45075;all;all;1;1;0.0;5357
52118;all;all;1;1;0.0;6347
55665;all;all;1;1;0.0;6756
56122;all;all;1;1;0.0;6759
65440;all;all;1;1;0.0;7996
18985;all;all;1;2;0.0;2361
46592;all;all;1;2;0.0;5576
46653;all;all;1;2;0.0;5577
19030;all;all;1;2;0.0;2363
25105;all;all;1;2;0.0;3009
56399;all;all;1;2;0.0;6777
19039;all;all;1;1;0.0;2373
20920;all;all;1;1;0.0;2445
32038;all;all;1;1;0.0;3663
32309;all;all;1;1;0.0;3758
37506;all;all;1;1;0.0;4431
60066;all;all;1;1;0.0;7159
61899;all;all;1;1;0.0;7635
63791;all;all;1;1;0.0;7796
19040;all;all;1;2;0.0;2373
19131;none;all;1;4;0.0;2379
58959;all;all;1;4;0.0;7095
19172;all;all;1;0;0.0;2381
27710;all;all;1;0;0.0;3251
34997;all;all;1;0;0.0;4284
42759;all;all;1;0;0.0;5119
50865;all;all;1;0;0.0;5976
53308;all;all;1;0;0.0;6617
60920;all;all;1;0;0.0;7450
62077;none;none;1;0;0.0;7658
19201;all;all;1;4;0.0;2385
21667;all;all;1;4;0.0;2555
19248;all;all;1;0;0.0;2385
61677;all;all;1;0;0.0;7579
19293;all;all;1;0;0.0;2385
19338;all;all;1;2;0.0;2385
22136;none;all;1;2;0.0;2579
23060;all;all;1;2;0.0;2650
24029;all;all;1;2;0.0;2891
26436;all;all;1;2;0.0;3123
35133;all;all;1;2;0.0;4284
42788;all;all;1;2;0.0;5119
65270;all;all;1;2;0.0;7977
19345;none;all;1;2;0.0;2385
42141;all;all;1;2;0.0;5084
54428;all;all;1;2;0.0;6735
19369;all;all;1;2;0.0;2385
40259;all;all;1;2;0.0;4765
19596;all;all;1;2;0.0;2386
60681;all;all;1;2;0.0;7378
19785;all;all;1;3;0.0;2387
21304;all;all;1;3;0.0;2527
30636;all;all;1;3;0.0;3486
34117;none;all;1;3;0.0;4189
62292;all;all;1;3;0.0;7696
63169;all;all;1;3;0.0;7776
19787;all;all;1;1;0.0;2387
44773;none;all;1;1;0.0;5311
54012;all;all;1;1;0.0;6699
54333;all;all;1;1;0.0;6735
19868;all;all;1;0;0.0;2392
19925;all;all;1;0;0.0;2397
20052;all;all;1;0;0.0;2397
23536;all;all;1;0;0.0;2806
23616;none;all;1;0;0.0;2830
32451;all;all;1;0;0.0;3789
32566;none;all;1;0;0.0;3820
35946;all;all;1;0;0.0;4300
41609;none;none;1;0;0.0;5039
44195;all;all;1;0;0.0;5262
48122;all;all;1;0;0.0;5635
51454;all;all;1;0;0.0;6157
55580;all;all;1;0;0.0;6756
19934;all;all;1;2;0.0;2397
19941;all;all;1;0;0.0;2397
21164;all;all;1;0;0.0;2494
26199;all;all;1;0;0.0;3094
48715;all;all;1;0;0.0;5639
50771;all;all;1;0;0.0;5958
20120;all;all;1;2;0.0;2398
33723;all;all;1;2;0.0;4142
41975;all;all;1;2;0.0;5069
20197;all;all;1;4;0.0;2398
36906;all;all;1;4;0.0;4332
20260;all;none;1;10;0.0;2398
63835;all;none;1;10;0.0;7797
20328;all;all;1;6;0.0;2399
24916;all;all;1;6;0.0;2998
26627;all;all;1;6;0.0;3141
41462;all;none;1;6;0.0;5007
50822;none;all;1;6;0.0;5959
20354;all;all;1;2;0.0;2399
20385;all;all;1;0;0.0;2399
20538;all;all;1;0;0.0;2409
65286;all;all;1;0;0.0;7977
20539;all;all;1;5;0.0;2409
43362;none;none;1;5;0.0;5149
53428;all;all;1;5;0.0;6619
20672;all;all;1;1;0.0;2411
27910;none;all;1;1;0.0;3299
52170;all;all;1;1;0.0;6379
20793;all;all;1;4;0.0;2422
20820;all;all;1;2;0.0;2423
23309;all;all;1;2;0.0;2734
27581;all;all;1;2;0.0;3215
34238;all;all;1;2;0.0;4197
41564;none;none;1;2;0.0;5036
61502;all;all;1;2;0.0;7556
64046;all;none;1;2;0.0;7799
20864;all;all;1;0;0.0;2423
21931;all;all;1;0;0.0;2566
26218;all;all;1;0;0.0;3095
34459;all;all;1;0;0.0;4207
36217;all;all;1;0;0.0;4302
36992;all;all;1;0;0.0;4334
65874;all;all;1;0;0.0;8027
20894;all;all;1;4;0.0;2434
24423;all;none;1;4;0.0;2961
26593;all;all;1;4;0.0;3131
44725;all;all;1;4;0.0;5310
58900;none;all;1;4;0.0;7094
20928;none;all;1;1;0.0;2445
48493;all;all;1;1;0.0;5638
55267;all;all;1;1;0.0;6745
20944;all;all;1;0;0.0;2446
20968;all;all;1;2;0.0;2447
21312;all;all;1;0;0.0;2529
21387;all;all;1;3;0.0;2542
21502;all;all;1;2;0.0;2553
33831;all;all;1;2;0.0;4158
34749;all;all;1;2;0.0;4255
67314;all;all;1;2;0.0;8259
21552;all;all;1;0;0.0;2554
21561;all;none;1;0;0.0;2554
45291;all;all;1;0;0.0;5374
51398;all;all;1;0;0.0;6138
21559;none;all;1;0;0.0;2554
45635;all;none;1;0;0.0;5406
47875;all;all;1;0;0.0;5619
21566;all;all;1;0;0.0;2554
26871;all;all;1;0;0.0;3154
31396;all;all;1;0;0.0;3604
38967;all;all;1;0;0.0;4573
57817;all;all;1;0;0.0;7015
21575;all;all;1;2;0.0;2554
50442;all;all;1;2;0.0;5936
21579;all;all;1;1;0.0;2554
28362;all;none;1;1;0.0;3357
49557;all;all;1;1;0.0;5779
21654;none;all;1;2;0.0;2555
50096;all;all;1;2;0.0;5885
21682;all;all;1;0;0.0;2555
21823;all;all;1;2;0.0;2565
21848;all;all;1;4;0.0;2566
46090;all;all;1;4;0.0;5516
21850;all;all;1;1;0.0;2566
24701;all;none;1;1;0.0;2974
21880;all;all;1;2;0.0;2566
39948;all;all;1;2;0.0;4684
62882;all;all;1;2;0.0;7756
22007;none;all;1;2;0.0;2567
22259;all;all;1;0;0.0;2601
65134;all;all;1;0;0.0;7965
22305;all;all;1;2;0.0;2601
31668;all;all;1;2;0.0;3644
52169;all;all;1;2;0.0;6379
22344;none;all;1;2;0.0;2601
22394;none;all;1;0;0.0;2602
34215;all;all;1;0;0.0;4191
38033;all;all;1;0;0.0;4510
41805;all;all;1;0;0.0;5054
42337;all;all;1;0;0.0;5116
45716;none;none;1;0;0.0;5437
52571;all;all;1;0;0.0;6535
52586;all;all;1;0;0.0;6535
59226;none;all;1;0;0.0;7098
63395;all;all;1;0;0.0;7778
65727;all;all;1;0;0.0;8017
22540;all;all;1;3;0.0;2603
25173;none;all;1;3;0.0;3010
30469;all;all;1;3;0.0;3453
22597;all;all;1;0;0.0;2613
22604;all;all;1;0;0.0;2613
39514;all;all;1;0;0.0;4590
51316;all;all;1;0;0.0;6118
22665;all;all;1;1;0.0;2614
25378;all;all;1;1;0.0;3017
44456;all;none;1;1;0.0;5292
49785;all;all;1;1;0.0;5835
59989;none;all;1;1;0.0;7156
62496;all;all;1;1;0.0;7706
65397;all;all;1;1;0.0;7992
22697;none;all;1;2;0.0;2614
36918;all;all;1;2;0.0;4332
62763;all;all;1;2;0.0;7719
22810;all;all;1;1;0.0;2615
40227;all;all;1;1;0.0;4751
22829;none;all;1;3;0.0;2619
25908;all;all;1;3;0.0;3052
22831;all;all;1;2;0.0;2620
22846;all;all;1;0;0.0;2625
26594;all;none;1;0;0.0;3131
67039;none;none;1;0;0.0;8215
22866;all;all;1;2;0.0;2625
63233;none;none;1;2;0.0;7777
22891;all;all;1;1;0.0;2626
23853;all;all;1;1;0.0;2866
47385;all;all;1;1;0.0;5616
22957;all;all;1;1;0.0;2637
22985;all;all;1;2;0.0;2638
27421;all;none;1;2;0.0;3207
36173;all;all;1;2;0.0;4301
62901;all;all;1;2;0.0;7757
23021;none;all;1;4;0.0;2639
23078;all;none;1;3;0.0;2661
23179;all;all;1;2;0.0;2698
23654;all;all;1;2;0.0;2841
36685;all;all;1;2;0.0;4316
41325;all;all;1;2;0.0;4988
45956;all;all;1;2;0.0;5501
60245;all;all;1;2;0.0;7257
65234;all;all;1;2;0.0;7976
23188;all;all;1;2;0.0;2699
43864;all;all;1;2;0.0;5214
44655;none;all;1;2;0.0;5309
49305;all;all;1;2;0.0;5739
52653;none;all;1;2;0.0;6538
23198;all;all;1;1;0.0;2703
56752;all;all;1;1;0.0;6798
23206;all;all;1;0;0.0;2709
23235;all;all;1;2;0.0;2717
31449;all;all;1;2;0.0;3613
46284;all;all;1;2;0.0;5537
23401;all;all;1;2;0.0;2763
61400;none;all;1;2;0.0;7536
23598;none;all;1;1;0.0;2829
26373;all;all;1;1;0.0;3118
23615;all;all;1;0;0.0;2830
32468;all;all;1;0;0.0;3791
23642;all;all;1;0;0.0;2840
30216;all;all;1;0;0.0;3415
23698;all;all;1;0;0.0;2842
23910;none;all;1;1;0.0;2877
41605;none;none;1;1;0.0;5039
61028;all;all;1;1;0.0;7476
66031;all;none;1;1;0.0;8037
23924;all;none;1;1;0.0;2878
24647;none;all;1;1;0.0;2973
34811;all;all;1;1;0.0;4269
23951;all;all;1;0;0.0;2879
30194;all;none;1;0;0.0;3407
45411;all;all;1;0;0.0;5388
23968;all;all;1;2;0.0;2885
38889;all;all;1;2;0.0;4572
44743;all;all;1;2;0.0;5310
63225;none;none;1;2;0.0;7776
24095;all;all;1;1;0.0;2903
32942;all;all;1;1;0.0;3884
42815;all;all;1;1;0.0;5124
53703;all;all;1;1;0.0;6639
24130;all;all;1;3;0.0;2913
39710;all;all;1;3;0.0;4607
50525;all;all;1;3;0.0;5938
51898;all;all;1;3;0.0;6247
24178;all;all;1;1;0.0;2915
24202;all;all;1;0;0.0;2925
31587;all;all;1;0;0.0;3631
44808;all;all;1;0;0.0;5318
64070;all;none;1;0;0.0;7799
24253;none;none;1;2;0.0;2927
24319;none;none;1;2;0.0;2938
63224;all;all;1;2;0.0;7776
24354;none;none;1;1;0.0;2949
38224;all;all;1;1;0.0;4522
43025;all;all;1;1;0.0;5133
55589;all;all;1;1;0.0;6756
24375;none;none;1;0;0.0;2951
24418;none;all;1;1;0.0;2961
24424;all;all;1;0;0.0;2961
27266;all;all;1;0;0.0;3201
24536;none;none;1;3;0.0;2962
24673;all;none;1;2;0.0;2973
35842;all;all;1;2;0.0;4300
24947;all;all;1;2;0.0;3003
25022;all;none;1;0;0.0;3009
29006;all;all;1;0;0.0;3388
43625;all;all;1;0;0.0;5182
25049;all;all;1;1;0.0;3009
62364;all;all;1;1;0.0;7697
25114;all;all;1;2;0.0;3010
25277;all;all;1;0;0.0;3011
42764;all;all;1;0;0.0;5119
25294;none;all;1;1;0.0;3011
25316;all;all;1;2;0.0;3011
31476;all;all;1;2;0.0;3614
44750;all;none;1;2;0.0;5311
25330;all;all;1;2;0.0;3011
34068;all;all;1;2;0.0;4189
51948;all;all;1;2;0.0;6259
54665;all;all;1;2;0.0;6737
62284;all;all;1;2;0.0;7696
25592;all;all;1;0;0.0;3022
48368;all;all;1;0;0.0;5637
51691;all;all;1;0;0.0;6197
57078;all;all;1;0;0.0;6876
57481;all;all;1;0;0.0;6956
25610;all;all;1;0;0.0;3022
37036;none;all;1;0;0.0;4335
43163;none;all;1;0;0.0;5134
51474;all;none;1;0;0.0;6159
25726;all;none;1;1;0.0;3023
56221;all;all;1;1;0.0;6759
25748;none;none;1;0;0.0;3033
25782;none;none;1;4;0.0;3034
25794;none;none;1;0;0.0;3034
55174;none;all;1;0;0.0;6739
60800;all;all;1;0;0.0;7417
25802;none;none;1;1;0.0;3035
47201;all;all;1;1;0.0;5615
25953;all;all;1;2;0.0;3058
58149;none;all;1;2;0.0;7019
26081;all;all;1;0;0.0;3071
39831;all;all;1;0;0.0;4623
26106;all;all;1;0;0.0;3081
33150;all;all;1;0;0.0;3965
26133;all;all;1;2;0.0;3082
26338;none;all;1;2;0.0;3117
26478;none;all;1;0;0.0;3129
26544;all;all;1;0;0.0;3130
41321;all;all;1;0;0.0;4988
26571;all;none;1;2;0.0;3131
26582;all;all;1;2;0.0;3131
39032;all;all;1;2;0.0;4573
56289;all;all;1;2;0.0;6775
26587;all;all;1;2;0.0;3131
34063;all;all;1;2;0.0;4189
42674;all;all;1;2;0.0;5118
66910;all;all;1;2;0.0;8171
26629;none;all;1;3;0.0;3141
48919;all;all;1;3;0.0;5675
26648;all;all;1;3;0.0;3141
29835;all;all;1;3;0.0;3405
26770;all;all;1;0;0.0;3149
41131;none;none;1;0;0.0;4956
43591;none;all;1;0;0.0;5181
45802;none;all;1;0;0.0;5462
50956;all;all;1;0;0.0;6016
54687;none;all;1;0;0.0;6737
26778;all;all;1;0;0.0;3153
60394;all;all;1;0;0.0;7299
26835;all;all;1;1;0.0;3153
26932;all;none;1;4;0.0;3155
27037;all;all;1;0;0.0;3166
52547;none;all;1;0;0.0;6519
62583;all;none;1;0;0.0;7716
62868;all;all;1;0;0.0;7755
63921;all;none;1;0;0.0;7798
27103;all;all;1;3;0.0;3167
34582;all;all;1;3;0.0;4236
35856;all;all;1;3;0.0;4300
41056;all;all;1;3;0.0;4941
50677;all;all;1;3;0.0;5956
27262;none;all;1;2;0.0;3201
27319;none;all;1;2;0.0;3202
27523;all;all;1;1;0.0;3214
38742;none;all;1;1;0.0;4557
27647;all;none;1;1;0.0;3237
30361;all;all;1;1;0.0;3437
59712;all;all;1;1;0.0;7118
64604;all;none;1;1;0.0;7877
27671;all;all;1;0;0.0;3239
30364;all;all;1;0;0.0;3437
27772;all;all;1;0;0.0;3274
27798;all;all;1;2;0.0;3286
27815;all;all;1;4;0.0;3291
27829;all;none;1;2;0.0;3297
28024;all;all;1;0;0.0;3310
35897;none;all;1;0;0.0;4300
28025;all;all;1;1;0.0;3310
28072;none;all;1;2;0.0;3311
40171;all;all;1;2;0.0;4748
40545;all;all;1;2;0.0;4847
57090;all;all;1;2;0.0;6877
28076;all;all;1;1;0.0;3311
53892;none;all;1;1;0.0;6678
56649;all;none;1;1;0.0;6796
28246;all;all;1;2;0.0;3348
28269;all;all;1;0;0.0;3353
52147;all;all;1;0;0.0;6368
28378;none;all;1;1;0.0;3357
42670;all;all;1;1;0.0;5118
58917;all;all;1;1;0.0;7095
28466;all;all;1;0;0.0;3358
28628;all;all;1;1;0.0;3373
38492;all;all;1;1;0.0;4526
28820;all;all;1;0;0.0;3375
28882;all;all;1;2;0.0;3383
34060;none;all;1;2;0.0;4189
28907;all;all;1;5;0.0;3388
33093;none;all;1;5;0.0;3933
37128;all;all;1;5;0.0;4349
28993;none;all;1;2;0.0;3388
45204;all;all;1;2;0.0;5373
57016;all;all;1;2;0.0;6858
29013;all;all;1;0;0.0;3388
29039;all;all;1;0;0.0;3388
29076;all;all;1;0;0.0;3389
29123;all;none;1;2;0.0;3389
57552;all;all;1;2;0.0;6975
29334;all;all;1;2;0.0;3390
36649;all;all;1;2;0.0;4316
39990;all;all;1;2;0.0;4697
29424;all;all;1;1;0.0;3391
35098;all;all;1;1;0.0;4284
29607;all;all;1;5;0.0;3404
29786;all;all;1;3;0.0;3405
43944;all;none;1;3;0.0;5230
29818;all;none;1;1;0.0;3405
29853;all;all;1;0;0.0;3405
51338;all;all;1;0;0.0;6119
60740;none;all;1;0;0.0;7398
29883;all;all;1;2;0.0;3405
50300;all;all;1;2;0.0;5918
29925;all;none;1;2;0.0;3406
59699;none;all;1;2;0.0;7118
30060;all;all;1;0;0.0;3407
44102;all;all;1;0;0.0;5253
60753;all;all;1;0;0.0;7399
30135;all;all;1;5;0.0;3407
30185;all;all;1;0;0.0;3407
30239;all;all;1;6;0.0;3420
30266;all;all;1;0;0.0;3421
32070;all;all;1;0;0.0;3679
36662;all;all;1;0;0.0;4316
37997;all;all;1;0;0.0;4509
54828;all;all;1;0;0.0;6737
62992;all;all;1;0;0.0;7771
30332;none;all;1;1;0.0;3436
53084;all;all;1;1;0.0;6598
30458;all;all;1;4;0.0;3453
30639;all;all;1;0;0.0;3486
60259;all;all;1;0;0.0;7259
30643;all;all;1;2;0.0;3486
32322;all;all;1;2;0.0;3764
30646;all;all;1;1;0.0;3486
30653;all;all;1;0;0.0;3487
32615;all;all;1;0;0.0;3830
30666;none;all;1;2;0.0;3487
30696;all;all;1;2;0.0;3500
32764;all;all;1;2;0.0;3852
53053;all;all;1;2;0.0;6596
30739;all;all;1;0;0.0;3502
35913;none;all;1;0;0.0;4300
51873;all;all;1;0;0.0;6238
31134;all;all;1;3;0.0;3567
31356;all;all;1;3;0.0;3598
31433;all;all;1;0;0.0;3613
63321;all;all;1;0;0.0;7777
31706;none;all;1;0;0.0;3645
33216;all;none;1;0;0.0;3998
36826;all;all;1;0;0.0;4319
54564;all;all;1;0;0.0;6736
54735;none;all;1;0;0.0;6737
32248;all;all;1;1;0.0;3740
54179;all;all;1;1;0.0;6726
32282;all;all;1;0;0.0;3756
32284;all;all;1;3;0.0;3756
51673;all;all;1;3;0.0;6196
56633;all;all;1;3;0.0;6796
59716;none;all;1;3;0.0;7119
32522;all;all;1;5;0.0;3806
32641;all;all;1;5;0.0;3836
32654;all;all;1;0;0.0;3837
32664;all;all;1;3;0.0;3837
58627;all;all;1;3;0.0;7055
32768;none;all;1;4;0.0;3852
52404;all;all;1;4;0.0;6479
32791;all;all;1;2;0.0;3853
55394;all;all;1;2;0.0;6755
60851;all;all;1;2;0.0;7435
64774;none;all;1;2;0.0;7907
64853;none;none;1;2;0.0;7918
65508;none;all;1;2;0.0;7998
32878;none;all;1;1;0.0;3868
33004;all;all;1;0;0.0;3901
40249;all;all;1;0;0.0;4764
33011;none;all;1;0;0.0;3902
38850;all;all;1;0;0.0;4568
33295;all;all;1;2;0.0;4045
45879;none;all;1;2;0.0;5486
65073;all;all;1;2;0.0;7957
33330;all;all;1;2;0.0;4061
33338;all;all;1;2;0.0;4061
33477;none;all;1;0;0.0;4108
33489;all;all;1;2;0.0;4109
33490;all;all;1;0;0.0;4109
49993;all;all;1;0;0.0;5875
51467;all;all;1;0;0.0;6158
65536;all;all;1;0;0.0;7998
33505;all;all;1;2;0.0;4110
48287;all;all;1;2;0.0;5636
33633;all;all;1;3;0.0;4127
56990;all;all;1;3;0.0;6856
59901;all;all;1;3;0.0;7138
62421;none;none;1;3;0.0;7698
34072;all;all;1;3;0.0;4189
45155;all;all;1;3;0.0;5372
51940;all;all;1;3;0.0;6258
34224;none;all;1;2;0.0;4191
34532;none;all;1;1;0.0;4221
49920;all;all;1;1;0.0;5857
54683;all;all;1;1;0.0;6737
57942;all;all;1;1;0.0;7017
58071;all;all;1;1;0.0;7018
34588;all;all;1;0;0.0;4236
34628;none;all;1;2;0.0;4238
58812;all;all;1;2;0.0;7077
34648;all;all;1;4;0.0;4244
34677;all;all;1;2;0.0;4252
55150;all;all;1;2;0.0;6739
61604;all;all;1;2;0.0;7575
34772;all;all;1;2;0.0;4268
48975;none;all;1;2;0.0;5678
34892;all;none;1;0;0.0;4277
35118;all;all;1;0;0.0;4284
35304;none;all;1;2;0.0;4285
42605;all;all;1;2;0.0;5118
58713;all;all;1;2;0.0;7058
61672;all;all;1;2;0.0;7579
35340;all;all;1;2;0.0;4286
38145;all;all;1;2;0.0;4511
35463;all;all;1;2;0.0;4286
35963;all;all;1;0;0.0;4300
49700;all;all;1;0;0.0;5799
36016;all;all;1;1;0.0;4301
53116;all;all;1;1;0.0;6599
56626;all;all;1;1;0.0;6796
36143;all;all;1;0;0.0;4301
64529;all;all;1;0;0.0;7868
36189;none;all;1;1;0.0;4301
36332;all;none;1;0;0.0;4302
38811;all;all;1;0;0.0;4559
49834;all;all;1;0;0.0;5839
36493;all;all;1;4;0.0;4303
50658;all;all;1;4;0.0;5955
58416;all;all;1;4;0.0;7037
59993;none;all;1;4;0.0;7156
66115;none;all;1;4;0.0;8039
36515;all;all;1;1;0.0;4303
40638;all;all;1;1;0.0;4876
44938;all;none;1;1;0.0;5326
46086;all;none;1;1;0.0;5516
36674;all;all;1;2;0.0;4316
36993;all;all;1;4;0.0;4334
51277;all;all;1;4;0.0;6115
37023;none;all;1;1;0.0;4334
37040;all;all;1;0;0.0;4335
45658;all;all;1;0;0.0;5416
37117;all;all;1;2;0.0;4349
54785;all;all;1;2;0.0;6737
37279;all;all;1;0;0.0;4382
45624;all;all;1;0;0.0;5405
53239;all;all;1;0;0.0;6616
62301;none;all;1;0;0.0;7696
65164;all;all;1;0;0.0;7975
37354;all;all;1;2;0.0;4399
37522;all;all;1;3;0.0;4438
40131;none;all;1;3;0.0;4734
40357;all;all;1;3;0.0;4796
47657;none;all;1;3;0.0;5618
37591;all;all;1;5;0.0;4447
52201;none;all;1;5;0.0;6415
55028;all;all;1;5;0.0;6738
37607;all;all;1;5;0.0;4447
37822;all;all;1;3;0.0;4508
47293;all;all;1;3;0.0;5615
38032;all;all;1;0;0.0;4510
65827;all;all;1;0;0.0;8019
38184;all;all;1;0;0.0;4511
38250;none;all;1;0;0.0;4524
38385;none;all;1;3;0.0;4525
39435;all;all;1;3;0.0;4590
38865;all;all;1;2;0.0;4572
39015;all;all;1;3;0.0;4573
39105;all;all;1;0;0.0;4574
42762;all;all;1;0;0.0;5119
43829;all;all;1;0;0.0;5213
39210;all;all;1;1;0.0;4575
39406;all;none;1;1;0.0;4589
40818;all;all;1;1;0.0;4908
39539;all;all;1;0;0.0;4591
39653;all;all;1;2;0.0;4605
55192;none;all;1;2;0.0;6739
39707;all;all;1;2;0.0;4607
57743;all;all;1;2;0.0;7012
39720;all;all;1;2;0.0;4607
60768;all;all;1;2;0.0;7415
62411;all;all;1;2;0.0;7698
66513;all;none;1;2;0.0;8099
39768;none;all;1;2;0.0;4620
39958;all;all;1;0;0.0;4685
48500;all;all;1;0;0.0;5638
59720;none;all;1;0;0.0;7119
39977;all;all;1;2;0.0;4687
52388;all;all;1;2;0.0;6478
39998;all;all;1;2;0.0;4700
45267;none;all;1;2;0.0;5374
51549;none;all;1;2;0.0;6177
40226;all;all;1;2;0.0;4751
41994;all;all;1;2;0.0;5069
40383;all;all;1;3;0.0;4799
40822;all;all;1;2;0.0;4908
41380;none;all;1;1;0.0;4991
41641;all;all;1;2;0.0;5052
45187;none;all;1;2;0.0;5372
64896;all;all;1;2;0.0;7929
41806;all;all;1;2;0.0;5054
45652;all;all;1;2;0.0;5407
47447;all;all;1;2;0.0;5616
60763;all;all;1;2;0.0;7415
41880;all;all;1;3;0.0;5055
41920;all;all;1;0;0.0;5068
42026;all;all;1;0;0.0;5070
64526;all;all;1;0;0.0;7866
67366;none;all;1;0;0.0;8276
42124;none;none;1;1;0.0;5071
43136;all;all;1;1;0.0;5134
43951;all;all;1;1;0.0;5230
44875;all;all;1;1;0.0;5325
46818;all;all;1;1;0.0;5595
48628;all;all;1;1;0.0;5639
52335;all;all;1;1;0.0;6470
42201;all;all;1;2;0.0;5100
42278;all;all;1;4;0.0;5108
58181;all;all;1;4;0.0;7019
42335;all;all;1;2;0.0;5116
63074;all;all;1;2;0.0;7775
42363;all;all;1;2;0.0;5116
42402;all;all;1;5;0.0;5116
58861;all;all;1;5;0.0;7085
42649;all;all;1;2;0.0;5118
60666;all;all;1;2;0.0;7377
65229;none;none;1;2;0.0;7976
42854;none;all;1;0;0.0;5132
63711;all;none;1;0;0.0;7795
42909;none;all;1;0;0.0;5132
43065;all;none;1;2;0.0;5133
43314;none;none;1;0;0.0;5143
43528;all;all;1;2;0.0;5172
43789;none;all;1;0;0.0;5199
43908;all;all;1;0;0.0;5228
45538;all;none;1;0;0.0;5390
43911;none;all;1;3;0.0;5228
43963;all;all;1;2;0.0;5230
58384;all;all;1;2;0.0;7037
44012;none;all;1;2;0.0;5244
44217;all;all;1;4;0.0;5263
44346;all;all;1;1;0.0;5278
44426;all;all;1;1;0.0;5292
56739;all;none;1;1;0.0;6798
64871;all;all;1;1;0.0;7919
44544;all;all;1;3;0.0;5295
44558;all;all;1;3;0.0;5295
44609;none;all;1;3;0.0;5308
44629;none;none;1;1;0.0;5308
45084;all;all;1;1;0.0;5358
45158;all;all;1;0;0.0;5372
46447;all;all;1;0;0.0;5568
45394;none;all;1;0;0.0;5381
45561;all;none;1;1;0.0;5391
45662;all;all;1;0;0.0;5420
45727;all;all;1;0;0.0;5438
46517;all;all;1;0;0.0;5575
56530;all;all;1;0;0.0;6779
45813;none;all;1;0;0.0;5468
59027;all;all;1;0;0.0;7096
59824;none;all;1;0;0.0;7135
66249;none;all;1;0;0.0;8086
45828;all;all;1;2;0.0;5470
46099;all;all;1;0;0.0;5516
46182;all;all;1;5;0.0;5518
46211;all;all;1;2;0.0;5519
60882;none;all;1;2;0.0;7437
46248;all;all;1;0;0.0;5535
46429;all;all;1;2;0.0;5565
53303;all;all;1;2;0.0;6617
61848;all;all;1;2;0.0;7618
46444;all;all;1;1;0.0;5567
53958;all;all;1;1;0.0;6696
63248;all;all;1;1;0.0;7777
46621;all;all;1;2;0.0;5577
46662;all;all;1;0;0.0;5578
58190;all;all;1;0;0.0;7019
46672;all;all;1;3;0.0;5578
46707;all;all;1;2;0.0;5578
46908;all;all;1;2;0.0;5596
61349;none;all;1;2;0.0;7519
47224;all;all;1;8;0.0;5615
47234;all;all;1;4;0.0;5615
47368;all;all;1;2;0.0;5616
47408;none;none;1;1;0.0;5616
47474;all;all;1;3;0.0;5616
47606;all;all;1;2;0.0;5617
48856;all;all;1;2;0.0;5658
47751;all;all;1;0;0.0;5618
47853;all;all;1;0;0.0;5619
54646;all;all;1;0;0.0;6736
47998;all;all;1;2;0.0;5635
61724;all;all;1;2;0.0;7596
48017;all;all;1;2;0.0;5635
54032;all;all;1;2;0.0;6713
56612;none;all;1;2;0.0;6795
48095;all;all;1;0;0.0;5635
48420;all;all;1;0;0.0;5637
57060;all;all;1;0;0.0;6875
48149;none;all;1;1;0.0;5636
49339;none;all;1;1;0.0;5755
48218;all;all;1;2;0.0;5636
48297;all;all;1;2;0.0;5636
48435;all;all;1;1;0.0;5637
48552;all;all;1;2;0.0;5638
48723;all;all;1;1;0.0;5639
52183;all;all;1;1;0.0;6397
58503;none;all;1;1;0.0;7038
63636;all;all;1;1;0.0;7795
48841;all;all;1;0;0.0;5657
48855;all;none;1;0;0.0;5658
48872;all;all;1;4;0.0;5659
48892;all;all;1;1;0.0;5665
57525;none;none;1;1;0.0;6959
48942;all;all;1;2;0.0;5676
59767;all;none;1;2;0.0;7119
49271;all;all;1;0;0.0;5737
49284;all;all;1;2;0.0;5738
49340;none;all;1;2;0.0;5755
60223;all;all;1;2;0.0;7239
49380;all;all;1;0;0.0;5757
49400;none;none;1;2;0.0;5758
56945;none;all;1;2;0.0;6839
58274;all;all;1;2;0.0;7035
49568;none;all;1;2;0.0;5779
55240;all;all;1;2;0.0;6739
49609;all;all;1;3;0.0;5795
51473;none;all;1;3;0.0;6158
61337;all;all;1;3;0.0;7519
49667;all;all;1;4;0.0;5798
55449;none;all;1;4;0.0;6755
49990;none;all;1;2;0.0;5875
65009;all;all;1;2;0.0;7945
50141;all;all;1;1;0.0;5896
50236;all;all;1;3;0.0;5915
55517;all;all;1;3;0.0;6756
55732;all;all;1;3;0.0;6757
50834;none;all;1;1;0.0;5959
51074;all;all;1;2;0.0;6056
51185;all;all;1;1;0.0;6096
51680;none;all;1;2;0.0;6196
52001;all;all;1;2;0.0;6285
52265;none;all;1;4;0.0;6455
66417;all;all;1;4;0.0;8097
52409;none;all;1;4;0.0;6488
52648;none;all;1;0;0.0;6537
53925;all;all;1;0;0.0;6695
57541;all;all;1;0;0.0;6969
52728;none;all;1;3;0.0;6555
53365;all;all;1;1;0.0;6618
53380;all;none;1;1;0.0;6618
53510;all;all;1;0;0.0;6635
53628;all;all;1;1;0.0;6637
56606;all;all;1;1;0.0;6795
53747;all;all;1;1;0.0;6639
54071;all;all;1;1;0.0;6716
66971;all;all;1;1;0.0;8195
54296;all;all;1;4;0.0;6735
54436;all;all;1;4;0.0;6735
54365;all;all;1;3;0.0;6735
54780;all;all;1;3;0.0;6737
54903;all;all;1;1;0.0;6738
55146;none;all;1;1;0.0;6739
61095;all;all;1;1;0.0;7494
61397;all;none;1;1;0.0;7536
55201;none;all;1;3;0.0;6739
55269;all;all;1;4;0.0;6745
55271;all;all;1;0;0.0;6745
55493;all;all;1;3;0.0;6755
55543;all;all;1;5;0.0;6756
55600;none;all;1;1;0.0;6756
62152;none;none;1;1;0.0;7678
55702;all;all;1;3;0.0;6757
55759;all;all;1;2;0.0;6757
55850;all;all;1;2;0.0;6757
55982;all;all;1;2;0.0;6758
56004;all;all;1;3;0.0;6758
56463;all;all;1;2;0.0;6778
56684;all;all;1;3;0.0;6797
56799;all;all;1;2;0.0;6799
57820;all;all;1;3;0.0;7015
65254;all;all;1;3;0.0;7977
58424;all;all;1;2;0.0;7037
58506;all;all;1;2;0.0;7038
65546;all;all;1;2;0.0;7999
58510;all;all;1;2;0.0;7038
60877;all;all;1;2;0.0;7437
58534;all;all;1;3;0.0;7038
61965;all;none;1;3;0.0;7638
64837;all;all;1;3;0.0;7917
58787;all;all;1;2;0.0;7076
60570;none;all;1;2;0.0;7355
58874;all;all;1;1;0.0;7087
58926;none;all;1;1;0.0;7095
59550;all;all;1;3;0.0;7116
59637;all;all;1;2;0.0;7118
59649;all;all;1;1;0.0;7118
60060;all;all;1;1;0.0;7159
59692;all;all;1;3;0.0;7118
60073;all;all;1;0;0.0;7159
60117;all;all;1;2;0.0;7178
60324;all;none;1;0;0.0;7295
60731;none;all;1;1;0.0;7397
60987;none;all;1;1;0.0;7459
61065;all;all;1;2;0.0;7478
61232;none;none;1;3;0.0;7509
61691;all;all;1;2;0.0;7589
61896;all;all;1;1;0.0;7635
62900;all;all;1;3;0.0;7757
63116;all;all;1;1;0.0;7775
63125;all;all;1;0;0.0;7776
67071;all;all;1;0;0.0;8219
63234;all;none;1;3;0.0;7777
63523;all;all;1;2;0.0;7779
63726;all;all;1;2;0.0;7796
64644;none;all;1;2;0.0;7879
65434;all;none;1;2;0.0;7995
64645;all;all;1;0;0.0;7879
64995;all;all;1;2;0.0;7939
65053;all;all;1;2;0.0;7956
65399;all;all;1;0;0.0;7994
65758;all;all;1;0;0.0;8017
65775;all;none;1;2;0.0;8018
66028;all;all;1;4;0.0;8037
66481;none;all;1;2;0.0;8099
67316;all;all;1;0;0.0;8261
67452;all;all;1;3;0.0;8279
67481;all;all;1;2;0.0;8279
67488;all;all;1;0;0.0;8288
84731;all;all;1;0;0.0;10432
135033;all;none;1;0;0.0;15724
67510;none;all;1;0;0.0;8290
139011;none;none;1;0;0.0;16089
67574;all;all;1;1;0.0;8302
84946;all;none;1;1;0.0;10447
86251;all;none;1;1;0.0;10575
87495;all;all;1;1;0.0;10814
67600;all;all;1;0;0.0;8308
68237;all;all;1;0;0.0;8338
69502;all;all;1;0;0.0;8433
71720;all;all;1;0;0.0;8937
72898;all;all;1;0;0.0;9011
74541;all;all;1;0;0.0;9155
76501;all;all;1;0;0.0;9442
79032;none;all;1;0;0.0;9755
81004;all;all;1;0;0.0;9975
86773;all;all;1;0;0.0;10722
89255;all;all;1;0;0.0;11015
122696;all;all;1;0;0.0;14809
126067;none;all;1;0;0.0;15005
129918;all;none;1;0;0.0;15126
136764;none;all;1;0;0.0;15968
67603;all;all;1;0;0.0;8308
72731;all;all;1;0;0.0;9010
74855;all;all;1;0;0.0;9179
89196;all;all;1;0;0.0;10998
89864;all;all;1;0;0.0;11057
91258;none;none;1;0;0.0;11171
113278;all;none;1;0;0.0;13556
115425;all;none;1;0;0.0;13847
136709;all;all;1;0;0.0;15966
140762;none;none;1;0;0.0;16285
67641;all;all;1;2;0.0;8313
72141;all;all;1;2;0.0;8963
72550;all;all;1;2;0.0;9009
74778;none;all;1;2;0.0;9178
77310;all;none;1;2;0.0;9586
80888;all;none;1;2;0.0;9974
81897;none;all;1;2;0.0;10070
83176;none;all;1;2;0.0;10358
83615;all;all;1;2;0.0;10391
99573;all;all;1;2;0.0;11767
104268;all;all;1;2;0.0;12557
104378;all;all;1;2;0.0;12559
116755;all;none;1;2;0.0;13886
116855;none;all;1;2;0.0;13888
126334;none;all;1;2;0.0;15007
126425;all;all;1;2;0.0;15008
131378;none;all;1;2;0.0;15295
136039;all;all;1;2;0.0;15888
136687;none;all;1;2;0.0;15965
137952;all;all;1;2;0.0;16047
67687;none;all;1;3;0.0;8314
69558;all;all;1;3;0.0;8435
70769;all;all;1;3;0.0;8673
71397;none;all;1;3;0.0;8889
75488;all;all;1;3;0.0;9226
75527;none;all;1;3;0.0;9227
81569;all;all;1;3;0.0;10007
85968;all;all;1;3;0.0;10566
86007;all;all;1;3;0.0;10567
94712;all;all;1;3;0.0;11377
95220;all;all;1;3;0.0;11457
104279;all;none;1;3;0.0;12557
122295;all;none;1;3;0.0;14727
67694;none;all;1;5;0.0;8314
71417;none;all;1;5;0.0;8890
76356;all;all;1;5;0.0;9394
92708;all;none;1;5;0.0;11283
116766;all;all;1;5;0.0;13886
119163;none;none;1;5;0.0;14088
67712;none;all;1;1;0.0;8314
132800;all;all;1;1;0.0;15365
67719;all;all;1;4;0.0;8314
68290;all;all;1;4;0.0;8338
70930;all;all;1;4;0.0;8697
91487;all;all;1;4;0.0;11227
113890;all;all;1;4;0.0;13613
67733;all;all;1;8;0.0;8314
72832;all;all;1;8;0.0;9010
87827;all;all;1;8;0.0;10839
95714;all;all;1;8;0.0;11489
136268;none;none;1;8;0.0;15928
67742;all;all;1;0;0.0;8314
75197;all;none;1;0;0.0;9202
106344;all;none;1;0;0.0;12598
67780;all;all;1;2;0.0;8315
102400;all;none;1;2;0.0;12428
67787;none;all;1;0;0.0;8315
78716;all;none;1;0;0.0;9706
88435;all;all;1;0;0.0;10902
92121;all;none;1;0;0.0;11275
116932;all;all;1;0;0.0;13889
123638;none;all;1;0;0.0;14886
123658;all;all;1;0;0.0;14886
67793;all;all;1;3;0.0;8315
70521;all;all;1;3;0.0;8603
70592;all;all;1;3;0.0;8627
73759;none;all;1;3;0.0;9033
88743;all;none;1;3;0.0;10934
92445;all;none;1;3;0.0;11281
136693;all;all;1;3;0.0;15965
67814;all;all;1;5;0.0;8315
71791;none;all;1;5;0.0;8938
79311;all;all;1;5;0.0;9779
80309;all;all;1;5;0.0;9943
81819;all;all;1;5;0.0;10054
82012;all;none;1;5;0.0;10086
86923;all;all;1;5;0.0;10743
88672;all;all;1;5;0.0;10931
89899;all;none;1;5;0.0;11057
90359;all;all;1;5;0.0;11065
104263;all;all;1;5;0.0;12557
111432;all;all;1;5;0.0;13357
132121;none;none;1;5;0.0;15335
67818;all;all;1;1;0.0;8315
71815;all;all;1;1;0.0;8938
72876;all;none;1;1;0.0;9011
74171;all;all;1;1;0.0;9083
76440;all;all;1;1;0.0;9419
77280;all;all;1;1;0.0;9585
79031;all;all;1;1;0.0;9755
80449;all;all;1;1;0.0;9958
80993;all;all;1;1;0.0;9975
83380;all;none;1;1;0.0;10374
83612;all;all;1;1;0.0;10391
84189;all;all;1;1;0.0;10423
87785;all;all;1;1;0.0;10839
90543;all;all;1;1;0.0;11089
92735;all;all;1;1;0.0;11283
94238;all;all;1;1;0.0;11353
95675;all;all;1;1;0.0;11489
104314;all;none;1;1;0.0;12558
135269;all;all;1;1;0.0;15767
139811;all;all;1;1;0.0;16206
141535;all;all;1;1;0.0;16366
67827;all;all;1;0;0.0;8319
70610;all;all;1;0;0.0;8637
75685;all;all;1;0;0.0;9237
78774;none;all;1;0;0.0;9718
79805;none;none;1;0;0.0;9838
84476;none;none;1;0;0.0;10430
67871;all;all;1;0;0.0;8325
67874;none;all;1;0;0.0;8325
73930;all;all;1;0;0.0;9045
76039;all;all;1;0;0.0;9287
76698;all;all;1;0;0.0;9478
82288;all;all;1;0;0.0;10111
96533;none;all;1;0;0.0;11543
96780;all;all;1;0;0.0;11575
101635;all;none;1;0;0.0;12167
112531;none;none;1;0;0.0;13437
131747;all;all;1;0;0.0;15306
67889;all;all;1;1;0.0;8325
67937;all;all;1;0;0.0;8326
68977;none;all;1;0;0.0;8351
70871;all;all;1;0;0.0;8685
73421;none;all;1;0;0.0;9022
141118;all;all;1;0;0.0;16307
67974;all;all;1;0;0.0;8327
79853;all;all;1;0;0.0;9839
80055;all;all;1;0;0.0;9911
93602;all;none;1;0;0.0;11317
98849;all;all;1;0;0.0;11677
124130;none;all;1;0;0.0;14906
131833;all;all;1;0;0.0;15309
67984;all;all;1;0;0.0;8327
74933;all;all;1;0;0.0;9189
76213;all;all;1;0;0.0;9358
133559;all;all;1;0;0.0;15388
67993;all;all;1;3;0.0;8327
87521;all;all;1;3;0.0;10815
67995;all;all;1;1;0.0;8327
131962;all;all;1;1;0.0;15317
68015;all;all;1;0;0.0;8327
78146;none;none;1;0;0.0;9646
84648;all;all;1;0;0.0;10431
117876;all;all;1;0;0.0;13907
137368;none;all;1;0;0.0;16037
68044;all;all;1;0;0.0;8332
74753;all;all;1;0;0.0;9178
77289;all;all;1;0;0.0;9585
81001;all;all;1;0;0.0;9975
84169;none;all;1;0;0.0;10423
85743;none;all;1;0;0.0;10550
93816;all;all;1;0;0.0;11337
68067;all;all;1;0;0.0;8334
68092;all;all;1;1;0.0;8337
72976;all;all;1;1;0.0;9011
68104;all;all;1;0;0.0;8337
104385;all;all;1;0;0.0;12559
68109;none;all;1;0;0.0;8337
68262;all;all;1;0;0.0;8338
76439;all;all;1;0;0.0;9419
68115;none;all;1;5;0.0;8337
74593;none;all;1;5;0.0;9172
68122;all;all;1;5;0.0;8337
131289;all;all;1;5;0.0;15289
138991;none;none;1;5;0.0;16086
68136;all;all;1;1;0.0;8337
72869;all;all;1;1;0.0;9011
89596;all;all;1;1;0.0;11051
94864;all;all;1;1;0.0;11409
96730;all;all;1;1;0.0;11561
104380;all;all;1;1;0.0;12559
120543;all;all;1;1;0.0;14288
126339;all;all;1;1;0.0;15007
68137;none;all;1;0;0.0;8337
68163;all;all;1;1;0.0;8337
72397;none;all;1;1;0.0;9004
81923;all;all;1;1;0.0;10071
68177;none;all;1;6;0.0;8337
69404;none;all;1;6;0.0;8411
76278;none;all;1;6;0.0;9371
77991;all;all;1;6;0.0;9635
80997;all;all;1;6;0.0;9975
81904;all;all;1;6;0.0;10070
92374;all;none;1;6;0.0;11281
96608;all;all;1;6;0.0;11553
96999;all;all;1;6;0.0;11597
111168;all;all;1;6;0.0;13334
113649;all;all;1;6;0.0;13590
121755;all;all;1;6;0.0;14486
132968;all;all;1;6;0.0;15369
68238;none;all;1;2;0.0;8338
68489;all;all;1;2;0.0;8339
72112;none;all;1;2;0.0;8961
77605;none;all;1;2;0.0;9610
78830;all;none;1;2;0.0;9730
109235;all;all;1;2;0.0;12885
121444;none;all;1;2;0.0;14447
131259;all;none;1;2;0.0;15288
141526;all;all;1;2;0.0;16366
68258;all;all;1;0;0.0;8338
71006;all;all;1;0;0.0;8723
76051;all;all;1;0;0.0;9297
79039;all;all;1;0;0.0;9755
85849;all;all;1;0;0.0;10563
90900;none;all;1;0;0.0;11123
98233;all;all;1;0;0.0;11663
101060;none;none;1;0;0.0;12044
104281;all;all;1;0;0.0;12557
139549;all;all;1;0;0.0;16169
68268;all;all;1;0;0.0;8338
71213;all;all;1;0;0.0;8841
77363;all;all;1;0;0.0;9587
101374;all;all;1;0;0.0;12108
68319;none;all;1;4;0.0;8338
72211;all;all;1;4;0.0;8985
75182;all;all;1;4;0.0;9202
98135;none;none;1;4;0.0;11660
68320;all;all;1;0;0.0;8338
104769;all;all;1;0;0.0;12566
68321;all;all;1;2;0.0;8338
68362;all;all;1;0;0.0;8338
87776;all;none;1;0;0.0;10839
122294;all;none;1;0;0.0;14726
68410;all;all;1;1;0.0;8339
70484;all;all;1;1;0.0;8601
72674;all;all;1;1;0.0;9010
76428;all;all;1;1;0.0;9418
77986;none;all;1;1;0.0;9635
83181;all;all;1;1;0.0;10359
92091;all;all;1;1;0.0;11273
92370;all;all;1;1;0.0;11281
93730;all;none;1;1;0.0;11331
115420;all;none;1;1;0.0;13847
123695;all;none;1;1;0.0;14887
131210;none;all;1;1;0.0;15287
141547;all;all;1;1;0.0;16367
68445;none;all;1;0;0.0;8339
140813;all;all;1;0;0.0;16288
68463;none;all;1;0;0.0;8339
78518;all;all;1;0;0.0;9681
119696;all;all;1;0;0.0;14166
130145;all;none;1;0;0.0;15167
68486;none;all;1;1;0.0;8339
78549;all;all;1;1;0.0;9682
80922;all;none;1;1;0.0;9974
86636;all;none;1;1;0.0;10679
116905;all;none;1;1;0.0;13889
117066;all;all;1;1;0.0;13897
126599;all;none;1;1;0.0;15009
129762;all;all;1;1;0.0;15086
131397;all;all;1;1;0.0;15298
68507;all;all;1;0;0.0;8339
68531;all;all;1;4;0.0;8339
69367;all;all;1;4;0.0;8403
75401;all;all;1;4;0.0;9225
77771;all;none;1;4;0.0;9633
83765;all;all;1;4;0.0;10418
86995;all;all;1;4;0.0;10758
87753;all;all;1;4;0.0;10838
93731;all;none;1;4;0.0;11331
96759;all;none;1;4;0.0;11569
102217;all;all;1;4;0.0;12397
119175;all;all;1;4;0.0;14096
136756;all;none;1;4;0.0;15968
68539;none;all;1;0;0.0;8343
68541;all;all;1;1;0.0;8343
73250;none;all;1;1;0.0;9021
81494;all;all;1;1;0.0;9994
86652;all;none;1;1;0.0;10686
68564;all;all;1;0;0.0;8345
68578;all;all;1;0;0.0;8347
98500;all;all;1;0;0.0;11672
105234;none;none;1;0;0.0;12571
68619;all;all;1;1;0.0;8349
86455;none;all;1;1;0.0;10619
68636;all;all;1;1;0.0;8349
134388;none;all;1;1;0.0;15555
68659;all;all;1;0;0.0;8349
71278;none;all;1;0;0.0;8855
73130;all;all;1;0;0.0;9021
74479;all;all;1;0;0.0;9143
128121;all;none;1;0;0.0;15025
130673;all;all;1;0;0.0;15266
141200;all;all;1;0;0.0;16315
68674;none;all;1;3;0.0;8349
88150;none;none;1;3;0.0;10862
117964;all;all;1;3;0.0;13909
68676;all;all;1;0;0.0;8349
68733;none;all;1;3;0.0;8349
78287;all;all;1;3;0.0;9647
83570;all;all;1;3;0.0;10383
93984;none;all;1;3;0.0;11341
94455;all;all;1;3;0.0;11357
68755;none;all;1;2;0.0;8349
72352;all;all;1;2;0.0;8999
73244;all;all;1;2;0.0;9021
89678;all;none;1;2;0.0;11053
129841;all;all;1;2;0.0;15116
68767;all;all;1;0;0.0;8350
72024;all;all;1;0;0.0;8950
88044;all;all;1;0;0.0;10847
105980;all;all;1;0;0.0;12580
68788;all;all;1;0;0.0;8350
70298;all;all;1;0;0.0;8542
71535;all;all;1;0;0.0;8903
73536;all;all;1;0;0.0;9023
79453;none;none;1;0;0.0;9791
83531;all;all;1;0;0.0;10382
92149;all;none;1;0;0.0;11279
68806;all;all;1;1;0.0;8350
68851;all;all;1;0;0.0;8350
128358;all;all;1;0;0.0;15028
128359;all;all;1;0;0.0;15028
131832;all;all;1;0;0.0;15309
68932;none;all;1;4;0.0;8350
70968;all;all;1;4;0.0;8710
87981;all;all;1;4;0.0;10846
102310;all;all;1;4;0.0;12415
68936;none;all;1;2;0.0;8350
79113;all;none;1;2;0.0;9765
100133;all;all;1;2;0.0;11871
124142;all;all;1;2;0.0;14907
68958;all;all;1;0;0.0;8351
82381;all;all;1;0;0.0;10142
82956;all;all;1;0;0.0;10318
87547;all;all;1;0;0.0;10815
90949;all;none;1;0;0.0;11125
106086;all;none;1;0;0.0;12583
110498;all;all;1;0;0.0;13244
112737;none;none;1;0;0.0;13469
118177;all;all;1;0;0.0;13918
68974;all;none;1;2;0.0;8351
74096;none;all;1;2;0.0;9069
74450;all;none;1;2;0.0;9141
76462;all;all;1;2;0.0;9430
84492;all;all;1;2;0.0;10430
115848;all;none;1;2;0.0;13866
118148;all;all;1;2;0.0;13915
68997;all;all;1;4;0.0;8351
68998;all;all;1;0;0.0;8351
69045;all;all;1;0;0.0;8351
81448;none;all;1;0;0.0;9983
117869;all;all;1;0;0.0;13907
118811;none;all;1;0;0.0;14025
69005;all;all;1;2;0.0;8351
117866;none;all;1;2;0.0;13907
122379;none;none;1;2;0.0;14746
69017;none;all;1;0;0.0;8351
78767;all;all;1;0;0.0;9718
78898;all;none;1;0;0.0;9742
84512;none;all;1;0;0.0;10430
103212;all;none;1;0;0.0;12486
121836;none;all;1;0;0.0;14506
69021;all;all;1;0;0.0;8351
93138;all;all;1;0;0.0;11287
69035;all;all;1;3;0.0;8351
69037;all;all;1;2;0.0;8351
69983;all;all;1;2;0.0;8517
85659;all;all;1;2;0.0;10542
89183;all;all;1;2;0.0;10991
91418;all;none;1;2;0.0;11205
93616;all;all;1;2;0.0;11319
107820;all;all;1;2;0.0;12798
121946;all;all;1;2;0.0;14548
128103;all;all;1;2;0.0;15025
69047;all;all;1;4;0.0;8351
70038;all;all;1;4;0.0;8519
74122;all;all;1;4;0.0;9071
82431;all;none;1;4;0.0;10158
95126;all;all;1;4;0.0;11445
120636;all;all;1;4;0.0;14309
69075;all;all;1;3;0.0;8351
103054;none;all;1;3;0.0;12476
69081;all;all;1;3;0.0;8351
71480;all;all;1;3;0.0;8901
75702;all;all;1;3;0.0;9238
69228;all;all;1;1;0.0;8375
69236;all;all;1;4;0.0;8375
81319;all;none;1;4;0.0;9982
133602;all;none;1;4;0.0;15389
69238;none;none;1;5;0.0;8375
70327;all;all;1;5;0.0;8543
82260;none;all;1;5;0.0;10110
82641;all;all;1;5;0.0;10203
114856;all;all;1;5;0.0;13799
138623;all;none;1;5;0.0;16065
69242;all;all;1;3;0.0;8379
72274;all;all;1;3;0.0;8987
76357;all;all;1;3;0.0;9394
76771;all;all;1;3;0.0;9490
77735;all;all;1;3;0.0;9633
86580;none;all;1;3;0.0;10663
91103;all;all;1;3;0.0;11153
92432;all;all;1;3;0.0;11281
96604;all;all;1;3;0.0;11553
98229;all;all;1;3;0.0;11663
101666;all;all;1;3;0.0;12183
107468;all;all;1;3;0.0;12781
122670;all;none;1;3;0.0;14806
131216;all;all;1;3;0.0;15287
132867;all;all;1;3;0.0;15367
69268;all;all;1;3;0.0;8386
72139;all;all;1;3;0.0;8963
76911;all;all;1;3;0.0;9515
80955;all;all;1;3;0.0;9974
82900;all;none;1;3;0.0;10295
91532;all;none;1;3;0.0;11233
91651;all;all;1;3;0.0;11249
93646;all;all;1;3;0.0;11321
94880;all;none;1;3;0.0;11411
121500;all;all;1;3;0.0;14459
126230;none;all;1;3;0.0;15006
69283;none;all;1;0;0.0;8386
69711;none;all;1;0;0.0;8476
79884;all;all;1;0;0.0;9850
83979;all;all;1;0;0.0;10422
84829;all;all;1;0;0.0;10439
126278;all;all;1;0;0.0;15007
141559;all;all;1;0;0.0;16368
69326;all;all;1;2;0.0;8397
69445;all;all;1;2;0.0;8422
120315;all;all;1;2;0.0;14226
133510;all;all;1;2;0.0;15386
69479;all;all;1;3;0.0;8433
138014;all;all;1;3;0.0;16049
69491;all;all;1;3;0.0;8433
83394;all;all;1;3;0.0;10374
91823;all;all;1;3;0.0;11257
69518;all;all;1;3;0.0;8434
116768;all;none;1;3;0.0;13886
123033;all;all;1;3;0.0;14849
126369;all;all;1;3;0.0;15007
69521;all;all;1;0;0.0;8434
69525;all;all;1;5;0.0;8434
104256;all;none;1;5;0.0;12557
69606;all;all;1;0;0.0;8446
70908;all;all;1;0;0.0;8687
69611;all;all;1;2;0.0;8447
72180;all;all;1;2;0.0;8974
72196;all;all;1;2;0.0;8975
76808;all;all;1;2;0.0;9497
81389;all;all;1;2;0.0;9983
83453;all;all;1;2;0.0;10379
84566;all;all;1;2;0.0;10430
90802;all;none;1;2;0.0;11117
95041;all;all;1;2;0.0;11437
96526;none;all;1;2;0.0;11543
109124;all;all;1;2;0.0;12871
110824;none;none;1;2;0.0;13319
113093;all;all;1;2;0.0;13532
128355;none;all;1;2;0.0;15028
69622;all;all;1;5;0.0;8447
69642;all;all;1;0;0.0;8457
71857;none;all;1;0;0.0;8939
72372;all;all;1;0;0.0;9003
75879;all;all;1;0;0.0;9250
76608;all;all;1;0;0.0;9466
80075;all;all;1;0;0.0;9921
89005;none;all;1;0;0.0;10967
94775;all;all;1;0;0.0;11393
102108;all;all;1;0;0.0;12372
102216;all;all;1;0;0.0;12397
106628;all;all;1;0;0.0;12631
111808;all;none;1;0;0.0;13390
141549;all;all;1;0;0.0;16367
69687;none;all;1;0;0.0;8470
70471;all;all;1;0;0.0;8591
69700;all;all;1;3;0.0;8471
73109;all;all;1;3;0.0;9021
75298;all;all;1;3;0.0;9215
76704;all;none;1;3;0.0;9478
86406;all;all;1;3;0.0;10591
88071;none;all;1;3;0.0;10847
90144;none;all;1;3;0.0;11061
93187;none;all;1;3;0.0;11287
98906;all;none;1;3;0.0;11679
102305;none;all;1;3;0.0;12414
105442;all;none;1;3;0.0;12574
109832;all;all;1;3;0.0;13085
124153;all;all;1;3;0.0;14907
138700;all;all;1;3;0.0;16068
69781;all;all;1;6;0.0;8483
112664;all;all;1;6;0.0;13463
134336;all;all;1;6;0.0;15529
134610;all;none;1;6;0.0;15607
69789;all;all;1;0;0.0;8483
74832;none;all;1;0;0.0;9179
77359;all;all;1;0;0.0;9587
79695;all;all;1;0;0.0;9827
126414;all;all;1;0;0.0;15008
69817;all;all;1;0;0.0;8493
140536;all;all;1;0;0.0;16275
69831;all;all;1;2;0.0;8493
101296;all;all;1;2;0.0;12103
106061;none;all;1;2;0.0;12582
69842;all;all;1;0;0.0;8494
69861;all;all;1;2;0.0;8494
93694;all;all;1;2;0.0;11327
69894;all;all;1;0;0.0;8501
69924;none;all;1;0;0.0;8506
74840;all;all;1;0;0.0;9179
93299;all;all;1;0;0.0;11289
116813;none;all;1;0;0.0;13887
126219;all;all;1;0;0.0;15006
69976;none;all;1;2;0.0;8512
73215;all;all;1;2;0.0;9021
76474;all;all;1;2;0.0;9431
114552;all;all;1;2;0.0;13767
69989;all;all;1;0;0.0;8517
78781;all;all;1;0;0.0;9719
85077;all;all;1;0;0.0;10478
103076;none;all;1;0;0.0;12478
128858;none;all;1;0;0.0;15036
129586;all;none;1;0;0.0;15067
142694;all;all;1;0;0.0;16548
69997;all;all;1;0;0.0;8517
93133;all;none;1;0;0.0;11287
112232;all;all;1;0;0.0;13406
70032;none;all;1;3;0.0;8519
70094;all;all;1;3;0.0;8529
72514;all;all;1;3;0.0;9009
74402;all;all;1;3;0.0;9130
78994;all;none;1;3;0.0;9754
85433;all;all;1;3;0.0;10534
126050;none;none;1;3;0.0;15005
70150;none;all;1;2;0.0;8530
72696;none;all;1;2;0.0;9010
76427;all;all;1;2;0.0;9417
77681;all;none;1;2;0.0;9628
85089;all;all;1;2;0.0;10482
90360;all;all;1;2;0.0;11065
92027;none;all;1;2;0.0;11265
92114;all;all;1;2;0.0;11275
92399;all;all;1;2;0.0;11281
94359;all;all;1;2;0.0;11355
104291;all;none;1;2;0.0;12558
135279;none;all;1;2;0.0;15769
70182;all;all;1;0;0.0;8531
104371;all;none;1;0;0.0;12559
130398;all;all;1;0;0.0;15207
70228;all;all;1;0;0.0;8541
70286;all;all;1;0;0.0;8542
77227;none;none;1;0;0.0;9575
82676;all;all;1;0;0.0;10206
105986;all;all;1;0;0.0;12580
134819;all;all;1;0;0.0;15669
70253;none;all;1;4;0.0;8541
90524;all;all;1;4;0.0;11087
70259;all;all;1;2;0.0;8541
71479;all;none;1;2;0.0;8901
73678;all;all;1;2;0.0;9023
82677;none;none;1;2;0.0;10206
84652;none;all;1;2;0.0;10431
100735;all;all;1;2;0.0;11942
128141;all;all;1;2;0.0;15026
135384;all;all;1;2;0.0;15786
70262;all;all;1;1;0.0;8542
109619;all;none;1;1;0.0;13021
70263;all;all;1;0;0.0;8542
70350;all;all;1;2;0.0;8543
76206;all;all;1;2;0.0;9358
79138;none;all;1;2;0.0;9766
84952;all;all;1;2;0.0;10447
88888;none;none;1;2;0.0;10943
93173;all;all;1;2;0.0;11287
70361;all;none;1;0;0.0;8553
83432;all;all;1;0;0.0;10375
89863;all;all;1;0;0.0;11057
121465;all;all;1;0;0.0;14449
134225;all;all;1;0;0.0;15485
70362;all;all;1;0;0.0;8553
72739;none;all;1;0;0.0;9010
84987;all;all;1;0;0.0;10454
100494;all;all;1;0;0.0;11918
102934;all;all;1;0;0.0;12471
112851;none;none;1;0;0.0;13487
70363;all;all;1;2;0.0;8553
70368;none;all;1;0;0.0;8554
84216;all;all;1;0;0.0;10423
70379;all;all;1;1;0.0;8561
70399;all;all;1;2;0.0;8567
76854;all;all;1;2;0.0;9503
94167;all;all;1;2;0.0;11351
105996;none;all;1;2;0.0;12581
118633;all;all;1;2;0.0;13988
135684;none;all;1;2;0.0;15826
70430;all;all;1;4;0.0;8579
72458;all;all;1;4;0.0;9009
82144;none;none;1;4;0.0;10102
88109;none;none;1;4;0.0;10854
90903;all;all;1;4;0.0;11123
110443;all;all;1;4;0.0;13230
121981;all;all;1;4;0.0;14567
126849;all;all;1;4;0.0;15016
70472;all;all;1;0;0.0;8591
70556;all;all;1;2;0.0;8625
77005;all;all;1;2;0.0;9538
88740;all;none;1;2;0.0;10934
70563;all;all;1;0;0.0;8625
90548;none;all;1;0;0.0;11089
137284;all;all;1;0;0.0;16009
137974;all;none;1;0;0.0;16048
70564;none;all;1;3;0.0;8625
72707;all;all;1;3;0.0;9010
70629;all;all;1;2;0.0;8638
73261;all;all;1;2;0.0;9021
91155;all;all;1;2;0.0;11159
120637;all;all;1;2;0.0;14309
70644;all;all;1;0;0.0;8638
91995;all;all;1;0;0.0;11263
115904;all;none;1;0;0.0;13869
131958;all;all;1;0;0.0;15317
70742;all;all;1;0;0.0;8663
95258;all;all;1;0;0.0;11461
70758;all;all;1;2;0.0;8671
70794;all;all;1;3;0.0;8674
73733;all;all;1;3;0.0;9033
74140;none;all;1;3;0.0;9081
74398;all;none;1;3;0.0;9130
76070;all;all;1;3;0.0;9299
80471;none;all;1;3;0.0;9958
99701;none;all;1;3;0.0;11788
116819;all;all;1;3;0.0;13887
135282;all;all;1;3;0.0;15769
70806;none;all;1;0;0.0;8674
70808;none;all;1;1;0.0;8674
71697;all;all;1;1;0.0;8931
72138;all;all;1;1;0.0;8963
72524;all;all;1;1;0.0;9009
75165;all;all;1;1;0.0;9201
76735;all;all;1;1;0.0;9484
79581;all;all;1;1;0.0;9825
81990;all;none;1;1;0.0;10082
92631;all;all;1;1;0.0;11283
113563;all;none;1;1;0.0;13580
139533;all;all;1;1;0.0;16166
70878;none;all;1;0;0.0;8686
72297;all;all;1;0;0.0;8997
79472;all;all;1;0;0.0;9791
137087;none;all;1;0;0.0;15985
70897;all;all;1;1;0.0;8687
72359;all;all;1;1;0.0;8999
75079;all;all;1;1;0.0;9191
70935;all;all;1;2;0.0;8698
91066;all;all;1;2;0.0;11147
70993;all;all;1;2;0.0;8721
77006;all;all;1;2;0.0;9538
84820;all;all;1;2;0.0;10438
96128;all;all;1;2;0.0;11513
101956;all;all;1;2;0.0;12332
71026;all;all;1;0;0.0;8735
83635;all;all;1;0;0.0;10398
84528;all;all;1;0;0.0;10430
96104;all;all;1;0;0.0;11511
71053;all;all;1;3;0.0;8746
72366;all;all;1;3;0.0;9003
101657;none;all;1;3;0.0;12173
71076;all;none;1;4;0.0;8758
82441;all;all;1;4;0.0;10159
71081;all;all;1;2;0.0;8758
71090;all;all;1;0;0.0;8759
71092;none;all;1;0;0.0;8766
107370;all;all;1;0;0.0;12778
123463;all;all;1;0;0.0;14883
135530;all;all;1;0;0.0;15804
71093;none;all;1;1;0.0;8769
80103;all;all;1;1;0.0;9922
71125;all;all;1;2;0.0;8782
105500;all;all;1;2;0.0;12575
117966;all;all;1;2;0.0;13909
71127;none;all;1;0;0.0;8782
85686;all;none;1;0;0.0;10543
71133;all;all;1;0;0.0;8783
79736;all;all;1;0;0.0;9837
71136;all;all;1;2;0.0;8783
90632;all;none;1;2;0.0;11101
93237;all;all;1;2;0.0;11287
94561;all;all;1;2;0.0;11359
115838;none;all;1;2;0.0;13865
118153;all;all;1;2;0.0;13916
141202;all;none;1;2;0.0;16316
71139;all;all;1;0;0.0;8789
136734;all;all;1;0;0.0;15967
71203;all;all;1;0;0.0;8831
71239;all;all;1;1;0.0;8843
71820;all;all;1;1;0.0;8938
82927;all;all;1;1;0.0;10310
104397;all;all;1;1;0.0;12559
121428;all;none;1;1;0.0;14446
122048;none;all;1;1;0.0;14609
71256;all;all;1;0;0.0;8853
73481;all;all;1;0;0.0;9022
75131;all;none;1;0;0.0;9191
78241;all;all;1;0;0.0;9646
80613;all;all;1;0;0.0;9966
113424;none;all;1;0;0.0;13572
71261;none;all;1;3;0.0;8853
88783;all;all;1;3;0.0;10939
139644;all;all;1;3;0.0;16187
71311;all;all;1;3;0.0;8866
111059;all;all;1;3;0.0;13326
114940;all;all;1;3;0.0;13805
71329;all;all;1;0;0.0;8867
71363;all;all;1;1;0.0;8879
75994;all;all;1;1;0.0;9263
79817;all;none;1;1;0.0;9838
84701;all;all;1;1;0.0;10431
86657;none;all;1;1;0.0;10686
102026;all;all;1;1;0.0;12351
120394;all;all;1;1;0.0;14237
71369;all;all;1;3;0.0;8879
71469;all;all;1;3;0.0;8901
84531;all;none;1;3;0.0;10430
94001;all;all;1;3;0.0;11341
109112;all;none;1;3;0.0;12870
111312;all;all;1;3;0.0;13343
118629;all;all;1;3;0.0;13987
133565;all;none;1;3;0.0;15388
133727;all;none;1;3;0.0;15395
138711;all;all;1;3;0.0;16069
71396;all;all;1;5;0.0;8889
96303;all;all;1;5;0.0;11531
71401;all;all;1;4;0.0;8889
71432;all;all;1;4;0.0;8890
77745;all;all;1;4;0.0;9633
89925;all;all;1;4;0.0;11057
71446;all;all;1;0;0.0;8891
72434;all;all;1;0;0.0;9009
73895;all;none;1;0;0.0;9035
82809;all;all;1;0;0.0;10247
71477;all;all;1;1;0.0;8901
130046;all;none;1;1;0.0;15156
71547;all;all;1;0;0.0;8913
74063;all;all;1;0;0.0;9057
75208;all;all;1;0;0.0;9203
76759;all;all;1;0;0.0;9489
94598;all;all;1;0;0.0;11361
107454;all;all;1;0;0.0;12780
114076;all;none;1;0;0.0;13647
136789;all;all;1;0;0.0;15969
71620;all;all;1;3;0.0;8919
102513;all;all;1;3;0.0;12446
71656;all;all;1;0;0.0;8926
75061;all;all;1;0;0.0;9191
80220;all;all;1;0;0.0;9934
81300;all;all;1;0;0.0;9982
109107;all;none;1;0;0.0;12870
71700;all;all;1;3;0.0;8931
75865;none;all;1;3;0.0;9249
77400;all;all;1;3;0.0;9587
82191;all;all;1;3;0.0;10103
126575;none;all;1;3;0.0;15009
131128;none;all;1;3;0.0;15285
135244;all;all;1;3;0.0;15765
136069;all;all;1;3;0.0;15897
139261;all;all;1;3;0.0;16127
71706;none;all;1;1;0.0;8933
72882;all;all;1;1;0.0;9011
80026;all;all;1;1;0.0;9899
90493;all;all;1;1;0.0;11083
104362;all;all;1;1;0.0;12559
123635;all;all;1;1;0.0;14886
126108;all;all;1;1;0.0;15005
131283;all;all;1;1;0.0;15289
71778;all;all;1;3;0.0;8938
85969;none;all;1;3;0.0;10566
87813;all;none;1;3;0.0;10839
93317;all;all;1;3;0.0;11289
107643;all;all;1;3;0.0;12791
116798;none;all;1;3;0.0;13887
126443;none;none;1;3;0.0;15008
71779;all;all;1;3;0.0;8938
104192;all;all;1;3;0.0;12556
71792;all;all;1;1;0.0;8938
78958;all;none;1;1;0.0;9753
83362;all;all;1;1;0.0;10374
117049;all;all;1;1;0.0;13895
123828;all;none;1;1;0.0;14896
71802;all;all;1;1;0.0;8938
72786;all;all;1;1;0.0;9010
76071;all;all;1;1;0.0;9299
79658;all;all;1;1;0.0;9826
96768;all;all;1;1;0.0;11571
101061;all;all;1;1;0.0;12045
101981;all;all;1;1;0.0;12342
71875;all;all;1;0;0.0;8939
130628;all;all;1;0;0.0;15259
71888;all;all;1;3;0.0;8939
76876;none;all;1;3;0.0;9513
88336;all;all;1;3;0.0;10887
104355;all;all;1;3;0.0;12559
126620;all;all;1;3;0.0;15009
72083;all;all;1;0;0.0;8951
88585;all;all;1;0;0.0;10923
72117;all;all;1;1;0.0;8962
72459;all;all;1;1;0.0;9009
94603;all;all;1;1;0.0;11361
72148;all;all;1;2;0.0;8963
72842;all;all;1;2;0.0;9011
99553;all;all;1;2;0.0;11759
116811;all;all;1;2;0.0;13887
126381;all;all;1;2;0.0;15007
72150;all;all;1;1;0.0;8963
72179;all;all;1;1;0.0;8974
93137;none;all;1;1;0.0;11287
138667;all;all;1;1;0.0;16067
72182;all;all;1;0;0.0;8974
79361;none;none;1;0;0.0;9789
72201;all;all;1;0;0.0;8975
77208;none;none;1;0;0.0;9574
78103;all;none;1;0;0.0;9645
88476;none;all;1;0;0.0;10910
72252;all;all;1;1;0.0;8986
78542;all;all;1;1;0.0;9682
72253;all;all;1;7;0.0;8986
116906;all;none;1;7;0.0;13889
132907;none;all;1;7;0.0;15368
72341;all;all;1;1;0.0;8999
86956;all;all;1;1;0.0;10750
120628;all;all;1;1;0.0;14306
72474;all;all;1;3;0.0;9009
88756;all;none;1;3;0.0;10935
92451;all;all;1;3;0.0;11281
115434;none;all;1;3;0.0;13847
72500;all;all;1;3;0.0;9009
126256;all;all;1;3;0.0;15006
72554;all;none;1;1;0.0;9009
76977;all;all;1;1;0.0;9533
113581;none;all;1;1;0.0;13582
72612;all;all;1;2;0.0;9009
72698;all;all;1;2;0.0;9010
77610;none;all;1;2;0.0;9610
77879;all;all;1;2;0.0;9634
123744;none;all;1;2;0.0;14889
72711;all;all;1;0;0.0;9010
84155;all;all;1;0;0.0;10423
72781;none;all;1;1;0.0;9010
85117;all;all;1;1;0.0;10487
94389;none;all;1;1;0.0;11355
121454;all;all;1;1;0.0;14448
123825;all;all;1;1;0.0;14895
126195;all;all;1;1;0.0;15006
134740;all;all;1;1;0.0;15646
72783;all;all;1;0;0.0;9010
94131;all;all;1;0;0.0;11347
72796;all;all;1;2;0.0;9010
90484;all;all;1;2;0.0;11081
72815;all;all;1;2;0.0;9010
74773;all;all;1;2;0.0;9178
118283;all;all;1;2;0.0;13927
120719;all;all;1;2;0.0;14329
72897;all;all;1;0;0.0;9011
77796;all;none;1;0;0.0;9633
80942;all;all;1;0;0.0;9974
96045;all;all;1;0;0.0;11505
122298;all;none;1;0;0.0;14727
72957;all;all;1;1;0.0;9011
83265;all;none;1;1;0.0;10370
132852;all;all;1;1;0.0;15367
137940;all;none;1;1;0.0;16047
72968;all;all;1;1;0.0;9011
79572;none;all;1;1;0.0;9825
90358;all;all;1;1;0.0;11065
100488;all;all;1;1;0.0;11917
108446;all;all;1;1;0.0;12844
129211;all;all;1;1;0.0;15045
138147;all;none;1;1;0.0;16058
73012;all;all;1;1;0.0;9011
95290;none;none;1;1;0.0;11465
141576;all;none;1;1;0.0;16369
73041;all;all;1;0;0.0;9011
97283;all;all;1;0;0.0;11629
136013;all;all;1;0;0.0;15885
73056;all;all;1;6;0.0;9015
73060;all;all;1;3;0.0;9016
74883;none;all;1;3;0.0;9189
112231;all;all;1;3;0.0;13406
73069;all;all;1;0;0.0;9016
95867;all;all;1;0;0.0;11493
73073;all;all;1;0;0.0;9017
73100;none;all;1;0;0.0;9021
74871;all;all;1;0;0.0;9184
73117;all;all;1;0;0.0;9021
73152;all;all;1;1;0.0;9021
101527;all;all;1;1;0.0;12132
73210;all;all;1;0;0.0;9021
78289;all;all;1;0;0.0;9647
82859;all;none;1;0;0.0;10270
93010;all;all;1;0;0.0;11285
99457;all;none;1;0;0.0;11740
73235;none;all;1;2;0.0;9021
78179;all;all;1;2;0.0;9646
73263;all;all;1;0;0.0;9021
81310;all;all;1;0;0.0;9982
73401;all;all;1;1;0.0;9022
118145;all;all;1;1;0.0;13915
73433;all;all;1;5;0.0;9022
73452;all;all;1;0;0.0;9022
77407;all;all;1;0;0.0;9591
73469;all;all;1;1;0.0;9022
93998;all;all;1;1;0.0;11341
73488;all;all;1;0;0.0;9022
85682;all;all;1;0;0.0;10543
119810;all;all;1;0;0.0;14186
73512;all;all;1;0;0.0;9023
79070;none;all;1;0;0.0;9759
73546;all;all;1;0;0.0;9023
78014;all;all;1;0;0.0;9639
79397;all;none;1;0;0.0;9789
128247;all;all;1;0;0.0;15027
139996;all;all;1;0;0.0;16229
73583;all;all;1;3;0.0;9023
80211;all;all;1;3;0.0;9934
73590;all;all;1;1;0.0;9023
73639;all;all;1;1;0.0;9023
73655;none;all;1;3;0.0;9023
74866;all;all;1;3;0.0;9183
73665;all;all;1;0;0.0;9023
73672;all;all;1;2;0.0;9023
86403;all;all;1;2;0.0;10591
73682;all;all;1;0;0.0;9023
73751;none;all;1;1;0.0;9033
92425;all;all;1;1;0.0;11281
98185;all;all;1;1;0.0;11662
101801;none;all;1;1;0.0;12246
101881;all;none;1;1;0.0;12308
118518;all;all;1;1;0.0;13966
123611;all;all;1;1;0.0;14885
129238;all;all;1;1;0.0;15047
129355;all;all;1;1;0.0;15059
131251;all;all;1;1;0.0;15288
73807;all;all;1;3;0.0;9034
74710;all;all;1;3;0.0;9178
126410;all;all;1;3;0.0;15008
137933;all;all;1;3;0.0;16047
73809;all;all;1;0;0.0;9034
86341;none;all;1;0;0.0;10583
108675;all;all;1;0;0.0;12855
73923;all;all;1;0;0.0;9045
74961;all;all;1;0;0.0;9189
73938;none;all;1;3;0.0;9045
122381;all;all;1;3;0.0;14747
73960;all;all;1;2;0.0;9046
74010;none;all;1;0;0.0;9047
107201;all;none;1;0;0.0;12765
74012;all;all;1;0;0.0;9047
74037;none;all;1;0;0.0;9047
74040;none;all;1;0;0.0;9047
74210;all;none;1;0;0.0;9094
74045;all;all;1;0;0.0;9047
86077;all;none;1;0;0.0;10570
74073;all;all;1;1;0.0;9058
76915;all;all;1;1;0.0;9515
77263;all;all;1;1;0.0;9585
79687;all;all;1;1;0.0;9827
87372;all;all;1;1;0.0;10807
98223;all;none;1;1;0.0;11663
74086;none;all;1;1;0.0;9059
83609;all;all;1;1;0.0;10390
90361;all;all;1;1;0.0;11065
99706;all;all;1;1;0.0;11789
74092;all;all;1;2;0.0;9069
74146;all;all;1;2;0.0;9082
76779;all;all;1;2;0.0;9490
78817;none;all;1;2;0.0;9729
74269;all;all;1;2;0.0;9106
82633;all;all;1;2;0.0;10199
94276;all;all;1;2;0.0;11353
94840;all;all;1;2;0.0;11403
117054;all;all;1;2;0.0;13896
74308;all;all;1;4;0.0;9107
82030;all;all;1;4;0.0;10087
82620;all;all;1;4;0.0;10198
74361;all;all;1;2;0.0;9119
78173;all;all;1;2;0.0;9646
84617;all;all;1;2;0.0;10431
74392;all;all;1;3;0.0;9129
74413;all;all;1;0;0.0;9130
134460;all;none;1;0;0.0;15567
74419;all;all;1;0;0.0;9131
94626;all;all;1;0;0.0;11363
74482;all;all;1;0;0.0;9143
112207;all;all;1;0;0.0;13405
74483;all;all;1;0;0.0;9143
78198;all;all;1;0;0.0;9646
82058;all;all;1;0;0.0;10094
140540;all;none;1;0;0.0;16277
74570;all;all;1;3;0.0;9166
74581;all;all;1;1;0.0;9167
76220;all;all;1;1;0.0;9359
77105;all;all;1;1;0.0;9551
85023;all;all;1;1;0.0;10463
89417;all;all;1;1;0.0;11039
122528;all;all;1;1;0.0;14786
137124;all;all;1;1;0.0;15988
74585;all;all;1;0;0.0;9168
97857;all;all;1;0;0.0;11657
137612;all;none;1;0;0.0;16042
74594;all;all;1;2;0.0;9172
74598;all;all;1;4;0.0;9172
88434;all;all;1;4;0.0;10902
114051;all;all;1;4;0.0;13644
133068;all;none;1;4;0.0;15376
74608;all;all;1;0;0.0;9174
133872;all;all;1;0;0.0;15404
74650;none;all;1;0;0.0;9177
74838;all;all;1;0;0.0;9179
76520;none;all;1;0;0.0;9443
76607;all;all;1;0;0.0;9466
77760;all;all;1;0;0.0;9633
78736;all;all;1;0;0.0;9707
83770;none;none;1;0;0.0;10419
85751;all;none;1;0;0.0;10550
88220;all;all;1;0;0.0;10871
112451;none;none;1;0;0.0;13422
123674;all;all;1;0;0.0;14887
140213;all;none;1;0;0.0;16246
74700;all;all;1;3;0.0;9178
85057;all;none;1;3;0.0;10471
85464;all;all;1;3;0.0;10534
111761;all;all;1;3;0.0;13388
74729;all;all;1;4;0.0;9178
77876;all;none;1;4;0.0;9634
94240;all;none;1;4;0.0;11353
95393;all;all;1;4;0.0;11473
100024;all;all;1;4;0.0;11855
135284;none;all;1;4;0.0;15769
142458;all;all;1;4;0.0;16526
74814;all;all;1;0;0.0;9179
136710;all;all;1;0;0.0;15966
74816;all;all;1;0;0.0;9179
82984;none;all;1;0;0.0;10326
74851;none;all;1;3;0.0;9179
91836;none;all;1;3;0.0;11257
97392;none;all;1;3;0.0;11639
74880;all;all;1;0;0.0;9187
84306;all;all;1;0;0.0;10428
86092;none;none;1;0;0.0;10572
95031;all;all;1;0;0.0;11436
97432;all;none;1;0;0.0;11640
101464;all;all;1;0;0.0;12122
115554;none;all;1;0;0.0;13860
74915;all;all;1;1;0.0;9189
76938;all;all;1;1;0.0;9525
82696;none;all;1;1;0.0;10207
92904;all;all;1;1;0.0;11285
95858;none;none;1;1;0.0;11493
101274;all;all;1;1;0.0;12093
102303;all;all;1;1;0.0;12413
107981;all;all;1;1;0.0;12807
128074;all;all;1;1;0.0;15025
133585;all;none;1;1;0.0;15389
133592;all;all;1;1;0.0;15389
134189;all;all;1;1;0.0;15469
139391;none;all;1;1;0.0;16145
74919;all;all;1;3;0.0;9189
81382;all;all;1;3;0.0;9983
87539;all;all;1;3;0.0;10815
88656;all;all;1;3;0.0;10927
74942;all;all;1;0;0.0;9189
74962;all;all;1;0;0.0;9189
75754;all;all;1;0;0.0;9238
79991;all;all;1;0;0.0;9887
81832;none;all;1;0;0.0;10058
74972;all;all;1;0;0.0;9190
75058;all;all;1;0;0.0;9191
77083;all;all;1;0;0.0;9550
78789;all;all;1;0;0.0;9719
81415;all;all;1;0;0.0;9983
89099;all;all;1;0;0.0;10974
90151;all;all;1;0;0.0;11061
108908;none;all;1;0;0.0;12863
75028;all;all;1;1;0.0;9190
75047;all;all;1;2;0.0;9190
75050;all;all;1;4;0.0;9190
75060;all;all;1;0;0.0;9191
75092;all;all;1;0;0.0;9191
85155;none;all;1;0;0.0;10494
87980;all;all;1;0;0.0;10846
75106;all;all;1;2;0.0;9191
112367;all;none;1;2;0.0;13412
135431;all;all;1;2;0.0;15799
75137;all;all;1;1;0.0;9191
75227;all;all;1;2;0.0;9208
78243;all;none;1;2;0.0;9647
75237;all;all;1;0;0.0;9213
75265;none;all;1;3;0.0;9214
84654;all;all;1;3;0.0;10431
75278;all;all;1;4;0.0;9214
75424;all;all;1;1;0.0;9226
91480;all;all;1;1;0.0;11225
96857;all;all;1;1;0.0;11585
132096;all;all;1;1;0.0;15328
75438;all;all;1;5;0.0;9226
76020;all;all;1;5;0.0;9275
101376;all;none;1;5;0.0;12108
101426;none;all;1;5;0.0;12119
75555;all;all;1;1;0.0;9227
80944;all;all;1;1;0.0;9974
88738;none;all;1;1;0.0;10934
92384;all;all;1;1;0.0;11281
104813;all;all;1;1;0.0;12567
115483;all;all;1;1;0.0;13849
126264;all;all;1;1;0.0;15006
131234;all;all;1;1;0.0;15288
75628;all;all;1;6;0.0;9237
75634;all;all;1;4;0.0;9237
75644;all;all;1;4;0.0;9237
76824;all;all;1;4;0.0;9501
75650;none;all;1;0;0.0;9237
93505;none;all;1;0;0.0;11303
75674;none;all;1;2;0.0;9237
75681;all;all;1;1;0.0;9237
83238;none;all;1;1;0.0;10366
87513;all;none;1;1;0.0;10814
75790;all;all;1;0;0.0;9239
79864;all;none;1;0;0.0;9839
92935;all;all;1;0;0.0;11285
102570;none;all;1;0;0.0;12453
115887;all;all;1;0;0.0;13868
75807;all;all;1;4;0.0;9239
84536;all;all;1;4;0.0;10430
87507;all;all;1;4;0.0;10814
94007;all;all;1;4;0.0;11341
121012;all;none;1;4;0.0;14389
75827;all;all;1;0;0.0;9239
90208;all;none;1;0;0.0;11061
121230;all;all;1;0;0.0;14425
75932;all;all;1;2;0.0;9261
90206;all;all;1;2;0.0;11061
75979;all;all;1;0;0.0;9263
93001;none;all;1;0;0.0;11285
141953;all;all;1;0;0.0;16396
76015;all;all;1;2;0.0;9274
106331;all;all;1;2;0.0;12596
126286;all;none;1;2;0.0;15007
140227;all;all;1;2;0.0;16247
76016;all;all;1;2;0.0;9274
138024;all;all;1;2;0.0;16049
76050;all;all;1;2;0.0;9297
80507;all;all;1;2;0.0;9959
91791;none;all;1;2;0.0;11257
111050;all;all;1;2;0.0;13326
138003;all;all;1;2;0.0;16049
76068;all;all;1;2;0.0;9299
76919;all;all;1;2;0.0;9515
121907;none;all;1;2;0.0;14529
122302;all;all;1;2;0.0;14728
76155;all;all;1;5;0.0;9345
92381;none;all;1;5;0.0;11281
76203;all;all;1;2;0.0;9357
84923;all;all;1;2;0.0;10446
117823;all;all;1;2;0.0;13906
76349;none;all;1;0;0.0;9393
78947;all;all;1;0;0.0;9749
76382;all;all;1;0;0.0;9403
119020;none;none;1;0;0.0;14062
126956;none;all;1;0;0.0;15020
136128;all;none;1;0;0.0;15903
76411;none;all;1;0;0.0;9407
85691;all;all;1;0;0.0;10543
86856;all;all;1;0;0.0;10734
138650;all;none;1;0;0.0;16066
76442;all;all;1;0;0.0;9419
78514;all;all;1;0;0.0;9681
76454;all;all;1;0;0.0;9429
91993;all;all;1;0;0.0;11263
103073;all;all;1;0;0.0;12478
136165;all;all;1;0;0.0;15907
76484;all;all;1;2;0.0;9439
95642;all;all;1;2;0.0;11488
102882;all;none;1;2;0.0;12467
112655;all;none;1;2;0.0;13459
76485;all;none;1;0;0.0;9441
116844;all;all;1;0;0.0;13888
76548;none;all;1;3;0.0;9454
79858;all;all;1;3;0.0;9839
101295;all;all;1;3;0.0;12101
112215;all;all;1;3;0.0;13405
128371;all;all;1;3;0.0;15028
76584;all;all;1;0;0.0;9465
86021;all;none;1;0;0.0;10567
91019;all;none;1;0;0.0;11137
76641;all;all;1;2;0.0;9467
104262;all;all;1;2;0.0;12557
76683;all;all;1;2;0.0;9478
76693;all;all;1;0;0.0;9478
96084;all;all;1;0;0.0;11509
113374;all;all;1;0;0.0;13565
76728;none;all;1;1;0.0;9479
76769;all;all;1;2;0.0;9490
86518;all;all;1;2;0.0;10646
76835;all;all;1;0;0.0;9502
84664;all;all;1;0;0.0;10431
90133;all;all;1;0;0.0;11061
105393;all;all;1;0;0.0;12572
141881;none;all;1;0;0.0;16388
76846;all;all;1;0;0.0;9502
110204;all;all;1;0;0.0;13189
76863;all;all;1;1;0.0;9503
78339;none;all;1;1;0.0;9647
137135;all;none;1;1;0.0;15989
76867;none;all;1;2;0.0;9503
78235;all;none;1;2;0.0;9646
87550;all;all;1;2;0.0;10815
122832;all;all;1;2;0.0;14826
76886;all;none;1;0;0.0;9513
77004;none;none;1;0;0.0;9538
77044;all;all;1;0;0.0;9539
77133;none;none;1;0;0.0;9561
77204;none;none;1;0;0.0;9574
80661;all;all;1;0;0.0;9967
115063;all;all;1;0;0.0;13828
121634;all;none;1;0;0.0;14467
77248;none;all;1;3;0.0;9582
83041;all;all;1;3;0.0;10341
102234;all;all;1;3;0.0;12401
110115;all;all;1;3;0.0;13170
130375;all;all;1;3;0.0;15204
142388;all;all;1;3;0.0;16522
77257;all;all;1;0;0.0;9585
93572;all;all;1;0;0.0;11313
126591;all;all;1;0;0.0;15009
77264;all;all;1;1;0.0;9585
126911;all;none;1;1;0.0;15019
131186;all;all;1;1;0.0;15286
77265;all;all;1;1;0.0;9585
82080;all;all;1;1;0.0;10098
129780;none;all;1;1;0.0;15097
132080;all;none;1;1;0.0;15326
132912;all;all;1;1;0.0;15368
77292;all;all;1;3;0.0;9585
87617;all;all;1;3;0.0;10835
132817;none;all;1;3;0.0;15366
132920;none;all;1;3;0.0;15368
77362;none;none;1;2;0.0;9587
96849;all;all;1;2;0.0;11585
103416;all;all;1;2;0.0;12524
116899;all;all;1;2;0.0;13889
77479;all;all;1;0;0.0;9598
77494;all;all;1;0;0.0;9598
90739;all;all;1;0;0.0;11111
77552;all;all;1;3;0.0;9599
82718;all;all;1;3;0.0;10219
129609;none;all;1;3;0.0;15068
77690;all;all;1;3;0.0;9629
79934;none;none;1;3;0.0;9873
90874;all;all;1;3;0.0;11121
77695;all;all;1;2;0.0;9631
77748;all;all;1;1;0.0;9633
77962;none;all;1;1;0.0;9635
91486;all;all;1;1;0.0;11227
77968;all;all;1;2;0.0;9635
111158;none;all;1;2;0.0;13333
77996;none;all;1;3;0.0;9635
78082;all;all;1;0;0.0;9645
136161;all;all;1;0;0.0;15906
78167;all;all;1;0;0.0;9646
83010;all;none;1;0;0.0;10334
78216;all;none;1;0;0.0;9646
92009;all;all;1;0;0.0;11263
93228;all;all;1;0;0.0;11287
124293;all;all;1;0;0.0;14918
78254;all;all;1;2;0.0;9647
78301;none;all;1;1;0.0;9647
78328;none;all;1;0;0.0;9647
78374;none;none;1;1;0.0;9657
78397;none;none;1;0;0.0;9659
78421;none;none;1;2;0.0;9664
78447;none;none;1;0;0.0;9670
118413;none;all;1;0;0.0;13949
128123;all;all;1;0;0.0;15025
78494;all;all;1;0;0.0;9681
78586;all;all;1;3;0.0;9693
78597;all;all;1;2;0.0;9693
128205;all;none;1;2;0.0;15026
131830;none;all;1;2;0.0;15309
78720;all;none;1;0;0.0;9707
95694;all;all;1;0;0.0;11489
115397;all;all;1;0;0.0;13845
133893;none;all;1;0;0.0;15406
78873;all;all;1;0;0.0;9741
78931;all;all;1;0;0.0;9743
79074;all;all;1;3;0.0;9760
79130;all;all;1;0;0.0;9766
135385;all;none;1;0;0.0;15786
140534;none;all;1;0;0.0;16275
79172;all;all;1;3;0.0;9767
90717;all;all;1;3;0.0;11109
117812;all;all;1;3;0.0;13906
79173;all;all;1;0;0.0;9767
79175;none;none;1;0;0.0;9767
94541;none;all;1;0;0.0;11359
102507;none;all;1;0;0.0;12444
108179;all;none;1;0;0.0;12837
142187;all;none;1;0;0.0;16477
79190;all;none;1;1;0.0;9772
80370;all;all;1;1;0.0;9955
85987;all;all;1;1;0.0;10566
91017;all;all;1;1;0.0;11137
111783;all;all;1;1;0.0;13389
116780;all;all;1;1;0.0;13887
120720;all;all;1;1;0.0;14329
126375;all;all;1;1;0.0;15007
79196;none;none;1;2;0.0;9774
130926;none;all;1;2;0.0;15282
79240;all;all;1;0;0.0;9777
81726;all;all;1;0;0.0;10038
82177;all;all;1;0;0.0;10103
82353;all;all;1;0;0.0;10134
96852;all;all;1;0;0.0;11585
118516;all;none;1;0;0.0;13965
121118;all;all;1;0;0.0;14405
79461;all;all;1;0;0.0;9791
79794;all;all;1;0;0.0;9838
79557;all;all;1;4;0.0;9825
79708;all;all;1;3;0.0;9827
92459;all;all;1;3;0.0;11281
95565;all;all;1;3;0.0;11481
136745;all;all;1;3;0.0;15968
79711;all;all;1;1;0.0;9831
79842;all;all;1;0;0.0;9839
128249;all;all;1;0;0.0;15027
79911;all;none;1;3;0.0;9862
80054;all;all;1;0;0.0;9911
87983;all;all;1;0;0.0;10846
94493;all;all;1;0;0.0;11357
80067;all;all;1;3;0.0;9921
85986;all;all;1;3;0.0;10566
126149;all;all;1;3;0.0;15005
80133;all;all;1;1;0.0;9923
80135;none;none;1;1;0.0;9923
85745;all;all;1;1;0.0;10550
86883;all;all;1;1;0.0;10738
96283;all;all;1;1;0.0;11529
80138;all;all;1;1;0.0;9923
80182;all;all;1;0;0.0;9933
81313;all;none;1;0;0.0;9982
119220;none;none;1;0;0.0;14105
120462;all;all;1;0;0.0;14269
80186;all;none;1;3;0.0;9933
80249;all;all;1;3;0.0;9935
133519;all;all;1;3;0.0;15386
80288;all;all;1;2;0.0;9941
80326;all;none;1;0;0.0;9949
85788;all;all;1;0;0.0;10557
105747;all;all;1;0;0.0;12578
80331;none;all;1;1;0.0;9949
80393;none;all;1;1;0.0;9956
102610;none;all;1;1;0.0;12456
80394;all;all;1;4;0.0;9956
110844;all;all;1;4;0.0;13320
120841;all;all;1;4;0.0;14363
123766;all;all;1;4;0.0;14890
139866;none;none;1;4;0.0;16214
80433;none;all;1;0;0.0;9957
97359;all;all;1;0;0.0;11634
123350;none;none;1;0;0.0;14881
130126;all;all;1;0;0.0;15164
80476;all;none;1;0;0.0;9958
80501;all;all;1;2;0.0;9959
80916;all;all;1;2;0.0;9974
82035;all;all;1;2;0.0;10087
80525;all;none;1;0;0.0;9961
90434;all;all;1;0;0.0;11076
91973;none;none;1;0;0.0;11262
96651;all;all;1;0;0.0;11556
105643;all;all;1;0;0.0;12577
108109;all;all;1;0;0.0;12825
108839;all;all;1;0;0.0;12859
114989;none;all;1;0;0.0;13820
117124;all;all;1;0;0.0;13900
127735;all;none;1;0;0.0;15023
127748;all;all;1;0;0.0;15023
128716;all;all;1;0;0.0;15033
80569;all;all;1;0;0.0;9965
127328;all;all;1;0;0.0;15021
80576;none;all;1;4;0.0;9965
91624;all;none;1;4;0.0;11246
100304;all;all;1;4;0.0;11899
80586;all;all;1;1;0.0;9965
80610;none;all;1;1;0.0;9966
80629;all;all;1;2;0.0;9966
91620;all;all;1;2;0.0;11245
80652;all;none;1;0;0.0;9967
80688;all;all;1;0;0.0;9968
107302;all;all;1;0;0.0;12777
80699;all;all;1;1;0.0;9969
121052;all;all;1;1;0.0;14401
80747;all;all;1;0;0.0;9972
83037;all;all;1;0;0.0;10341
85934;all;all;1;0;0.0;10565
87598;all;all;1;0;0.0;10832
94619;all;all;1;0;0.0;11362
104570;all;all;1;0;0.0;12562
116419;all;all;1;0;0.0;13883
122279;all;all;1;0;0.0;14724
125567;all;none;1;0;0.0;15003
132323;all;all;1;0;0.0;15360
132730;all;all;1;0;0.0;15364
80845;all;all;1;1;0.0;9973
101737;all;all;1;1;0.0;12208
80851;all;all;1;0;0.0;9973
80863;all;all;1;0;0.0;9973
137240;all;all;1;0;0.0;16002
138953;none;none;1;0;0.0;16083
80868;all;all;1;0;0.0;9973
80924;all;none;1;1;0.0;9974
92664;none;all;1;1;0.0;11283
93946;none;all;1;1;0.0;11339
112845;all;none;1;1;0.0;13486
81029;none;all;1;0;0.0;9975
81071;all;all;1;0;0.0;9978
81103;none;all;1;0;0.0;9980
110791;none;none;1;0;0.0;13304
117238;all;all;1;0;0.0;13901
124101;none;none;1;0;0.0;14904
133662;all;all;1;0;0.0;15392
81139;all;none;1;0;0.0;9980
103017;none;all;1;0;0.0;12474
135364;all;all;1;0;0.0;15784
136184;all;all;1;0;0.0;15911
138219;all;all;1;0;0.0;16060
81156;none;none;1;1;0.0;9980
129450;all;all;1;1;0.0;15062
138788;all;all;1;1;0.0;16072
81158;all;none;1;0;0.0;9980
81208;all;all;1;0;0.0;9981
114725;all;all;1;0;0.0;13784
136085;all;none;1;0;0.0;15900
138853;all;all;1;0;0.0;16074
140510;all;all;1;0;0.0;16272
81166;all;all;1;1;0.0;9980
81171;all;all;1;1;0.0;9981
97633;all;all;1;1;0.0;11649
110513;all;all;1;1;0.0;13250
112017;all;all;1;1;0.0;13400
119571;all;none;1;1;0.0;14152
121529;all;all;1;1;0.0;14461
136096;none;none;1;1;0.0;15901
141949;none;all;1;1;0.0;16394
81192;all;all;1;1;0.0;9981
98560;all;all;1;1;0.0;11673
81199;all;all;1;1;0.0;9981
126929;all;all;1;1;0.0;15020
128499;all;all;1;1;0.0;15030
81218;all;all;1;2;0.0;9981
82484;all;none;1;2;0.0;10172
110702;all;none;1;2;0.0;13281
138315;all;all;1;2;0.0;16061
81252;none;all;1;0;0.0;9981
81258;all;all;1;1;0.0;9982
137094;all;all;1;1;0.0;15986
81259;none;none;1;0;0.0;9982
85304;all;none;1;0;0.0;10526
98885;all;all;1;0;0.0;11679
81283;all;all;1;0;0.0;9982
81291;all;all;1;1;0.0;9982
81298;all;all;1;0;0.0;9982
118186;none;all;1;0;0.0;13919
124183;all;all;1;0;0.0;14909
138884;all;all;1;0;0.0;16078
138887;none;none;1;0;0.0;16078
81393;none;none;1;0;0.0;9983
93013;all;all;1;0;0.0;11285
128313;all;all;1;0;0.0;15028
81403;all;all;1;2;0.0;9983
81408;all;all;1;0;0.0;9983
90168;all;all;1;0;0.0;11061
115989;all;all;1;0;0.0;13878
141121;all;all;1;0;0.0;16307
81464;all;none;1;0;0.0;9989
81503;all;none;1;0;0.0;9996
108948;none;all;1;0;0.0;12864
81538;all;all;1;0;0.0;10004
83957;all;none;1;0;0.0;10421
115356;all;all;1;0;0.0;13844
122175;all;none;1;0;0.0;14683
135473;all;all;1;0;0.0;15802
138112;all;all;1;0;0.0;16054
81543;all;none;1;1;0.0;10004
96589;all;none;1;1;0.0;11552
97873;all;all;1;1;0.0;11657
112564;all;all;1;1;0.0;13448
120479;none;all;1;1;0.0;14280
121385;all;all;1;1;0.0;14444
132328;all;all;1;1;0.0;15360
136221;none;none;1;1;0.0;15921
140183;all;all;1;1;0.0;16244
81590;all;none;1;0;0.0;10013
111183;none;none;1;0;0.0;13336
121580;all;all;1;0;0.0;14463
81619;all;all;1;0;0.0;10018
83994;all;all;1;0;0.0;10422
81623;none;all;1;1;0.0;10020
82583;all;all;1;1;0.0;10192
96943;all;all;1;1;0.0;11592
103655;all;all;1;1;0.0;12552
104532;all;all;1;1;0.0;12561
116431;all;all;1;1;0.0;13883
125356;none;all;1;1;0.0;15002
81706;all;all;1;2;0.0;10037
108212;all;all;1;2;0.0;12840
81752;none;all;1;0;0.0;10044
86118;all;all;1;0;0.0;10572
81829;all;all;1;0;0.0;10055
91351;all;all;1;0;0.0;11185
109199;all;all;1;0;0.0;12879
81863;all;none;1;2;0.0;10067
106612;all;none;1;2;0.0;12623
134327;all;all;1;2;0.0;15527
81875;none;all;1;3;0.0;10068
109791;all;all;1;3;0.0;13072
132671;all;all;1;3;0.0;15364
137538;all;none;1;3;0.0;16041
81889;none;all;1;2;0.0;10069
104000;all;none;1;2;0.0;12554
107245;all;all;1;2;0.0;12776
113248;none;all;1;2;0.0;13552
118231;none;all;1;2;0.0;13922
121709;none;all;1;2;0.0;14481
136608;all;none;1;2;0.0;15964
81901;all;all;1;2;0.0;10070
82985;all;all;1;2;0.0;10326
87068;all;all;1;2;0.0;10774
81924;all;all;1;0;0.0;10071
88331;none;all;1;0;0.0;10886
93339;all;all;1;0;0.0;11289
135045;none;all;1;0;0.0;15726
81939;all;none;1;0;0.0;10076
81952;none;all;1;0;0.0;10077
93040;all;all;1;0;0.0;11286
129791;all;none;1;0;0.0;15101
81991;all;all;1;2;0.0;10083
82054;all;none;1;0;0.0;10093
82719;all;none;1;0;0.0;10220
94402;all;none;1;0;0.0;11356
111360;none;all;1;0;0.0;13346
123969;all;all;1;0;0.0;14902
82078;none;all;1;1;0.0;10097
114676;all;all;1;1;0.0;13776
118221;all;all;1;1;0.0;13922
118548;all;all;1;1;0.0;13974
122612;all;none;1;1;0.0;14802
122913;all;all;1;1;0.0;14841
124520;all;all;1;1;0.0;14961
130709;all;all;1;1;0.0;15280
130820;none;all;1;1;0.0;15281
133876;all;all;1;1;0.0;15404
141970;all;all;1;1;0.0;16400
82089;all;all;1;3;0.0;10100
140866;all;none;1;3;0.0;16293
82092;all;none;1;1;0.0;10100
89801;all;all;1;1;0.0;11056
100415;all;all;1;1;0.0;11914
103573;all;all;1;1;0.0;12552
114908;none;all;1;1;0.0;13803
115358;all;all;1;1;0.0;13844
129876;all;all;1;1;0.0;15122
82117;all;all;1;0;0.0;10101
82179;all;none;1;1;0.0;10103
82226;all;all;1;4;0.0;10108
117446;all;none;1;4;0.0;13902
139362;all;all;1;4;0.0;16143
82249;all;all;1;0;0.0;10109
82345;all;all;1;0;0.0;10132
82372;all;all;1;2;0.0;10140
92783;all;none;1;2;0.0;11284
128771;all;all;1;2;0.0;15034
82376;all;all;1;5;0.0;10141
128731;all;all;1;5;0.0;15033
82384;all;all;1;0;0.0;10142
133513;all;none;1;0;0.0;15386
82408;all;all;1;0;0.0;10151
82418;all;none;1;0;0.0;10156
82443;all;all;1;0;0.0;10160
118492;all;none;1;0;0.0;13963
124878;all;all;1;0;0.0;15000
82458;all;all;1;0;0.0;10165
82494;all;none;1;2;0.0;10173
82500;all;all;1;0;0.0;10173
130439;none;all;1;0;0.0;15220
131628;all;all;1;0;0.0;15303
135340;all;all;1;0;0.0;15782
137361;all;all;1;0;0.0;16032
82507;all;all;1;3;0.0;10174
137194;all;all;1;3;0.0;15995
82525;none;all;1;0;0.0;10180
82528;all;none;1;0;0.0;10180
121692;none;all;1;0;0.0;14480
82546;all;none;1;2;0.0;10182
115481;all;none;1;2;0.0;13849
82643;all;all;1;2;0.0;10204
85556;all;all;1;2;0.0;10540
108775;all;all;1;2;0.0;12858
117483;all;all;1;2;0.0;13902
82652;all;none;1;0;0.0;10204
92804;none;all;1;0;0.0;11284
112759;all;all;1;0;0.0;13473
115623;all;all;1;0;0.0;13861
130031;none;all;1;0;0.0;15150
82664;all;all;1;0;0.0;10205
123962;none;all;1;0;0.0;14902
82694;none;all;1;0;0.0;10207
82714;all;all;1;0;0.0;10215
103417;all;all;1;0;0.0;12525
82717;all;none;1;1;0.0;10217
84883;all;all;1;1;0.0;10444
99879;all;all;1;1;0.0;11832
103470;all;none;1;1;0.0;12537
110707;all;all;1;1;0.0;13282
119497;all;all;1;1;0.0;14143
128651;all;none;1;1;0.0;15032
82741;all;none;1;4;0.0;10222
92914;all;all;1;4;0.0;11285
128436;all;all;1;4;0.0;15029
128867;all;all;1;4;0.0;15036
82744;all;all;1;0;0.0;10223
82796;all;none;1;0;0.0;10244
110734;none;none;1;0;0.0;13288
125612;all;all;1;0;0.0;15003
82917;all;all;1;1;0.0;10309
83942;all;none;1;1;0.0;10421
87056;none;none;1;1;0.0;10773
104522;all;all;1;1;0.0;12561
106315;none;all;1;1;0.0;12595
111712;none;all;1;1;0.0;13387
113876;none;all;1;1;0.0;13609
116113;all;all;1;1;0.0;13880
124938;all;all;1;1;0.0;15000
126666;none;all;1;1;0.0;15011
140148;all;all;1;1;0.0;16243
82945;all;none;1;2;0.0;10316
84245;all;none;1;2;0.0;10424
87112;all;all;1;2;0.0;10781
90920;all;all;1;2;0.0;11124
97532;none;none;1;2;0.0;11643
100324;all;none;1;2;0.0;11904
103510;all;all;1;2;0.0;12544
106496;none;all;1;2;0.0;12608
112110;all;all;1;2;0.0;13402
119827;all;all;1;2;0.0;14191
128714;all;all;1;2;0.0;15033
82980;all;all;1;1;0.0;10326
90664;all;all;1;1;0.0;11105
93362;all;all;1;1;0.0;11291
114428;all;all;1;1;0.0;13711
83003;all;all;1;2;0.0;10333
98639;all;all;1;2;0.0;11674
98662;none;none;1;2;0.0;11674
108708;all;all;1;2;0.0;12856
108808;all;all;1;2;0.0;12858
117626;all;all;1;2;0.0;13903
83094;all;all;1;0;0.0;10348
83151;all;all;1;3;0.0;10357
83340;all;all;1;3;0.0;10373
103239;all;all;1;3;0.0;12490
83155;all;all;1;5;0.0;10357
83159;none;none;1;0;0.0;10357
108326;all;all;1;0;0.0;12842
83182;none;all;1;3;0.0;10359
126143;all;all;1;3;0.0;15005
83273;all;all;1;2;0.0;10372
93761;all;all;1;2;0.0;11336
96251;all;all;1;2;0.0;11528
107562;all;all;1;2;0.0;12785
133790;all;all;1;2;0.0;15400
139200;all;all;1;2;0.0;16122
83304;all;all;1;0;0.0;10372
116020;all;all;1;0;0.0;13880
140758;all;none;1;0;0.0;16284
83315;all;all;1;1;0.0;10373
83325;all;all;1;1;0.0;10373
102383;all;all;1;1;0.0;12426
139470;all;none;1;1;0.0;16161
83396;all;all;1;3;0.0;10375
83465;all;all;1;0;0.0;10380
113405;all;all;1;0;0.0;13570
139911;all;all;1;0;0.0;16221
83480;all;all;1;1;0.0;10380
83484;all;all;1;1;0.0;10381
124760;all;all;1;1;0.0;14994
83545;all;all;1;2;0.0;10382
83582;all;all;1;0;0.0;10383
93000;all;all;1;0;0.0;11285
83622;none;all;1;0;0.0;10396
83643;all;all;1;0;0.0;10399
108905;all;all;1;0;0.0;12862
83711;all;all;1;2;0.0;10413
141710;all;all;1;2;0.0;16381
83713;none;none;1;2;0.0;10413
90259;all;all;1;2;0.0;11062
108781;all;all;1;2;0.0;12858
117093;all;all;1;2;0.0;13900
83718;all;all;1;0;0.0;10413
91604;all;all;1;0;0.0;11244
83782;all;none;1;2;0.0;10420
92271;all;all;1;2;0.0;11280
92556;all;none;1;2;0.0;11282
93510;all;all;1;2;0.0;11304
107249;all;all;1;2;0.0;12776
108330;all;all;1;2;0.0;12842
123382;none;all;1;2;0.0;14881
138984;none;none;1;2;0.0;16084
83788;all;all;1;0;0.0;10420
88719;all;all;1;0;0.0;10933
90838;all;all;1;0;0.0;11120
97867;all;all;1;0;0.0;11657
115235;all;all;1;0;0.0;13842
122603;none;all;1;0;0.0;14802
124533;all;all;1;0;0.0;14961
141386;all;none;1;0;0.0;16362
83804;none;all;1;0;0.0;10420
86983;all;all;1;0;0.0;10757
89794;all;all;1;0;0.0;11056
106124;all;all;1;0;0.0;12584
106595;none;all;1;0;0.0;12618
111408;all;all;1;0;0.0;13353
115332;all;all;1;0;0.0;13844
118665;all;all;1;0;0.0;14000
123317;all;none;1;0;0.0;14881
139277;none;all;1;0;0.0;16130
139788;all;all;1;0;0.0;16204
83829;all;all;1;0;0.0;10420
134881;all;all;1;0;0.0;15684
83836;all;all;1;0;0.0;10420
83858;all;all;1;2;0.0;10420
83930;all;all;1;0;0.0;10421
125609;all;all;1;0;0.0;15003
135159;none;all;1;0;0.0;15760
136555;all;all;1;0;0.0;15963
84021;all;all;1;3;0.0;10422
113570;all;none;1;3;0.0;13581
142002;all;all;1;3;0.0;16408
84142;all;none;1;4;0.0;10423
113021;all;all;1;4;0.0;13519
84277;all;all;1;2;0.0;10428
84289;none;all;1;1;0.0;10428
93733;all;none;1;1;0.0;11332
101622;all;all;1;1;0.0;12161
114825;all;all;1;1;0.0;13793
127253;all;all;1;1;0.0;15021
84364;all;none;1;4;0.0;10428
84423;all;all;1;0;0.0;10429
95914;all;all;1;0;0.0;11494
84429;all;all;1;0;0.0;10429
85580;all;all;1;0;0.0;10541
87195;none;none;1;0;0.0;10797
99309;all;all;1;0;0.0;11707
108940;all;all;1;0;0.0;12864
131471;all;none;1;0;0.0;15301
139930;all;all;1;0;0.0;16222
84496;all;none;1;0;0.0;10430
111314;all;all;1;0;0.0;13343
141138;all;none;1;0;0.0;16309
84574;all;all;1;0;0.0;10430
84633;all;all;1;0;0.0;10431
84717;none;none;1;2;0.0;10431
84744;none;all;1;0;0.0;10436
92248;all;all;1;0;0.0;11280
98011;all;none;1;0;0.0;11659
103283;all;all;1;0;0.0;12498
129107;all;all;1;0;0.0;15043
132530;all;all;1;0;0.0;15362
135068;all;none;1;0;0.0;15732
84753;none;none;1;3;0.0;10436
93477;all;none;1;3;0.0;11296
95335;all;all;1;3;0.0;11472
103606;all;all;1;3;0.0;12552
118190;all;all;1;3;0.0;13920
118195;all;all;1;3;0.0;13920
131081;all;all;1;3;0.0;15284
139463;all;none;1;3;0.0;16161
84757;none;all;1;1;0.0;10436
102379;all;all;1;1;0.0;12426
106926;all;all;1;1;0.0;12712
124829;all;all;1;1;0.0;15000
134554;none;all;1;1;0.0;15600
84766;all;none;1;2;0.0;10437
109589;all;all;1;2;0.0;13011
84776;none;all;1;1;0.0;10437
125837;all;none;1;1;0.0;15004
135975;all;all;1;1;0.0;15883
84782;none;all;1;3;0.0;10437
94582;all;all;1;3;0.0;11360
102371;all;all;1;3;0.0;12425
124947;all;all;1;3;0.0;15000
84787;all;none;1;1;0.0;10437
139685;all;all;1;1;0.0;16200
84834;all;all;1;0;0.0;10439
87767;all;all;1;0;0.0;10838
92391;all;all;1;0;0.0;11281
93716;all;all;1;0;0.0;11329
84861;all;none;1;2;0.0;10441
95907;all;all;1;2;0.0;11494
99899;all;all;1;2;0.0;11835
101823;all;none;1;2;0.0;12258
112523;none;none;1;2;0.0;13435
122339;all;all;1;2;0.0;14741
127136;all;all;1;2;0.0;15020
127306;all;all;1;2;0.0;15021
84870;none;all;1;3;0.0;10444
98960;none;none;1;3;0.0;11680
107866;all;all;1;3;0.0;12801
118979;all;all;1;3;0.0;14060
84898;all;all;1;2;0.0;10445
87932;all;all;1;2;0.0;10845
108099;all;all;1;2;0.0;12824
136942;all;all;1;2;0.0;15981
139091;none;none;1;2;0.0;16103
84915;all;all;1;0;0.0;10446
85005;all;all;1;0;0.0;10461
108755;none;all;1;0;0.0;12857
131487;all;all;1;0;0.0;15301
85024;all;all;1;2;0.0;10464
123767;all;all;1;2;0.0;14890
140567;all;all;1;2;0.0;16280
85040;all;all;1;4;0.0;10469
85052;none;all;1;1;0.0;10470
87218;all;all;1;1;0.0;10802
94384;none;all;1;1;0.0;11355
120923;all;all;1;1;0.0;14377
85072;all;all;1;0;0.0;10477
88623;all;all;1;0;0.0;10925
100717;all;all;1;0;0.0;11939
118081;all;all;1;0;0.0;13913
85162;all;none;1;0;0.0;10495
85173;all;none;1;0;0.0;10500
85221;all;none;1;2;0.0;10505
110150;all;all;1;2;0.0;13178
123995;all;all;1;2;0.0;14902
85248;all;all;1;2;0.0;10511
85266;all;all;1;3;0.0;10517
85301;all;all;1;0;0.0;10525
91289;all;all;1;0;0.0;11174
117562;all;all;1;0;0.0;13903
127120;none;all;1;0;0.0;15020
85316;all;all;1;0;0.0;10527
117881;all;all;1;0;0.0;13907
85326;all;all;1;0;0.0;10529
125785;none;all;1;0;0.0;15003
85387;none;all;1;2;0.0;10533
91054;all;all;1;2;0.0;11144
110412;all;none;1;2;0.0;13225
130853;all;all;1;2;0.0;15281
132566;all;all;1;2;0.0;15362
85390;all;all;1;0;0.0;10533
85395;all;all;1;1;0.0;10533
103411;all;all;1;1;0.0;12523
137556;none;none;1;1;0.0;16041
137716;all;all;1;1;0.0;16043
140699;all;all;1;1;0.0;16283
85402;all;all;1;1;0.0;10533
85424;all;all;1;2;0.0;10534
96998;all;all;1;2;0.0;11597
126409;all;none;1;2;0.0;15008
137280;all;all;1;2;0.0;16008
85529;none;all;1;0;0.0;10536
127655;all;all;1;0;0.0;15023
85544;all;all;1;2;0.0;10540
85694;all;all;1;0;0.0;10543
94701;all;all;1;0;0.0;11373
85784;all;all;1;1;0.0;10556
127096;all;all;1;1;0.0;15020
85794;all;none;1;0;0.0;10557
97625;none;all;1;0;0.0;11649
105111;all;all;1;0;0.0;12570
107882;all;none;1;0;0.0;12801
108927;all;all;1;0;0.0;12864
114793;all;none;1;0;0.0;13787
85835;all;all;1;0;0.0;10560
85882;none;none;1;0;0.0;10564
111751;all;all;1;0;0.0;13387
125330;all;all;1;0;0.0;15002
85924;all;all;1;0;0.0;10565
90656;none;all;1;0;0.0;11104
101973;none;all;1;0;0.0;12338
106842;all;none;1;0;0.0;12690
108596;all;all;1;0;0.0;12850
115125;all;none;1;0;0.0;13840
86126;none;all;1;4;0.0;10572
87831;all;none;1;4;0.0;10840
95048;all;all;1;4;0.0;11438
101587;all;none;1;4;0.0;12152
110020;all;all;1;4;0.0;13145
113803;all;all;1;4;0.0;13600
118653;all;all;1;4;0.0;13993
139896;all;all;1;4;0.0;16220
86140;all;all;1;0;0.0;10573
133334;all;none;1;0;0.0;15383
133680;none;all;1;0;0.0;15393
86173;all;all;1;0;0.0;10573
86945;all;all;1;0;0.0;10749
108780;all;all;1;0;0.0;12858
140423;none;all;1;0;0.0;16264
86183;all;all;1;0;0.0;10574
94675;none;all;1;0;0.0;11367
98811;all;all;1;0;0.0;11676
86233;all;all;1;1;0.0;10574
86288;all;none;1;0;0.0;10575
92004;all;none;1;0;0.0;11263
86308;all;all;1;1;0.0;10580
102700;all;all;1;1;0.0;12458
104069;all;none;1;1;0.0;12555
86315;all;all;1;1;0.0;10581
86351;all;none;1;0;0.0;10583
86454;none;all;1;2;0.0;10617
86943;none;none;1;2;0.0;10749
109720;all;all;1;2;0.0;13050
119235;all;all;1;2;0.0;14112
86565;all;all;1;1;0.0;10660
86592;all;none;1;0;0.0;10668
114375;none;all;1;0;0.0;13689
86596;all;all;1;2;0.0;10669
86643;all;all;1;1;0.0;10684
89620;all;all;1;1;0.0;11052
98697;all;all;1;1;0.0;11674
124043;all;all;1;1;0.0;14903
131547;all;all;1;1;0.0;15302
134652;all;all;1;1;0.0;15623
138207;all;all;1;1;0.0;16060
142563;all;all;1;1;0.0;16541
86651;none;all;1;1;0.0;10685
114314;all;all;1;1;0.0;13667
86701;all;all;1;1;0.0;10701
98475;all;all;1;1;0.0;11672
109069;none;all;1;1;0.0;12867
113410;all;none;1;1;0.0;13570
117990;all;none;1;1;0.0;13910
118061;all;all;1;1;0.0;13912
122488;all;none;1;1;0.0;14781
124409;all;all;1;1;0.0;14940
86724;all;all;1;4;0.0;10709
139029;none;none;1;4;0.0;16093
139230;all;all;1;4;0.0;16124
142223;all;all;1;4;0.0;16484
86725;all;all;1;2;0.0;10709
99210;none;all;1;2;0.0;11690
104711;all;all;1;2;0.0;12563
121468;none;all;1;2;0.0;14450
130829;all;none;1;2;0.0;15281
142111;all;none;1;2;0.0;16444
86743;all;all;1;3;0.0;10716
87891;all;all;1;3;0.0;10844
103308;all;all;1;3;0.0;12506
86746;all;all;1;1;0.0;10717
88468;all;all;1;1;0.0;10909
129391;all;all;1;1;0.0;15060
86755;all;all;1;0;0.0;10718
86797;all;none;1;2;0.0;10725
97969;all;all;1;2;0.0;11658
125968;all;all;1;2;0.0;15004
140874;all;all;1;2;0.0;16294
86827;all;all;1;1;0.0;10728
86897;none;all;1;0;0.0;10741
112403;none;none;1;0;0.0;13417
119603;all;all;1;0;0.0;14160
124863;all;all;1;0;0.0;15000
137259;none;all;1;0;0.0;16004
137693;none;all;1;0;0.0;16043
141315;all;all;1;0;0.0;16360
87053;all;none;1;0;0.0;10773
114013;none;none;1;0;0.0;13642
87061;all;all;1;0;0.0;10773
87104;all;all;1;0;0.0;10780
87204;none;none;1;0;0.0;10799
98893;all;all;1;0;0.0;11679
87258;all;all;1;0;0.0;10804
125553;all;all;1;0;0.0;15003
87307;all;all;1;1;0.0;10805
87494;all;all;1;0;0.0;10814
134050;all;all;1;0;0.0;15426
142702;all;all;1;0;0.0;16549
87502;all;all;1;0;0.0;10814
87604;all;all;1;0;0.0;10833
111407;all;all;1;0;0.0;13353
111667;all;all;1;0;0.0;13386
125560;all;all;1;0;0.0;15003
87606;all;none;1;1;0.0;10833
87620;all;all;1;1;0.0;10836
87646;all;all;1;2;0.0;10836
123041;all;all;1;2;0.0;14851
135954;all;all;1;2;0.0;15881
87657;all;none;1;2;0.0;10836
114977;all;all;1;2;0.0;13812
130818;none;all;1;2;0.0;15281
87669;all;none;1;0;0.0;10837
94233;none;none;1;0;0.0;11352
87673;all;all;1;0;0.0;10837
96027;all;all;1;0;0.0;11504
110995;all;all;1;0;0.0;13323
87695;all;all;1;2;0.0;10837
87777;all;all;1;6;0.0;10839
91410;all;all;1;6;0.0;11203
126502;none;none;1;6;0.0;15008
130133;all;none;1;6;0.0;15165
137929;all;all;1;6;0.0;16047
87833;all;all;1;2;0.0;10841
105100;all;all;1;2;0.0;12570
87842;all;all;1;0;0.0;10843
87850;none;all;1;2;0.0;10844
87853;all;all;1;1;0.0;10844
89635;none;all;1;1;0.0;11052
117493;all;all;1;1;0.0;13902
117506;all;all;1;1;0.0;13903
87863;all;all;1;1;0.0;10844
97600;none;all;1;1;0.0;11648
107837;all;all;1;1;0.0;12800
110516;all;none;1;1;0.0;13251
129996;all;all;1;1;0.0;15143
130458;all;all;1;1;0.0;15222
138341;all;all;1;1;0.0;16062
87878;all;all;1;2;0.0;10844
93063;all;all;1;2;0.0;11286
118103;none;all;1;2;0.0;13913
87882;all;all;1;0;0.0;10844
137304;all;all;1;0;0.0;16020
138457;none;all;1;0;0.0;16063
87909;all;all;1;0;0.0;10845
96221;all;all;1;0;0.0;11524
87923;all;all;1;1;0.0;10845
98688;all;all;1;1;0.0;11674
127548;all;all;1;1;0.0;15022
87934;all;none;1;1;0.0;10845
94140;all;all;1;1;0.0;11348
117248;none;all;1;1;0.0;13901
129839;all;none;1;1;0.0;15114
130445;all;all;1;1;0.0;15221
134942;none;all;1;1;0.0;15703
136079;all;all;1;1;0.0;15900
87965;all;all;1;0;0.0;10846
87979;all;all;1;0;0.0;10846
135915;all;all;1;0;0.0;15876
87990;all;none;1;2;0.0;10846
88059;none;all;1;1;0.0;10847
100169;all;all;1;1;0.0;11876
88063;all;all;1;7;0.0;10847
99910;none;none;1;7;0.0;11838
88161;all;all;1;0;0.0;10864
110563;all;all;1;0;0.0;13258
88246;none;all;1;0;0.0;10876
88252;all;all;1;0;0.0;10877
94883;all;all;1;0;0.0;11412
109277;all;all;1;0;0.0;12891
88259;all;all;1;3;0.0;10877
106484;all;all;1;3;0.0;12608
110186;all;all;1;3;0.0;13186
124035;all;all;1;3;0.0;14903
128724;all;all;1;3;0.0;15033
138319;all;none;1;3;0.0;16061
88264;all;none;1;0;0.0;10877
88289;all;all;1;2;0.0;10879
88305;all;all;1;3;0.0;10884
111677;all;all;1;3;0.0;13386
88389;all;all;1;4;0.0;10895
94763;all;none;1;4;0.0;11391
88403;all;all;1;0;0.0;10900
101655;all;none;1;0;0.0;12171
113494;all;all;1;0;0.0;13577
122449;all;none;1;0;0.0;14764
130710;none;all;1;0;0.0;15280
137564;all;all;1;0;0.0;16041
88410;all;none;1;3;0.0;10900
104621;all;all;1;3;0.0;12562
119343;all;all;1;3;0.0;14124
125345;none;all;1;3;0.0;15002
132583;all;all;1;3;0.0;15363
134909;none;all;1;3;0.0;15693
88454;all;none;1;0;0.0;10908
88466;all;none;1;2;0.0;10909
88519;all;none;1;0;0.0;10917
88520;none;all;1;2;0.0;10917
99666;all;all;1;2;0.0;11785
102431;all;all;1;2;0.0;12434
88594;all;all;1;0;0.0;10924
114242;all;all;1;0;0.0;13659
88610;all;none;1;2;0.0;10925
93683;all;all;1;2;0.0;11326
140318;all;none;1;2;0.0;16260
142589;all;all;1;2;0.0;16542
88616;all;all;1;0;0.0;10925
99084;all;all;1;0;0.0;11683
107787;all;all;1;0;0.0;12795
128826;all;all;1;0;0.0;15034
131560;all;all;1;0;0.0;15302
88707;all;none;1;2;0.0;10933
136238;none;none;1;2;0.0;15923
88772;all;all;1;0;0.0;10935
88825;all;all;1;0;0.0;10941
88833;all;all;1;2;0.0;10941
88850;all;all;1;1;0.0;10942
103087;all;all;1;1;0.0;12479
88897;all;none;1;1;0.0;10949
88899;none;none;1;0;0.0;10949
98368;all;none;1;0;0.0;11667
115109;all;all;1;0;0.0;13840
88961;all;all;1;2;0.0;10965
92190;all;all;1;2;0.0;11280
102746;none;all;1;2;0.0;12459
140164;all;all;1;2;0.0;16243
89050;none;all;1;1;0.0;10972
100102;all;all;1;1;0.0;11866
120175;all;all;1;1;0.0;14221
127705;all;all;1;1;0.0;15023
128652;all;all;1;1;0.0;15032
134357;none;all;1;1;0.0;15542
89056;all;all;1;4;0.0;10972
89060;none;none;1;2;0.0;10972
94668;all;all;1;2;0.0;11366
98910;none;all;1;2;0.0;11680
104932;all;all;1;2;0.0;12568
122140;all;all;1;2;0.0;14662
140396;all;all;1;2;0.0;16263
140446;all;all;1;2;0.0;16264
89082;all;all;1;1;0.0;10973
117622;all;all;1;1;0.0;13903
128637;all;all;1;1;0.0;15032
133454;all;none;1;1;0.0;15384
138574;all;all;1;1;0.0;16064
89234;all;all;1;0;0.0;11012
93906;all;none;1;0;0.0;11338
110554;all;all;1;0;0.0;13258
116345;all;none;1;0;0.0;13882
89264;all;none;1;3;0.0;11020
103519;all;all;1;3;0.0;12545
89293;all;all;1;3;0.0;11028
89754;all;all;1;3;0.0;11056
103832;all;all;1;3;0.0;12553
114937;all;all;1;3;0.0;13804
116293;none;all;1;3;0.0;13882
140084;none;all;1;3;0.0;16241
89315;all;all;1;0;0.0;11029
108226;all;all;1;0;0.0;12840
114080;all;all;1;0;0.0;13648
119665;all;all;1;0;0.0;14163
132031;all;all;1;0;0.0;15322
142357;all;none;1;0;0.0;16521
89330;none;all;1;2;0.0;11030
90905;all;none;1;2;0.0;11123
137958;all;none;1;2;0.0;16047
89473;all;all;1;1;0.0;11045
96485;none;all;1;1;0.0;11541
89482;none;all;1;0;0.0;11047
90294;all;all;1;0;0.0;11063
91956;all;all;1;0;0.0;11261
89569;all;all;1;2;0.0;11049
124393;all;all;1;2;0.0;14929
89708;all;all;1;1;0.0;11054
89742;none;all;1;1;0.0;11056
102628;all;all;1;1;0.0;12457
114574;all;all;1;1;0.0;13768
115129;all;all;1;1;0.0;13840
116495;all;all;1;1;0.0;13883
123525;all;all;1;1;0.0;14883
140111;all;all;1;1;0.0;16242
140594;all;all;1;1;0.0;16281
89767;all;all;1;1;0.0;11056
93515;all;all;1;1;0.0;11304
99266;all;all;1;1;0.0;11699
116036;all;all;1;1;0.0;13880
125657;all;all;1;1;0.0;15003
89807;none;none;1;0;0.0;11056
121392;none;all;1;0;0.0;14444
130323;none;all;1;0;0.0;15201
133038;none;all;1;0;0.0;15373
89809;all;all;1;0;0.0;11056
94191;none;none;1;0;0.0;11352
94229;all;all;1;0;0.0;11352
98043;all;all;1;0;0.0;11659
107347;all;all;1;0;0.0;12778
110737;none;none;1;0;0.0;13289
117040;all;all;1;0;0.0;13894
130940;all;all;1;0;0.0;15282
136838;all;all;1;0;0.0;15973
89833;none;all;1;0;0.0;11056
101195;all;all;1;0;0.0;12073
106794;all;all;1;0;0.0;12681
116205;all;all;1;0;0.0;13881
116249;none;all;1;0;0.0;13881
116276;all;all;1;0;0.0;13882
136000;all;all;1;0;0.0;15884
89920;all;none;1;2;0.0;11057
89968;all;none;1;5;0.0;11058
110248;all;all;1;5;0.0;13194
118710;all;all;1;5;0.0;14004
90051;all;all;1;2;0.0;11060
100569;all;all;1;2;0.0;11928
115789;all;all;1;2;0.0;13864
128033;all;all;1;2;0.0;15024
90092;all;none;1;4;0.0;11060
91071;none;all;1;4;0.0;11148
105030;all;all;1;4;0.0;12569
90094;all;none;1;0;0.0;11060
113853;all;all;1;0;0.0;13603
90101;none;all;1;0;0.0;11060
123880;all;all;1;0;0.0;14900
127069;none;all;1;0;0.0;15020
90141;all;all;1;2;0.0;11061
90238;all;all;1;0;0.0;11062
119461;all;all;1;0;0.0;14141
90255;all;all;1;1;0.0;11062
91711;none;all;1;1;0.0;11254
118752;all;none;1;1;0.0;14020
90265;none;all;1;1;0.0;11062
93392;all;all;1;1;0.0;11292
107785;none;all;1;1;0.0;12795
119473;none;all;1;1;0.0;14142
120223;all;all;1;1;0.0;14222
127196;all;all;1;1;0.0;15021
134984;all;all;1;1;0.0;15713
90271;all;all;1;0;0.0;11062
105218;none;all;1;0;0.0;12570
106440;all;all;1;0;0.0;12603
114819;none;all;1;0;0.0;13792
127840;all;all;1;0;0.0;15024
135092;all;all;1;0;0.0;15742
90283;all;all;1;0;0.0;11063
90363;all;all;1;0;0.0;11066
99669;all;all;1;0;0.0;11785
101969;none;all;1;0;0.0;12337
90399;all;none;1;5;0.0;11071
90457;none;none;1;0;0.0;11078
92768;all;none;1;0;0.0;11284
111349;all;all;1;0;0.0;13346
90471;none;all;1;1;0.0;11080
103909;none;all;1;1;0.0;12554
110433;all;all;1;1;0.0;13227
90520;all;all;1;0;0.0;11086
90534;all;all;1;1;0.0;11088
112987;all;none;1;1;0.0;13514
130100;none;all;1;1;0.0;15163
135734;all;all;1;1;0.0;15840
90607;all;all;1;0;0.0;11096
135766;all;all;1;0;0.0;15842
90654;all;none;1;1;0.0;11104
108189;all;all;1;1;0.0;12840
122566;all;all;1;1;0.0;14800
125922;none;all;1;1;0.0;15004
136354;all;all;1;1;0.0;15960
90676;all;all;1;0;0.0;11105
97312;all;all;1;0;0.0;11631
90753;all;all;1;0;0.0;11112
136466;all;all;1;0;0.0;15961
90787;none;all;1;1;0.0;11116
90918;all;all;1;4;0.0;11124
111357;all;none;1;4;0.0;13346
130486;all;all;1;4;0.0;15224
90926;all;all;1;0;0.0;11124
99919;all;all;1;0;0.0;11841
90942;none;all;1;0;0.0;11125
129622;all;all;1;0;0.0;15069
90973;all;all;1;3;0.0;11127
91001;all;all;1;0;0.0;11134
107868;none;all;1;0;0.0;12801
91033;all;all;1;0;0.0;11141
124725;all;all;1;0;0.0;14986
138656;all;all;1;0;0.0;16066
91157;all;all;1;0;0.0;11160
94862;none;all;1;0;0.0;11408
97865;all;all;1;0;0.0;11657
123416;all;none;1;0;0.0;14882
131085;all;all;1;0;0.0;15284
91160;all;all;1;1;0.0;11160
91591;none;all;1;1;0.0;11242
97227;all;all;1;1;0.0;11627
97376;all;all;1;1;0.0;11635
99248;all;all;1;1;0.0;11696
116417;all;all;1;1;0.0;13883
125155;all;all;1;1;0.0;15001
125712;all;all;1;1;0.0;15003
132006;all;all;1;1;0.0;15321
132118;all;all;1;1;0.0;15334
136004;none;all;1;1;0.0;15884
137643;all;all;1;1;0.0;16042
91168;all;all;1;0;0.0;11161
100771;none;all;1;0;0.0;11957
91184;all;none;1;1;0.0;11164
91264;all;all;1;2;0.0;11172
99488;none;all;1;2;0.0;11747
112672;all;all;1;2;0.0;13464
113419;all;all;1;2;0.0;13571
120168;all;all;1;2;0.0;14220
91276;none;all;1;1;0.0;11173
94059;all;all;1;1;0.0;11343
94657;all;all;1;1;0.0;11365
128863;all;all;1;1;0.0;15036
135378;all;all;1;1;0.0;15785
139975;all;all;1;1;0.0;16225
91293;all;all;1;2;0.0;11174
91397;all;all;1;0;0.0;11198
94666;all;all;1;0;0.0;11366
131582;all;all;1;0;0.0;15302
139661;all;all;1;0;0.0;16191
91409;all;all;1;4;0.0;11202
91516;all;none;1;1;0.0;11232
108381;all;all;1;1;0.0;12843
116101;all;all;1;1;0.0;13880
123395;all;all;1;1;0.0;14882
131069;all;all;1;1;0.0;15284
131994;all;all;1;1;0.0;15320
135780;none;none;1;1;0.0;15843
136825;all;all;1;1;0.0;15972
91598;all;none;1;1;0.0;11244
98533;all;all;1;1;0.0;11673
105635;all;none;1;1;0.0;12577
118004;none;all;1;1;0.0;13910
128730;none;none;1;1;0.0;15033
129430;all;all;1;1;0.0;15061
142143;all;all;1;1;0.0;16460
91741;all;all;1;1;0.0;11256
91765;all;all;1;2;0.0;11256
114922;all;all;1;2;0.0;13803
91774;none;all;1;2;0.0;11256
92305;all;none;1;2;0.0;11280
113985;all;all;1;2;0.0;13641
121403;all;all;1;2;0.0;14444
91776;all;none;1;4;0.0;11256
94342;none;all;1;4;0.0;11354
121962;all;all;1;4;0.0;14561
91778;all;all;1;1;0.0;11256
91905;all;all;1;1;0.0;11260
91916;all;all;1;0;0.0;11260
111985;none;all;1;0;0.0;13400
133155;all;all;1;0;0.0;15380
135627;all;all;1;0;0.0;15821
92018;all;all;1;1;0.0;11264
96202;all;all;1;1;0.0;11522
103371;all;all;1;1;0.0;12520
141301;all;none;1;1;0.0;16360
92071;all;none;1;0;0.0;11270
118121;all;all;1;0;0.0;13914
92140;all;all;1;0;0.0;11277
92146;none;all;1;0;0.0;11278
105143;all;all;1;0;0.0;12570
106906;all;all;1;0;0.0;12706
92186;all;none;1;2;0.0;11280
118959;all;all;1;2;0.0;14050
125525;all;all;1;2;0.0;15002
92192;all;all;1;0;0.0;11280
92194;all;all;1;1;0.0;11280
102075;all;all;1;1;0.0;12362
118689;all;all;1;1;0.0;14002
92208;all;all;1;0;0.0;11280
99563;all;all;1;0;0.0;11762
125470;all;all;1;0;0.0;15002
137486;all;all;1;0;0.0;16041
139718;all;all;1;0;0.0;16201
92277;all;all;1;2;0.0;11280
104411;all;all;1;2;0.0;12560
132482;all;all;1;2;0.0;15362
92299;none;all;1;0;0.0;11280
100450;all;all;1;0;0.0;11915
103406;all;all;1;0;0.0;12523
92499;all;all;1;2;0.0;11281
107509;all;all;1;2;0.0;12783
119694;all;none;1;2;0.0;14166
130129;none;all;1;2;0.0;15165
92568;all;all;1;0;0.0;11282
125476;all;all;1;0;0.0;15002
92665;all;all;1;0;0.0;11283
92709;all;all;1;6;0.0;11283
111942;all;all;1;6;0.0;13397
92772;all;all;1;2;0.0;11284
107898;all;all;1;2;0.0;12802
130485;all;all;1;2;0.0;15224
92844;all;all;1;0;0.0;11284
92859;none;all;1;2;0.0;11284
92874;all;none;1;0;0.0;11285
96166;all;all;1;0;0.0;11519
108181;none;all;1;0;0.0;12837
133557;all;all;1;0;0.0;15388
92905;all;all;1;2;0.0;11285
118142;all;all;1;2;0.0;13915
137129;all;all;1;2;0.0;15989
92943;all;all;1;0;0.0;11285
93067;all;none;1;0;0.0;11286
107790;all;all;1;0;0.0;12795
108995;all;all;1;0;0.0;12865
117587;all;all;1;0;0.0;13903
142597;all;all;1;0;0.0;16542
93089;all;none;1;1;0.0;11286
111467;all;all;1;1;0.0;13369
135141;all;none;1;1;0.0;15754
93096;all;none;1;2;0.0;11286
109336;all;none;1;2;0.0;12899
93126;all;all;1;1;0.0;11286
124093;none;all;1;1;0.0;14904
93342;all;all;1;1;0.0;11290
93403;all;none;1;1;0.0;11293
98880;all;all;1;1;0.0;11678
93460;all;all;1;1;0.0;11295
93475;all;all;1;1;0.0;11296
99216;all;all;1;1;0.0;11691
104420;none;all;1;1;0.0;12560
116622;all;all;1;1;0.0;13884
135969;all;none;1;1;0.0;15882
140090;all;all;1;1;0.0;16241
93550;all;all;1;0;0.0;11310
97464;all;all;1;0;0.0;11641
109628;all;all;1;0;0.0;13024
124669;all;all;1;0;0.0;14981
128718;all;all;1;0;0.0;15033
130637;all;none;1;0;0.0;15261
139339;all;all;1;0;0.0;16142
93590;none;all;1;4;0.0;11315
99273;all;none;1;4;0.0;11703
110593;none;none;1;4;0.0;13263
132906;none;all;1;4;0.0;15368
93634;all;all;1;0;0.0;11320
125392;all;all;1;0;0.0;15002
93752;all;none;1;0;0.0;11334
93757;all;all;1;0;0.0;11335
106075;none;all;1;0;0.0;12583
93791;all;all;1;1;0.0;11336
93794;all;all;1;0;0.0;11336
93849;all;all;1;3;0.0;11337
93893;all;none;1;0;0.0;11338
93957;all;none;1;0;0.0;11340
102553;all;all;1;0;0.0;12450
93976;all;all;1;4;0.0;11340
93978;all;all;1;3;0.0;11340
93996;all;all;1;0;0.0;11341
94028;all;all;1;3;0.0;11342
117555;all;all;1;3;0.0;13903
94067;all;all;1;0;0.0;11343
94079;all;none;1;1;0.0;11343
94146;all;all;1;4;0.0;11349
128252;none;all;1;4;0.0;15027
94183;all;all;1;0;0.0;11352
103725;all;all;1;0;0.0;12553
121408;all;all;1;0;0.0;14444
94206;all;all;1;1;0.0;11352
94209;all;all;1;3;0.0;11352
104625;all;all;1;3;0.0;12562
113452;all;all;1;3;0.0;13576
94278;all;all;1;0;0.0;11353
94322;all;all;1;0;0.0;11354
104119;all;none;1;0;0.0;12555
94409;all;all;1;0;0.0;11356
94528;all;all;1;2;0.0;11358
94547;all;all;1;0;0.0;11359
94685;all;none;1;4;0.0;11369
94713;all;none;1;1;0.0;11377
96637;all;all;1;1;0.0;11555
94765;all;none;1;0;0.0;11392
94771;all;all;1;0;0.0;11392
102167;all;all;1;0;0.0;12392
94907;none;all;1;1;0.0;11416
102352;none;all;1;1;0.0;12424
108237;all;all;1;1;0.0;12840
113956;none;all;1;1;0.0;13641
129903;all;none;1;1;0.0;15124
136537;all;all;1;1;0.0;15962
94912;all;all;1;0;0.0;11416
96019;all;all;1;0;0.0;11504
125439;all;all;1;0;0.0;15002
130738;all;none;1;0;0.0;15280
94925;none;all;1;2;0.0;11418
115153;all;all;1;2;0.0;13841
131314;all;all;1;2;0.0;15290
136533;all;all;1;2;0.0;15962
94934;none;all;1;4;0.0;11420
102329;none;all;1;4;0.0;12418
105117;all;all;1;4;0.0;12570
109303;all;none;1;4;0.0;12896
122364;all;all;1;4;0.0;14744
130466;all;none;1;4;0.0;15223
141082;all;all;1;4;0.0;16304
95015;all;all;1;0;0.0;11434
95095;all;all;1;3;0.0;11442
103803;all;all;1;3;0.0;12553
122419;all;all;1;3;0.0;14761
123407;all;all;1;3;0.0;14882
95161;none;all;1;0;0.0;11450
121292;none;all;1;0;0.0;14440
95162;all;all;1;1;0.0;11450
97868;all;all;1;1;0.0;11657
119345;all;none;1;1;0.0;14124
122126;all;all;1;1;0.0;14654
140632;all;all;1;1;0.0;16281
95193;all;all;1;0;0.0;11456
96832;all;all;1;0;0.0;11584
95211;all;all;1;0;0.0;11457
95291;none;none;1;3;0.0;11466
99256;all;all;1;3;0.0;11697
104039;all;all;1;3;0.0;12555
109230;all;none;1;3;0.0;12883
95328;all;none;1;1;0.0;11472
95334;all;all;1;1;0.0;11472
95467;none;all;1;0;0.0;11476
95469;all;all;1;0;0.0;11476
142579;all;all;1;0;0.0;16541
95519;all;all;1;0;0.0;11478
130465;all;all;1;0;0.0;15222
95520;all;all;1;2;0.0;11478
95567;all;all;1;0;0.0;11482
95616;none;all;1;3;0.0;11488
95640;all;all;1;0;0.0;11488
95805;all;all;1;4;0.0;11492
108831;all;all;1;4;0.0;12859
114148;all;none;1;4;0.0;13656
118025;all;all;1;4;0.0;13911
95833;all;all;1;2;0.0;11492
95885;all;all;1;3;0.0;11493
95958;none;none;1;1;0.0;11496
100349;none;all;1;1;0.0;11912
96090;all;all;1;0;0.0;11509
96257;all;all;1;2;0.0;11528
97328;all;all;1;2;0.0;11632
128967;all;none;1;2;0.0;15040
96349;all;all;1;1;0.0;11534
96380;all;all;1;0;0.0;11536
96440;all;all;1;0;0.0;11538
96454;all;all;1;8;0.0;11539
96482;all;all;1;0;0.0;11540
98547;all;all;1;0;0.0;11673
141196;all;all;1;0;0.0;16314
96502;all;all;1;0;0.0;11541
99143;all;all;1;0;0.0;11685
96529;all;all;1;0;0.0;11543
96534;all;none;1;0;0.0;11543
96549;all;none;1;0;0.0;11546
99260;all;none;1;0;0.0;11698
99830;all;all;1;0;0.0;11816
107296;none;all;1;0;0.0;12777
133013;all;all;1;0;0.0;15372
96566;none;all;1;0;0.0;11552
110577;all;all;1;0;0.0;13259
96578;all;none;1;2;0.0;11552
129185;all;none;1;2;0.0;15044
132388;all;all;1;2;0.0;15361
96613;all;all;1;1;0.0;11553
96665;all;all;1;1;0.0;11556
107881;all;all;1;1;0.0;12801
112292;none;all;1;1;0.0;13409
113835;all;all;1;1;0.0;13602
128040;none;none;1;1;0.0;15024
132130;all;none;1;1;0.0;15340
140901;all;none;1;1;0.0;16300
96740;none;all;1;2;0.0;11564
115047;all;all;1;2;0.0;13824
128696;all;all;1;2;0.0;15033
96767;all;all;1;1;0.0;11570
132381;none;all;1;1;0.0;15361
96826;all;all;1;0;0.0;11584
97771;all;none;1;0;0.0;11656
102170;all;all;1;0;0.0;12392
116189;all;none;1;0;0.0;13881
135825;all;all;1;0;0.0;15852
96827;all;all;1;0;0.0;11584
96835;all;all;1;0;0.0;11584
96871;all;all;1;1;0.0;11586
103791;none;all;1;1;0.0;12553
114432;all;all;1;1;0.0;13713
116094;all;none;1;1;0.0;13880
122317;all;none;1;1;0.0;14734
129313;all;none;1;1;0.0;15051
136795;all;all;1;1;0.0;15970
137461;all;all;1;1;0.0;16040
96875;all;all;1;4;0.0;11586
98348;all;all;1;4;0.0;11667
125118;none;all;1;4;0.0;15001
96895;all;all;1;0;0.0;11588
109923;all;all;1;0;0.0;13113
142304;none;all;1;0;0.0;16514
96906;all;all;1;5;0.0;11588
96933;all;all;1;0;0.0;11590
96957;all;none;1;2;0.0;11593
101945;none;all;1;2;0.0;12331
110989;all;all;1;2;0.0;13323
118305;all;none;1;2;0.0;13931
97015;all;all;1;1;0.0;11601
131011;all;all;1;1;0.0;15283
97054;all;all;1;1;0.0;11610
102037;all;none;1;1;0.0;12353
97064;all;none;1;1;0.0;11611
99897;all;all;1;1;0.0;11834
97097;all;none;1;0;0.0;11624
97168;none;all;1;1;0.0;11625
125375;all;all;1;1;0.0;15002
97195;none;all;1;2;0.0;11626
97929;all;none;1;2;0.0;11658
97213;none;none;1;4;0.0;11626
103923;all;all;1;4;0.0;12554
115174;none;all;1;4;0.0;13841
121266;all;all;1;4;0.0;14440
97303;all;none;1;0;0.0;11630
108644;all;all;1;0;0.0;12852
123011;all;all;1;0;0.0;14847
97349;all;none;1;2;0.0;11634
97424;all;none;1;0;0.0;11640
97513;all;none;1;0;0.0;11642
101293;all;all;1;0;0.0;12099
97518;all;none;1;0;0.0;11643
97528;all;all;1;0;0.0;11643
105122;all;none;1;0;0.0;12570
112730;all;none;1;0;0.0;13467
129454;none;none;1;0;0.0;15062
141281;all;all;1;0;0.0;16344
97538;all;all;1;1;0.0;11643
106874;all;none;1;1;0.0;12698
127362;all;all;1;1;0.0;15021
127774;all;none;1;1;0.0;15023
127908;all;all;1;1;0.0;15024
130039;all;none;1;1;0.0;15153
97569;all;none;1;1;0.0;11645
97624;none;all;1;0;0.0;11649
122398;none;all;1;0;0.0;14754
97760;all;all;1;0;0.0;11656
111625;all;none;1;0;0.0;13385
140680;none;none;1;0;0.0;16283
97835;all;all;1;2;0.0;11657
108342;all;all;1;2;0.0;12842
132065;all;none;1;2;0.0;15324
97884;all;all;1;2;0.0;11657
97892;all;all;1;2;0.0;11657
100254;all;all;1;2;0.0;11889
102825;all;all;1;2;0.0;12464
108222;all;all;1;2;0.0;12840
113040;none;all;1;2;0.0;13523
122707;all;all;1;2;0.0;14813
140197;all;all;1;2;0.0;16244
97895;all;all;1;0;0.0;11657
97927;all;all;1;0;0.0;11658
97963;none;all;1;2;0.0;11658
97976;none;all;1;1;0.0;11658
98025;none;all;1;2;0.0;11659
103830;all;all;1;2;0.0;12553
113493;all;all;1;2;0.0;13577
122607;none;all;1;2;0.0;14802
98054;all;all;1;2;0.0;11659
113517;all;all;1;2;0.0;13578
137689;all;all;1;2;0.0;16043
98252;all;all;1;2;0.0;11664
107519;all;all;1;2;0.0;12784
122262;all;all;1;2;0.0;14723
141337;all;all;1;2;0.0;16361
98267;all;all;1;0;0.0;11664
116165;all;all;1;0;0.0;13881
116669;all;all;1;0;0.0;13884
132003;all;all;1;0;0.0;15321
98271;all;none;1;0;0.0;11664
98282;all;all;1;0;0.0;11665
125055;all;all;1;0;0.0;15001
98285;all;none;1;1;0.0;11665
116671;all;none;1;1;0.0;13884
120726;all;all;1;1;0.0;14332
98441;all;none;1;2;0.0;11672
98994;all;none;1;2;0.0;11681
124653;none;all;1;2;0.0;14980
98446;all;all;1;3;0.0;11672
127555;all;all;1;3;0.0;15022
98456;all;all;1;0;0.0;11672
105726;all;all;1;0;0.0;12577
98503;all;none;1;1;0.0;11672
98537;all;none;1;0;0.0;11673
98565;all;all;1;1;0.0;11673
98575;all;all;1;3;0.0;11673
110625;all;none;1;3;0.0;13272
124006;all;all;1;3;0.0;14903
141661;all;all;1;3;0.0;16380
98619;all;all;1;2;0.0;11674
127644;all;all;1;2;0.0;15023
98632;all;all;1;2;0.0;11674
98680;all;all;1;0;0.0;11674
98721;all;none;1;0;0.0;11675
98731;none;all;1;0;0.0;11675
131841;all;all;1;0;0.0;15310
98733;all;all;1;4;0.0;11675
114281;all;all;1;4;0.0;13665
98740;all;all;1;0;0.0;11675
109725;all;all;1;0;0.0;13051
137330;all;all;1;0;0.0;16023
98970;none;all;1;2;0.0;11681
115672;all;all;1;2;0.0;13862
123963;none;none;1;2;0.0;14902
99007;all;all;1;2;0.0;11681
99334;all;all;1;2;0.0;11714
99023;all;none;1;0;0.0;11682
99072;all;all;1;2;0.0;11683
99083;all;all;1;0;0.0;11683
100705;all;all;1;0;0.0;11938
101699;all;all;1;0;0.0;12194
105299;none;none;1;0;0.0;12571
114996;none;all;1;0;0.0;13820
127834;all;none;1;0;0.0;15024
131917;all;all;1;0;0.0;15313
99100;none;all;1;0;0.0;11683
99115;all;all;1;0;0.0;11683
99351;all;all;1;3;0.0;11720
99407;all;all;1;4;0.0;11730
99419;none;all;1;2;0.0;11736
100898;all;all;1;2;0.0;12002
99449;all;all;1;2;0.0;11739
112147;all;all;1;2;0.0;13403
135884;all;all;1;2;0.0;15864
99524;all;all;1;1;0.0;11754
104645;all;all;1;1;0.0;12563
112637;none;none;1;1;0.0;13456
99526;all;all;1;2;0.0;11754
102677;all;all;1;2;0.0;12458
123558;all;all;1;2;0.0;14884
129022;all;all;1;2;0.0;15041
99654;all;none;1;2;0.0;11784
100457;all;all;1;2;0.0;11915
112562;none;all;1;2;0.0;13448
124832;all;all;1;2;0.0;15000
124867;all;all;1;2;0.0;15000
139554;all;all;1;2;0.0;16170
99674;all;all;1;0;0.0;11786
116471;all;none;1;0;0.0;13883
99681;all;all;1;0;0.0;11786
116646;all;all;1;0;0.0;13884
118235;all;all;1;0;0.0;13922
99735;all;all;1;2;0.0;11795
100402;all;all;1;2;0.0;11913
133796;all;all;1;2;0.0;15401
99738;all;all;1;2;0.0;11795
110294;none;all;1;2;0.0;13200
120521;all;all;1;2;0.0;14284
137465;all;all;1;2;0.0;16040
99954;none;all;1;2;0.0;11849
99972;all;all;1;1;0.0;11850
101403;all;all;1;1;0.0;12113
99995;all;none;1;0;0.0;11851
100093;all;all;1;0;0.0;11866
113398;none;all;1;0;0.0;13569
100113;all;none;1;0;0.0;11867
100166;all;all;1;0;0.0;11875
100200;none;all;1;0;0.0;11881
100205;all;all;1;0;0.0;11882
100250;all;all;1;0;0.0;11888
108608;all;all;1;0;0.0;12851
121913;all;all;1;0;0.0;14534
134557;all;all;1;0;0.0;15600
136225;none;none;1;0;0.0;15921
100291;all;all;1;1;0.0;11897
100292;all;all;1;0;0.0;11897
100293;all;all;1;1;0.0;11898
138387;all;all;1;1;0.0;16062
100312;none;all;1;0;0.0;11899
104983;all;all;1;0;0.0;12569
114231;all;all;1;0;0.0;13659
127172;all;all;1;0;0.0;15021
100332;all;all;1;0;0.0;11905
114815;all;all;1;0;0.0;13792
132251;all;all;1;0;0.0;15350
100346;all;all;1;0;0.0;11910
100364;all;all;1;2;0.0;11912
100386;all;all;1;3;0.0;11913
111581;all;all;1;3;0.0;13385
122983;all;all;1;3;0.0;14844
123046;all;all;1;3;0.0;14852
125043;all;all;1;3;0.0;15001
100388;all;all;1;2;0.0;11913
135433;all;none;1;2;0.0;15800
100459;all;all;1;1;0.0;11915
100471;all;all;1;0;0.0;11915
135779;all;all;1;0;0.0;15843
100530;all;all;1;0;0.0;11921
100533;all;all;1;1;0.0;11922
102880;all;all;1;1;0.0;12466
100583;all;all;1;0;0.0;11928
103294;all;all;1;0;0.0;12504
123968;none;none;1;0;0.0;14902
133416;all;none;1;0;0.0;15384
100593;all;none;1;0;0.0;11929
121546;all;all;1;0;0.0;14461
100609;all;all;1;2;0.0;11929
100618;all;all;1;0;0.0;11930
142583;all;none;1;0;0.0;16541
100638;all;all;1;0;0.0;11931
100698;all;all;1;1;0.0;11937
101243;all;all;1;1;0.0;12088
129506;none;all;1;1;0.0;15063
140526;all;all;1;1;0.0;16274
100704;all;none;1;1;0.0;11937
100725;all;all;1;0;0.0;11939
109308;none;none;1;0;0.0;12896
109825;all;all;1;0;0.0;13082
129676;none;all;1;0;0.0;15073
100738;all;all;1;1;0.0;11943
100749;all;all;1;0;0.0;11945
126016;none;all;1;0;0.0;15004
133857;all;all;1;0;0.0;15403
100765;all;all;1;1;0.0;11952
111656;all;all;1;1;0.0;13386
120813;none;all;1;1;0.0;14361
130824;all;all;1;1;0.0;15281
136534;all;all;1;1;0.0;15962
140077;none;none;1;1;0.0;16241
100860;all;all;1;0;0.0;11992
100888;all;all;1;1;0.0;12000
101987;all;all;1;1;0.0;12344
105046;all;all;1;1;0.0;12569
108727;all;all;1;1;0.0;12857
110332;all;all;1;1;0.0;13209
121798;none;all;1;1;0.0;14501
127000;all;all;1;1;0.0;15020
100911;all;all;1;1;0.0;12008
106838;all;all;1;1;0.0;12689
100914;all;none;1;1;0.0;12009
120785;none;all;1;1;0.0;14360
101029;all;none;1;0;0.0;12042
120818;all;all;1;0;0.0;14361
123054;all;all;1;0;0.0;14854
139716;all;all;1;0;0.0;16201
101041;all;all;1;0;0.0;12042
115306;all;all;1;0;0.0;13843
130333;all;all;1;0;0.0;15202
101056;all;all;1;5;0.0;12043
101119;none;all;1;1;0.0;12057
123125;all;all;1;1;0.0;14863
141802;all;all;1;1;0.0;16384
142566;all;all;1;1;0.0;16541
101303;all;all;1;0;0.0;12104
134571;all;all;1;0;0.0;15602
136496;all;all;1;0;0.0;15962
101338;all;none;1;1;0.0;12106
101366;all;all;1;0;0.0;12107
125513;all;all;1;0;0.0;15002
101435;all;all;1;2;0.0;12120
101465;all;all;1;0;0.0;12122
128636;all;all;1;0;0.0;15032
101485;all;all;1;0;0.0;12124
101547;none;all;1;0;0.0;12137
101548;all;all;1;3;0.0;12138
108300;none;all;1;3;0.0;12841
130067;all;all;1;3;0.0;15161
132108;all;all;1;3;0.0;15330
101592;all;all;1;1;0.0;12153
106442;all;all;1;1;0.0;12603
106743;none;none;1;1;0.0;12667
127005;none;all;1;1;0.0;15020
141800;all;all;1;1;0.0;16384
101596;all;all;1;0;0.0;12153
101696;all;all;1;0;0.0;12193
133684;all;all;1;0;0.0;15393
134505;all;all;1;0;0.0;15582
101750;none;all;1;1;0.0;12217
139123;none;none;1;1;0.0;16110
101773;all;all;1;5;0.0;12226
101919;all;all;1;0;0.0;12328
116058;all;all;1;0;0.0;13880
121148;all;all;1;0;0.0;14410
137508;all;all;1;0;0.0;16041
101922;all;all;1;10;0.0;12328
101929;all;all;1;0;0.0;12329
104011;none;all;1;0;0.0;12554
108227;all;none;1;0;0.0;12840
101950;all;all;1;1;0.0;12331
125138;all;all;1;1;0.0;15001
102007;all;all;1;0;0.0;12346
104840;all;all;1;0;0.0;12568
110709;all;all;1;0;0.0;13282
117384;all;all;1;0;0.0;13902
141154;all;all;1;0;0.0;16310
102069;all;all;1;2;0.0;12361
102080;all;none;1;3;0.0;12363
123427;all;all;1;3;0.0;14882
136237;none;none;1;3;0.0;15923
102164;all;all;1;1;0.0;12392
125477;all;all;1;1;0.0;15002
102166;all;all;1;3;0.0;12392
129875;all;all;1;3;0.0;15122
102176;all;all;1;2;0.0;12393
116988;all;all;1;2;0.0;13892
119653;all;all;1;2;0.0;14163
102324;all;all;1;0;0.0;12417
105569;all;all;1;0;0.0;12576
107714;all;all;1;0;0.0;12793
102325;all;all;1;4;0.0;12417
102390;all;all;1;2;0.0;12427
102392;all;none;1;2;0.0;12427
120868;all;all;1;2;0.0;14364
102427;none;all;1;0;0.0;12433
108256;all;all;1;0;0.0;12841
111400;all;all;1;0;0.0;13352
121909;all;none;1;0;0.0;14530
102434;all;all;1;0;0.0;12434
102464;all;none;1;0;0.0;12441
105104;all;none;1;0;0.0;12570
105863;all;all;1;0;0.0;12579
106739;all;all;1;0;0.0;12666
113825;all;all;1;0;0.0;13601
117696;all;all;1;0;0.0;13904
118037;all;all;1;0;0.0;13911
120962;all;all;1;0;0.0;14382
135611;all;all;1;0;0.0;15820
102537;all;all;1;1;0.0;12449
102604;all;none;1;2;0.0;12456
107411;all;all;1;2;0.0;12779
121078;all;all;1;2;0.0;14402
102614;none;all;1;1;0.0;12456
110570;all;all;1;1;0.0;13259
102705;all;all;1;0;0.0;12458
129138;all;none;1;0;0.0;15043
102824;all;all;1;2;0.0;12464
102846;all;all;1;2;0.0;12465
119935;all;all;1;2;0.0;14202
132679;all;all;1;2;0.0;15364
137755;none;none;1;2;0.0;16043
102868;none;all;1;2;0.0;12466
106831;all;all;1;2;0.0;12688
136501;all;all;1;2;0.0;15962
102875;all;all;1;2;0.0;12466
116223;all;none;1;2;0.0;13881
130729;all;all;1;2;0.0;15280
137636;all;none;1;2;0.0;16042
139186;all;all;1;2;0.0;16122
102927;all;all;1;4;0.0;12471
102939;all;none;1;0;0.0;12472
105186;all;all;1;0;0.0;12570
120247;all;none;1;0;0.0;14223
133280;all;none;1;0;0.0;15382
102945;all;none;1;1;0.0;12472
117726;all;none;1;1;0.0;13904
135840;all;all;1;1;0.0;15860
102975;all;all;1;0;0.0;12473
136131;all;all;1;0;0.0;15903
102981;all;all;1;0;0.0;12473
105156;all;all;1;0;0.0;12570
127904;none;all;1;0;0.0;15024
134631;all;all;1;0;0.0;15620
103010;all;all;1;2;0.0;12474
103279;all;all;1;0;0.0;12498
118470;all;all;1;0;0.0;13962
103360;all;all;1;0;0.0;12517
103401;all;all;1;0;0.0;12523
137423;all;all;1;0;0.0;16040
142355;all;all;1;0;0.0;16521
103452;all;all;1;0;0.0;12531
103471;all;all;1;2;0.0;12537
103511;all;all;1;1;0.0;12544
103590;none;all;1;2;0.0;12552
121329;all;all;1;2;0.0;14442
142102;none;all;1;2;0.0;16443
103638;all;all;1;2;0.0;12552
103670;all;all;1;0;0.0;12552
103941;all;all;1;0;0.0;12554
118682;all;all;1;0;0.0;14002
103695;none;all;1;0;0.0;12552
103705;all;all;1;1;0.0;12553
106119;all;all;1;1;0.0;12584
111412;all;all;1;1;0.0;13354
114600;all;all;1;1;0.0;13770
122944;none;all;1;1;0.0;14842
103732;all;none;1;4;0.0;12553
103813;none;all;1;0;0.0;12553
111729;all;all;1;0;0.0;13387
103875;all;none;1;0;0.0;12554
141600;none;none;1;0;0.0;16371
103886;all;all;1;1;0.0;12554
103988;all;none;1;1;0.0;12554
103912;all;all;1;1;0.0;12554
104587;all;all;1;1;0.0;12562
106843;all;all;1;1;0.0;12691
116209;all;all;1;1;0.0;13881
124331;all;all;1;1;0.0;14922
103922;all;all;1;6;0.0;12554
121973;all;none;1;6;0.0;14564
103926;all;all;1;2;0.0;12554
116251;all;all;1;2;0.0;13881
103928;all;all;1;2;0.0;12554
103964;all;all;1;3;0.0;12554
108317;all;all;1;3;0.0;12842
108358;all;all;1;3;0.0;12842
108574;all;all;1;3;0.0;12849
116289;all;all;1;3;0.0;13882
125660;all;none;1;3;0.0;15003
130747;all;all;1;3;0.0;15280
135039;all;all;1;3;0.0;15724
104009;all;all;1;0;0.0;12554
111081;all;all;1;0;0.0;13328
113185;all;all;1;0;0.0;13546
104010;all;none;1;0;0.0;12554
108215;all;all;1;0;0.0;12840
129154;all;none;1;0;0.0;15044
141224;none;all;1;0;0.0;16321
104093;none;none;1;0;0.0;12555
104127;all;all;1;0;0.0;12555
116557;all;none;1;0;0.0;13884
132717;all;all;1;0;0.0;15364
104148;all;all;1;1;0.0;12555
119408;all;all;1;1;0.0;14131
129139;none;all;1;1;0.0;15043
130842;none;all;1;1;0.0;15281
137454;all;all;1;1;0.0;16040
104296;all;all;1;2;0.0;12558
126200;all;all;1;2;0.0;15006
135050;all;none;1;2;0.0;15727
104471;none;all;1;1;0.0;12560
109976;all;all;1;1;0.0;13130
104491;all;all;1;2;0.0;12561
129944;all;all;1;2;0.0;15131
104583;all;all;1;2;0.0;12562
110257;all;none;1;2;0.0;13195
111599;all;none;1;2;0.0;13385
125483;all;all;1;2;0.0;15002
126711;all;all;1;2;0.0;15012
134868;all;all;1;2;0.0;15683
139474;none;all;1;2;0.0;16162
140073;all;none;1;2;0.0;16241
104601;all;all;1;0;0.0;12562
104630;all;all;1;0;0.0;12562
104646;all;all;1;0;0.0;12563
104701;all;all;1;1;0.0;12563
121976;all;all;1;1;0.0;14564
125008;all;all;1;1;0.0;15000
104709;all;all;1;4;0.0;12563
109207;all;all;1;4;0.0;12880
104805;all;all;1;1;0.0;12567
122465;all;none;1;1;0.0;14768
126269;all;all;1;1;0.0;15006
104824;all;all;1;0;0.0;12567
104862;all;all;1;6;0.0;12568
127481;all;all;1;6;0.0;15022
131709;all;none;1;6;0.0;15304
137077;all;all;1;6;0.0;15984
138268;all;all;1;6;0.0;16061
104885;none;all;1;2;0.0;12568
105034;all;all;1;0;0.0;12569
106731;all;none;1;0;0.0;12665
124231;all;none;1;0;0.0;14912
134095;all;none;1;0;0.0;15433
105043;all;all;1;2;0.0;12569
105074;all;none;1;1;0.0;12569
136996;all;all;1;1;0.0;15982
105102;all;all;1;2;0.0;12570
121200;all;all;1;2;0.0;14422
105128;all;none;1;0;0.0;12570
115558;all;none;1;0;0.0;13860
105136;none;none;1;3;0.0;12570
105159;none;all;1;1;0.0;12570
105196;none;all;1;1;0.0;12570
105889;all;none;1;1;0.0;12579
105280;all;all;1;2;0.0;12571
105337;all;none;1;2;0.0;12571
105345;all;all;1;0;0.0;12571
135339;all;all;1;0;0.0;15782
105350;all;all;1;0;0.0;12571
105445;all;all;1;3;0.0;12574
105473;all;all;1;1;0.0;12574
105516;all;none;1;0;0.0;12576
129385;all;all;1;0;0.0;15060
135100;all;none;1;0;0.0;15743
105582;all;all;1;0;0.0;12576
135635;all;all;1;0;0.0;15822
105698;all;all;1;0;0.0;12577
105725;all;all;1;0;0.0;12577
105739;all;all;1;2;0.0;12578
105794;all;all;1;0;0.0;12578
133287;all;all;1;0;0.0;15382
105811;all;all;1;1;0.0;12578
115968;all;all;1;1;0.0;13874
117100;all;all;1;1;0.0;13900
105866;all;none;1;1;0.0;12579
105920;all;all;1;0;0.0;12579
127947;all;all;1;0;0.0;15024
106116;all;none;1;0;0.0;12584
121491;all;all;1;0;0.0;14454
130952;all;all;1;0;0.0;15283
132500;all;all;1;0;0.0;15362
132526;all;all;1;0;0.0;15362
106127;all;none;1;2;0.0;12584
135192;all;all;1;2;0.0;15762
136228;none;none;1;2;0.0;15922
106134;all;all;1;3;0.0;12585
118261;all;all;1;3;0.0;13924
106150;all;all;1;0;0.0;12585
106233;all;all;1;0;0.0;12589
106268;all;all;1;2;0.0;12592
106287;all;all;1;0;0.0;12593
125407;none;all;1;0;0.0;15002
106352;none;none;1;0;0.0;12599
106405;all;all;1;0;0.0;12602
120732;all;all;1;0;0.0;14340
106419;all;none;1;2;0.0;12602
106494;all;all;1;1;0.0;12608
106527;all;none;1;0;0.0;12610
106597;all;all;1;0;0.0;12618
106609;all;all;1;1;0.0;12622
106637;all;all;1;2;0.0;12634
106713;none;all;1;0;0.0;12658
106761;all;all;1;2;0.0;12673
106865;all;all;1;0;0.0;12697
107669;all;none;1;0;0.0;12792
112351;all;all;1;0;0.0;13411
117656;all;none;1;0;0.0;13904
119014;all;all;1;0;0.0;14062
133610;all;all;1;0;0.0;15390
106907;none;all;1;2;0.0;12706
111241;all;all;1;2;0.0;13338
139049;none;none;1;2;0.0;16100
106915;none;all;1;2;0.0;12707
127746;all;all;1;2;0.0;15023
106916;all;all;1;0;0.0;12707
106946;all;all;1;0;0.0;12713
120519;all;all;1;0;0.0;14284
122313;all;all;1;0;0.0;14732
123253;none;all;1;0;0.0;14880
136226;none;none;1;0;0.0;15922
107030;all;none;1;0;0.0;12729
114832;all;all;1;0;0.0;13794
127925;all;all;1;0;0.0;15024
127998;all;none;1;0;0.0;15024
107314;all;all;1;1;0.0;12777
125292;all;all;1;1;0.0;15002
107368;all;all;1;2;0.0;12778
116360;all;all;1;2;0.0;13882
107383;all;all;1;1;0.0;12778
116474;all;none;1;1;0.0;13883
107457;all;all;1;1;0.0;12780
107613;all;none;1;1;0.0;12787
107675;all;none;1;0;0.0;12792
107692;all;all;1;0;0.0;12793
119006;all;none;1;0;0.0;14061
107699;none;all;1;0;0.0;12793
119184;all;all;1;0;0.0;14100
107700;all;all;1;1;0.0;12793
107717;all;all;1;1;0.0;12793
107722;all;all;1;0;0.0;12794
131438;all;all;1;0;0.0;15300
107780;all;all;1;3;0.0;12795
131898;all;all;1;3;0.0;15312
107821;all;none;1;0;0.0;12798
107827;all;all;1;0;0.0;12799
107840;all;all;1;0;0.0;12800
109012;all;all;1;0;0.0;12866
109268;all;all;1;0;0.0;12890
107896;all;all;1;0;0.0;12802
107908;all;all;1;0;0.0;12802
139131;none;none;1;0;0.0;16112
107922;all;all;1;0;0.0;12802
115648;all;all;1;0;0.0;13861
136110;all;all;1;0;0.0;15902
108063;all;all;1;0;0.0;12817
133831;none;all;1;0;0.0;15402
108094;none;all;1;0;0.0;12824
114141;all;all;1;0;0.0;13656
134381;all;all;1;0;0.0;15550
138467;all;all;1;0;0.0;16063
108137;all;all;1;0;0.0;12829
108192;all;none;1;1;0.0;12840
109669;all;all;1;1;0.0;13034
110460;all;all;1;1;0.0;13235
108218;none;all;1;1;0.0;12840
120022;all;all;1;1;0.0;14204
123776;all;all;1;1;0.0;14891
125978;all;all;1;1;0.0;15004
108231;all;all;1;0;0.0;12840
108252;none;all;1;2;0.0;12841
121288;all;all;1;2;0.0;14440
108272;all;none;1;0;0.0;12841
111129;all;all;1;0;0.0;13330
120103;all;all;1;0;0.0;14211
142127;all;all;1;0;0.0;16450
108335;all;all;1;0;0.0;12842
124891;none;all;1;0;0.0;15000
124913;all;all;1;0;0.0;15000
142076;none;all;1;0;0.0;16440
108365;all;all;1;1;0.0;12842
116625;all;none;1;1;0.0;13884
123802;all;all;1;1;0.0;14893
128965;all;all;1;1;0.0;15040
130568;all;all;1;1;0.0;15243
108528;all;all;1;1;0.0;12848
108538;all;all;1;0;0.0;12848
108668;all;all;1;3;0.0;12855
108795;all;all;1;1;0.0;12858
108801;all;all;1;2;0.0;12858
120157;none;all;1;2;0.0;14220
130460;none;all;1;2;0.0;15222
108829;all;all;1;0;0.0;12859
108921;all;all;1;3;0.0;12864
117513;none;all;1;3;0.0;13903
130186;all;all;1;3;0.0;15180
130446;all;none;1;3;0.0;15221
108964;all;all;1;0;0.0;12865
111978;all;none;1;0;0.0;13400
122399;all;all;1;0;0.0;14754
129830;all;all;1;0;0.0;15110
135653;all;all;1;0;0.0;15823
108972;all;all;1;1;0.0;12865
109072;none;all;1;0;0.0;12867
109228;all;all;1;2;0.0;12883
109238;all;all;1;1;0.0;12886
109252;all;none;1;0;0.0;12888
123226;all;all;1;0;0.0;14874
109397;all;none;1;3;0.0;12925
109431;all;none;1;0;0.0;12944
131369;all;none;1;0;0.0;15294
131999;all;all;1;0;0.0;15321
109577;all;all;1;0;0.0;13008
129946;all;all;1;0;0.0;15132
109661;none;all;1;2;0.0;13033
109673;all;all;1;1;0.0;13035
136408;all;all;1;1;0.0;15960
109678;all;all;1;3;0.0;13035
109692;none;all;1;2;0.0;13040
109703;all;all;1;1;0.0;13043
109790;all;all;1;0;0.0;13072
109903;all;all;1;3;0.0;13105
114613;none;all;1;3;0.0;13770
122703;all;all;1;3;0.0;14811
109982;none;none;1;3;0.0;13131
116021;all;all;1;3;0.0;13880
122041;all;all;1;3;0.0;14604
110196;all;all;1;0;0.0;13187
112146;none;all;1;0;0.0;13403
112501;none;none;1;0;0.0;13433
110198;none;all;1;0;0.0;13187
128032;all;none;1;0;0.0;15024
110258;all;all;1;0;0.0;13195
140576;all;all;1;0;0.0;16280
141400;all;all;1;0;0.0;16362
110310;all;all;1;0;0.0;13203
136622;all;all;1;0;0.0;15964
110322;none;all;1;2;0.0;13208
139382;all;none;1;2;0.0;16144
110341;all;all;1;0;0.0;13209
118366;all;none;1;0;0.0;13943
110489;all;none;1;2;0.0;13242
110529;all;all;1;0;0.0;13256
110558;all;none;1;0;0.0;13258
114645;all;all;1;0;0.0;13771
119846;all;all;1;0;0.0;14200
123794;all;all;1;0;0.0;14892
110610;all;all;1;0;0.0;13266
110613;all;all;1;0;0.0;13267
110658;all;all;1;0;0.0;13274
110670;all;all;1;0;0.0;13275
110754;none;none;1;0;0.0;13291
118262;all;all;1;0;0.0;13924
110851;all;all;1;1;0.0;13320
121377;all;all;1;1;0.0;14443
132474;all;all;1;1;0.0;15361
134866;all;all;1;1;0.0;15682
110875;none;all;1;0;0.0;13321
110885;all;all;1;0;0.0;13321
114709;all;all;1;0;0.0;13779
141423;all;all;1;0;0.0;16363
110951;none;all;1;0;0.0;13322
139726;all;none;1;0;0.0;16201
111279;none;all;1;2;0.0;13339
119438;none;none;1;2;0.0;14140
111332;all;all;1;0;0.0;13344
117141;all;all;1;0;0.0;13900
111342;all;all;1;2;0.0;13345
111369;all;all;1;0;0.0;13347
111377;all;all;1;0;0.0;13348
111396;all;none;1;1;0.0;13352
136453;none;none;1;1;0.0;15961
111433;none;all;1;1;0.0;13358
111464;none;all;1;1;0.0;13369
111487;all;all;1;4;0.0;13376
111508;all;none;1;1;0.0;13384
120802;none;none;1;1;0.0;14361
111623;all;all;1;2;0.0;13385
141368;all;all;1;2;0.0;16361
111636;all;all;1;0;0.0;13386
111645;all;none;1;1;0.0;13386
111734;all;all;1;0;0.0;13387
111904;all;none;1;2;0.0;13394
135477;all;all;1;2;0.0;15802
112066;all;all;1;2;0.0;13401
127222;all;all;1;2;0.0;15021
112079;all;all;1;2;0.0;13402
112098;all;all;1;1;0.0;13402
113702;all;all;1;1;0.0;13593
112099;none;all;1;2;0.0;13402
120154;all;all;1;2;0.0;14220
112122;all;all;1;1;0.0;13402
132266;all;all;1;1;0.0;15353
112131;all;all;1;1;0.0;13402
112161;none;all;1;2;0.0;13403
112166;all;all;1;0;0.0;13403
141803;all;all;1;0;0.0;16384
112208;all;all;1;1;0.0;13405
117924;all;all;1;1;0.0;13908
112219;all;all;1;1;0.0;13405
112239;all;all;1;3;0.0;13407
112420;none;none;1;1;0.0;13418
112459;none;none;1;2;0.0;13424
112621;all;all;1;0;0.0;13452
112738;none;all;1;0;0.0;13469
112804;all;all;1;0;0.0;13481
112890;all;all;1;0;0.0;13497
112892;all;none;1;2;0.0;13497
112911;none;all;1;1;0.0;13499
112951;all;none;1;2;0.0;13512
113151;all;all;1;0;0.0;13545
113166;all;all;1;2;0.0;13545
113191;none;all;1;0;0.0;13546
124999;all;none;1;0;0.0;15000
113238;none;all;1;2;0.0;13551
129920;all;all;1;2;0.0;15126
113496;all;all;1;0;0.0;13578
113546;all;all;1;0;0.0;13579
113629;all;none;1;0;0.0;13586
124836;all;none;1;0;0.0;15000
140042;all;none;1;0;0.0;16240
113654;all;all;1;1;0.0;13591
113763;all;all;1;1;0.0;13595
127014;all;all;1;1;0.0;15020
128795;all;all;1;1;0.0;15034
113807;all;all;1;2;0.0;13600
113888;all;all;1;1;0.0;13611
113987;all;none;1;1;0.0;13642
113999;all;all;1;0;0.0;13642
137547;all;all;1;0;0.0;16041
114036;all;all;1;0;0.0;13643
114112;all;all;1;0;0.0;13650
114164;all;all;1;0;0.0;13656
114232;none;all;1;0;0.0;13659
114306;all;all;1;1;0.0;13667
114355;all;all;1;1;0.0;13679
122287;all;all;1;1;0.0;14725
114427;all;all;1;3;0.0;13710
114464;none;all;1;0;0.0;13731
114479;all;all;1;0;0.0;13737
114608;all;none;1;2;0.0;13770
132627;all;all;1;2;0.0;15363
138110;all;all;1;2;0.0;16054
114708;none;all;1;2;0.0;13779
114718;all;all;1;4;0.0;13782
114736;all;all;1;2;0.0;13784
114760;all;all;1;3;0.0;13786
114794;all;none;1;2;0.0;13787
117559;none;all;1;2;0.0;13903
114965;none;all;1;0;0.0;13809
115083;all;all;1;3;0.0;13836
115132;all;all;1;0;0.0;13840
115187;all;none;1;1;0.0;13841
131008;all;all;1;1;0.0;15283
141592;none;none;1;1;0.0;16370
115196;all;all;1;3;0.0;13841
115275;none;all;1;0;0.0;13843
125951;all;none;1;0;0.0;15004
132660;none;none;1;0;0.0;15363
115289;all;all;1;0;0.0;13843
115423;all;all;1;1;0.0;13847
115479;all;all;1;0;0.0;13849
115515;all;all;1;2;0.0;13853
115586;all;all;1;1;0.0;13860
127854;none;all;1;1;0.0;15024
115634;all;all;1;1;0.0;13861
127649;all;all;1;1;0.0;15023
136293;none;none;1;1;0.0;15940
115638;all;all;1;2;0.0;13861
115651;all;all;1;0;0.0;13861
127053;all;all;1;0;0.0;15020
140941;none;all;1;0;0.0;16301
115673;all;all;1;0;0.0;13862
115686;all;all;1;4;0.0;13862
115697;all;all;1;1;0.0;13862
115704;all;all;1;2;0.0;13862
115773;none;all;1;0;0.0;13864
115785;all;all;1;0;0.0;13864
122352;none;all;1;0;0.0;14743
131477;all;all;1;0;0.0;15301
134197;all;all;1;0;0.0;15473
142034;all;all;1;0;0.0;16422
115829;all;none;1;0;0.0;13865
115831;none;all;1;1;0.0;13865
116056;all;all;1;1;0.0;13880
116137;all;all;1;1;0.0;13881
129869;none;all;1;1;0.0;15121
116144;all;all;1;0;0.0;13881
137646;all;all;1;0;0.0;16042
116157;all;none;1;0;0.0;13881
132380;none;none;1;0;0.0;15361
116166;none;all;1;0;0.0;13881
116296;all;all;1;1;0.0;13882
116430;all;all;1;2;0.0;13883
121694;all;all;1;2;0.0;14480
116453;none;none;1;0;0.0;13883
130369;all;all;1;0;0.0;15204
116490;all;all;1;0;0.0;13883
142312;none;all;1;0;0.0;16520
116552;all;none;1;0;0.0;13884
139681;all;all;1;0;0.0;16200
140282;all;all;1;0;0.0;16253
116635;all;all;1;0;0.0;13884
123303;none;all;1;0;0.0;14880
116650;all;none;1;0;0.0;13884
116877;none;all;1;2;0.0;13888
116960;all;all;1;3;0.0;13891
135826;all;all;1;3;0.0;15852
137378;all;all;1;3;0.0;16040
117192;all;all;1;1;0.0;13900
118619;none;none;1;1;0.0;13984
123134;all;all;1;1;0.0;14863
136187;all;all;1;1;0.0;15912
117226;all;all;1;0;0.0;13901
117573;all;all;1;0;0.0;13903
117252;none;all;1;1;0.0;13901
119496;all;all;1;1;0.0;14143
117259;all;all;1;0;0.0;13901
117318;all;all;1;5;0.0;13901
120229;all;all;1;5;0.0;14222
124424;all;all;1;5;0.0;14941
117319;all;none;1;1;0.0;13901
117325;all;all;1;2;0.0;13901
127552;none;all;1;2;0.0;15022
117339;all;all;1;1;0.0;13901
117374;all;all;1;0;0.0;13902
134011;all;all;1;0;0.0;15423
117389;all;all;1;0;0.0;13902
142602;none;all;1;0;0.0;16542
117396;all;all;1;3;0.0;13902
117444;none;all;1;2;0.0;13902
117474;all;all;1;0;0.0;13902
117500;all;all;1;1;0.0;13903
117517;all;all;1;0;0.0;13903
117582;all;all;1;2;0.0;13903
117602;all;all;1;2;0.0;13903
117699;all;none;1;0;0.0;13904
117709;all;all;1;1;0.0;13904
118327;all;all;1;1;0.0;13940
127507;none;all;1;1;0.0;15022
137005;all;all;1;1;0.0;15983
142567;all;all;1;1;0.0;16541
117791;all;none;1;3;0.0;13905
117938;all;all;1;3;0.0;13909
117859;all;all;1;0;0.0;13907
117918;all;none;1;1;0.0;13908
117968;all;all;1;2;0.0;13909
118032;all;all;1;0;0.0;13911
118065;all;all;1;0;0.0;13912
118118;all;all;1;0;0.0;13914
118143;all;all;1;0;0.0;13915
118326;all;all;1;1;0.0;13940
120180;all;all;1;1;0.0;14221
120254;all;all;1;1;0.0;14223
118380;all;all;1;0;0.0;13944
118459;all;none;1;0;0.0;13961
140081;none;all;1;0;0.0;16241
118477;all;all;1;1;0.0;13962
140643;all;all;1;1;0.0;16282
118577;all;all;1;2;0.0;13981
118595;all;all;1;0;0.0;13983
118610;all;all;1;1;0.0;13984
118688;none;all;1;1;0.0;14002
118756;none;none;1;0;0.0;14021
118982;all;all;1;2;0.0;14060
119004;all;none;1;0;0.0;14061
122060;all;all;1;0;0.0;14621
127600;all;all;1;0;0.0;15023
131848;none;all;1;0;0.0;15310
119111;all;all;1;1;0.0;14080
131053;all;all;1;1;0.0;15284
135759;all;all;1;1;0.0;15842
119185;all;all;1;0;0.0;14101
121586;none;all;1;0;0.0;14463
119229;none;all;1;2;0.0;14109
128199;all;all;1;2;0.0;15026
119338;all;none;1;4;0.0;14124
119362;all;all;1;1;0.0;14125
119396;all;all;1;0;0.0;14129
119397;none;all;1;0;0.0;14129
134230;all;none;1;0;0.0;15488
119479;all;all;1;1;0.0;14142
138376;all;all;1;1;0.0;16062
119483;all;all;1;0;0.0;14142
119611;all;all;1;1;0.0;14160
119763;all;all;1;1;0.0;14181
119833;all;all;1;2;0.0;14192
136994;all;all;1;2;0.0;15982
119920;all;all;1;0;0.0;14202
119980;all;none;1;0;0.0;14203
119986;all;all;1;0;0.0;14203
119995;all;all;1;0;0.0;14204
119998;all;all;1;2;0.0;14204
120133;none;all;1;3;0.0;14218
126127;all;all;1;3;0.0;15005
120219;none;all;1;1;0.0;14222
120288;all;all;1;4;0.0;14224
120375;none;all;1;0;0.0;14233
120426;all;all;1;0;0.0;14247
126551;none;none;1;0;0.0;15009
120578;none;all;1;1;0.0;14301
138445;all;none;1;1;0.0;16063
120696;all;none;1;0;0.0;14324
120705;all;all;1;4;0.0;14325
120831;all;all;1;2;0.0;14362
125191;all;none;1;2;0.0;15001
120870;none;none;1;1;0.0;14364
120927;all;all;1;1;0.0;14380
120933;all;all;1;1;0.0;14380
120968;all;all;1;0;0.0;14383
121026;none;all;1;1;0.0;14393
121028;none;all;1;0;0.0;14394
121043;all;all;1;1;0.0;14400
121267;none;none;1;0;0.0;14440
121286;none;all;1;0;0.0;14440
121317;all;all;1;1;0.0;14441
121406;all;all;1;1;0.0;14444
121320;all;all;1;0;0.0;14441
121335;all;none;1;3;0.0;14442
123479;all;all;1;3;0.0;14883
121339;all;all;1;1;0.0;14442
121360;all;all;1;3;0.0;14443
129941;none;none;1;3;0.0;15130
121470;all;all;1;0;0.0;14450
121494;all;all;1;0;0.0;14456
126860;none;all;1;0;0.0;15017
121519;all;none;1;1;0.0;14460
121637;all;all;1;5;0.0;14468
121650;all;none;1;1;0.0;14469
121696;all;all;1;2;0.0;14480
121793;all;none;1;2;0.0;14500
121806;all;all;1;1;0.0;14502
121821;all;all;1;1;0.0;14503
121919;all;all;1;1;0.0;14540
121982;all;all;1;3;0.0;14568
121991;all;all;1;0;0.0;14580
122109;all;all;1;2;0.0;14644
122160;none;all;1;0;0.0;14671
122224;all;all;1;1;0.0;14716
122359;all;none;1;3;0.0;14743
122453;all;all;1;0;0.0;14765
122596;all;all;1;2;0.0;14802
122615;none;all;1;0;0.0;14802
122640;all;all;1;0;0.0;14804
125524;all;all;1;0;0.0;15002
122681;all;all;1;1;0.0;14807
122745;all;none;1;0;0.0;14821
122758;all;all;1;0;0.0;14821
122770;all;none;1;2;0.0;14822
122771;all;all;1;5;0.0;14822
122853;all;none;1;2;0.0;14830
135902;all;all;1;2;0.0;15870
122858;all;all;1;4;0.0;14831
127634;none;all;1;4;0.0;15023
122920;all;all;1;0;0.0;14841
122981;all;all;1;2;0.0;14844
123103;all;none;1;2;0.0;14861
123341;none;all;1;0;0.0;14881
125100;all;all;1;0;0.0;15001
137836;all;none;1;0;0.0;16044
123374;all;all;1;3;0.0;14881
123399;all;all;1;0;0.0;14882
133933;all;all;1;0;0.0;15410
123451;all;all;1;2;0.0;14882
125243;all;all;1;2;0.0;15001
123626;all;all;1;3;0.0;14885
123872;all;all;1;1;0.0;14900
123903;all;none;1;2;0.0;14901
123913;all;all;1;2;0.0;14901
123998;all;all;1;0;0.0;14902
124008;all;all;1;4;0.0;14903
124078;all;all;1;0;0.0;14904
124158;all;all;1;0;0.0;14908
124185;all;all;1;0;0.0;14909
124442;all;all;1;0;0.0;14943
141044;all;all;1;0;0.0;16303
124445;all;all;1;2;0.0;14943
129484;all;none;1;2;0.0;15063
135614;all;none;1;2;0.0;15820
124478;none;none;1;0;0.0;14949
124558;all;none;1;0;0.0;14963
124561;all;all;1;3;0.0;14963
124674;all;all;1;0;0.0;14981
133094;all;none;1;0;0.0;15380
124743;all;all;1;5;0.0;14990
133171;all;all;1;5;0.0;15381
124763;none;none;1;0;0.0;14996
124774;all;all;1;0;0.0;15000
125068;all;all;1;0;0.0;15001
135942;all;all;1;0;0.0;15881
124803;all;all;1;2;0.0;15000
142079;all;all;1;2;0.0;16440
124839;all;all;1;1;0.0;15000
124932;all;all;1;4;0.0;15000
124984;all;none;1;0;0.0;15000
125103;all;none;1;0;0.0;15001
125108;all;all;1;4;0.0;15001
128969;all;all;1;4;0.0;15040
139701;all;all;1;4;0.0;16200
125266;all;all;1;2;0.0;15001
125340;all;all;1;1;0.0;15002
125371;none;all;1;0;0.0;15002
125443;all;all;1;0;0.0;15002
125631;all;all;1;0;0.0;15003
125821;none;all;1;1;0.0;15004
125881;all;all;1;2;0.0;15004
137627;none;all;1;2;0.0;16042
126451;all;all;1;1;0.0;15008
126821;all;all;1;0;0.0;15014
132574;all;none;1;0;0.0;15363
136372;all;all;1;0;0.0;15960
126867;all;all;1;4;0.0;15017
132125;none;none;1;4;0.0;15337
126986;all;all;1;0;0.0;15020
126991;all;all;1;0;0.0;15020
127023;all;all;1;0;0.0;15020
127025;all;all;1;2;0.0;15020
142642;all;all;1;2;0.0;16544
127078;all;none;1;0;0.0;15020
141180;all;all;1;0;0.0;16313
127127;all;none;1;0;0.0;15020
127131;all;all;1;2;0.0;15020
142259;all;none;1;2;0.0;16500
127138;all;none;1;0;0.0;15020
127159;all;all;1;0;0.0;15021
127407;all;none;1;1;0.0;15022
127467;all;all;1;2;0.0;15022
127523;all;all;1;0;0.0;15022
127622;all;all;1;0;0.0;15023
127629;all;all;1;1;0.0;15023
127907;all;none;1;1;0.0;15024
127932;all;all;1;1;0.0;15024
140529;all;all;1;1;0.0;16274
128091;all;all;1;0;0.0;15025
128153;all;all;1;0;0.0;15026
130674;all;all;1;0;0.0;15267
128346;all;none;1;3;0.0;15028
128404;none;none;1;0;0.0;15029
128443;all;all;1;0;0.0;15029
128490;all;all;1;1;0.0;15030
128505;none;all;1;0;0.0;15030
129637;all;all;1;0;0.0;15070
128518;all;all;1;0;0.0;15030
138362;all;all;1;0;0.0;16062
128527;all;all;1;0;0.0;15030
138279;all;all;1;0;0.0;16061
128544;none;all;1;1;0.0;15031
128552;none;none;1;0;0.0;15031
128577;all;all;1;0;0.0;15031
128613;all;all;1;2;0.0;15032
130651;all;all;1;2;0.0;15262
128623;none;all;1;2;0.0;15032
131658;all;all;1;2;0.0;15303
128625;all;all;1;2;0.0;15032
128712;all;all;1;1;0.0;15033
128979;all;all;1;2;0.0;15040
129127;all;all;1;6;0.0;15043
129316;none;none;1;0;0.0;15051
129388;all;none;1;2;0.0;15060
129399;all;all;1;2;0.0;15061
129672;all;none;1;0;0.0;15073
129826;all;all;1;4;0.0;15109
129852;all;all;1;4;0.0;15120
132111;all;all;1;4;0.0;15331
129858;all;all;1;0;0.0;15121
129864;all;all;1;1;0.0;15121
129867;none;all;1;0;0.0;15121
135751;none;all;1;0;0.0;15841
130003;all;all;1;3;0.0;15144
142156;all;all;1;3;0.0;16462
130020;all;all;1;4;0.0;15148
130062;all;all;1;0;0.0;15160
130169;all;all;1;3;0.0;15173
130281;all;all;1;0;0.0;15192
133343;none;all;1;0;0.0;15383
130363;all;all;1;0;0.0;15204
130450;all;all;1;2;0.0;15221
134987;all;all;1;2;0.0;15714
130511;all;all;1;0;0.0;15230
130578;all;none;1;2;0.0;15244
130646;all;none;1;0;0.0;15262
130715;all;all;1;2;0.0;15280
140847;all;all;1;2;0.0;16290
130854;all;all;1;0;0.0;15281
131309;all;all;1;2;0.0;15290
131526;all;none;1;1;0.0;15301
131532;all;none;1;0;0.0;15302
131809;none;all;1;5;0.0;15308
131899;none;all;1;0;0.0;15313
131935;none;all;1;2;0.0;15314
131941;all;all;1;0;0.0;15315
132012;all;all;1;3;0.0;15321
132137;all;all;1;1;0.0;15340
132138;all;all;1;1;0.0;15340
132202;all;all;1;0;0.0;15344
132206;all;all;1;2;0.0;15344
132211;all;all;1;0;0.0;15344
132299;none;all;1;1;0.0;15360
132317;all;all;1;4;0.0;15360
132483;all;none;1;0;0.0;15362
133010;none;all;1;2;0.0;15372
133028;all;all;1;1;0.0;15373
133172;none;none;1;0;0.0;15381
133305;all;none;1;1;0.0;15382
133326;none;all;1;1;0.0;15383
133608;all;all;1;0;0.0;15390
133627;all;all;1;1;0.0;15390
133653;all;all;1;3;0.0;15391
133656;all;none;1;0;0.0;15392
134518;all;all;1;0;0.0;15584
133776;all;none;1;0;0.0;15400
133829;all;all;1;5;0.0;15402
133939;all;all;1;0;0.0;15412
133968;all;none;1;0;0.0;15420
136935;all;all;1;0;0.0;15981
133988;all;none;1;2;0.0;15421
134084;all;none;1;2;0.0;15431
134101;all;all;1;1;0.0;15434
134267;none;none;1;2;0.0;15510
134288;all;all;1;2;0.0;15521
134301;all;all;1;1;0.0;15522
134377;none;all;1;3;0.0;15548
134407;all;all;1;0;0.0;15561
134534;all;none;1;0;0.0;15590
139658;none;none;1;0;0.0;16190
134566;all;all;1;0;0.0;15601
134590;all;all;1;1;0.0;15604
134671;all;all;1;1;0.0;15628
134791;all;none;1;0;0.0;15663
134937;all;all;1;1;0.0;15702
134976;all;none;1;1;0.0;15710
134999;all;all;1;2;0.0;15720
135306;all;all;1;4;0.0;15779
135628;all;all;1;2;0.0;15821
135903;all;none;1;2;0.0;15871
136120;all;none;1;0;0.0;15902
136130;all;none;1;2;0.0;15903
136662;all;all;1;4;0.0;15964
136686;none;all;1;3;0.0;15965
136797;none;all;1;1;0.0;15970
136817;none;all;1;1;0.0;15972
136823;all;all;1;1;0.0;15972
136908;none;all;1;2;0.0;15980
137152;all;all;1;0;0.0;15991
137339;none;none;1;0;0.0;16024
137532;all;all;1;0;0.0;16041
137691;all;all;1;0;0.0;16043
137761;all;all;1;0;0.0;16044
137779;none;all;1;1;0.0;16044
137795;none;all;1;0;0.0;16044
138310;all;all;1;0;0.0;16061
138494;all;all;1;1;0.0;16063
139917;none;all;1;1;0.0;16222
138543;all;none;1;2;0.0;16064
138590;all;none;1;0;0.0;16064
138762;all;all;1;2;0.0;16071
138859;all;none;1;2;0.0;16074
138772;all;all;1;0;0.0;16071
138837;none;all;1;0;0.0;16074
138933;none;none;1;2;0.0;16082
139093;none;none;1;1;0.0;16104
139094;none;none;1;0;0.0;16104
139251;all;all;1;1;0.0;16126
139396;all;all;1;0;0.0;16146
139434;all;all;1;2;0.0;16154
139590;all;none;1;0;0.0;16181
139676;all;all;1;0;0.0;16198
139731;all;all;1;2;0.0;16202
140026;all;none;1;0;0.0;16237
140362;all;all;1;2;0.0;16261
140659;all;all;1;0;0.0;16282
140996;none;all;1;1;0.0;16302
141145;all;all;1;1;0.0;16310
141162;all;all;1;1;0.0;16311
141222;all;all;1;2;0.0;16321
141241;all;all;1;0;0.0;16324
141585;all;none;1;1;0.0;16370
141652;none;all;1;1;0.0;16380
141709;all;none;1;0;0.0;16381
141821;none;all;1;1;0.0;16384
142023;all;none;1;2;0.0;16421
142274;all;all;1;2;0.0;16502
142359;all;all;1;0;0.0;16521
142411;all;all;1;2;0.0;16523
142513;none;all;1;2;0.0;16533
142540;all;all;1;0;0.0;16540
142719;none;all;1;1;0.0;16551
142725;all;none;1;1;0.0;16552
142730;all;all;1;2;0.0;16552
142751;all;all;1;0;0.0;16557
142761;all;all;1;1;0.0;16560
142767;all;all;1;2;0.0;16560
148168;all;none;1;2;0.0;16960
158455;all;all;1;2;0.0;17933
218067;all;all;1;2;0.0;23282
142768;all;all;1;2;0.0;16560
216148;all;all;1;2;0.0;23164
230664;all;all;1;2;0.0;24243
142772;all;all;1;2;0.0;16560
143254;all;all;1;2;0.0;16604
142787;all;all;1;2;0.0;16561
181947;all;all;1;2;0.0;20324
229833;all;all;1;2;0.0;24161
142793;all;all;1;0;0.0;16562
157290;all;all;1;0;0.0;17803
171842;none;all;1;0;0.0;19161
229572;all;all;1;0;0.0;24124
142828;all;all;1;0;0.0;16564
149505;all;none;1;0;0.0;17160
159481;all;all;1;0;0.0;18044
231961;all;none;1;0;0.0;24322
233513;none;none;1;0;0.0;24361
142835;all;all;1;0;0.0;16564
160929;none;all;1;0;0.0;18121
172335;all;all;1;0;0.0;19282
178606;all;all;1;0;0.0;19722
199935;none;none;1;0;0.0;21600
222094;all;all;1;0;0.0;23363
225393;all;all;1;0;0.0;23641
142848;all;all;1;0;0.0;16568
224091;none;all;1;0;0.0;23579
142857;all;all;1;2;0.0;16571
188142;all;all;1;2;0.0;20561
142910;all;all;1;0;0.0;16582
197464;all;all;1;0;0.0;21502
214227;all;all;1;0;0.0;22913
142911;all;all;1;1;0.0;16582
162793;all;all;1;1;0.0;18232
186388;all;all;1;1;0.0;20540
142923;all;all;1;2;0.0;16583
150993;none;all;1;2;0.0;17504
142944;all;all;1;1;0.0;16584
142962;all;all;1;0;0.0;16589
143025;all;all;1;2;0.0;16600
144371;all;none;1;2;0.0;16642
146859;all;all;1;2;0.0;16764
170509;none;all;1;2;0.0;19051
177906;all;all;1;2;0.0;19642
181843;all;all;1;2;0.0;20320
186184;all;all;1;2;0.0;20534
188223;all;all;1;2;0.0;20562
195657;all;none;1;2;0.0;21320
143045;all;all;1;3;0.0;16600
194912;all;all;1;3;0.0;21200
143056;all;all;1;0;0.0;16600
143060;all;all;1;1;0.0;16601
185248;none;all;1;1;0.0;20523
143084;all;all;1;1;0.0;16601
143086;none;none;1;2;0.0;16601
169542;all;none;1;2;0.0;19000
143089;all;all;1;1;0.0;16601
166262;all;all;1;1;0.0;18764
195745;all;all;1;1;0.0;21323
143158;all;all;1;3;0.0;16602
158125;none;all;1;3;0.0;17880
168599;all;all;1;3;0.0;18883
204011;all;all;1;3;0.0;21962
143179;all;all;1;0;0.0;16602
153246;all;all;1;0;0.0;17721
200742;none;all;1;0;0.0;21684
143211;all;all;1;2;0.0;16603
160843;all;all;1;2;0.0;18120
214007;all;all;1;2;0.0;22841
221309;all;all;1;2;0.0;23324
143219;none;none;1;0;0.0;16603
152161;all;all;1;0;0.0;17642
143229;all;all;1;3;0.0;16603
166864;all;all;1;3;0.0;18803
166924;all;all;1;3;0.0;18804
178282;all;all;1;3;0.0;19682
205426;all;none;1;3;0.0;22124
209931;all;all;1;3;0.0;22320
210570;none;all;1;3;0.0;22401
225418;all;all;1;3;0.0;23641
143253;all;all;1;2;0.0;16603
143289;all;all;1;1;0.0;16604
189767;all;all;1;1;0.0;20733
143344;all;all;1;1;0.0;16606
146869;none;all;1;1;0.0;16766
162840;all;all;1;1;0.0;18249
165696;all;all;1;1;0.0;18728
173430;all;all;1;1;0.0;19367
200062;none;none;1;1;0.0;21606
203341;all;all;1;1;0.0;21887
227440;all;none;1;1;0.0;23767
228377;all;all;1;1;0.0;23966
143366;all;all;1;2;0.0;16608
149917;all;all;1;2;0.0;17209
159736;none;all;1;2;0.0;18057
161496;all;all;1;2;0.0;18129
164956;all;all;1;2;0.0;18656
165719;all;all;1;2;0.0;18729
181966;all;all;1;2;0.0;20326
189740;all;all;1;2;0.0;20725
190767;all;all;1;2;0.0;20808
205566;all;all;1;2;0.0;22129
209045;all;all;1;2;0.0;22207
210071;all;all;1;2;0.0;22327
212727;all;none;1;2;0.0;22647
218952;all;none;1;2;0.0;23288
222900;all;all;1;2;0.0;23485
224983;all;all;1;2;0.0;23608
225862;none;all;1;2;0.0;23647
143379;all;all;1;0;0.0;16609
147652;none;all;1;0;0.0;16888
149147;all;all;1;0;0.0;17085
149908;all;all;1;0;0.0;17207
151370;all;all;1;0;0.0;17566
153067;none;all;1;0;0.0;17685
154844;all;all;1;0;0.0;17765
154870;all;all;1;0;0.0;17765
155101;all;all;1;0;0.0;17769
155359;all;all;1;0;0.0;17776
157457;all;all;1;0;0.0;17809
159600;all;all;1;0;0.0;18047
161495;all;all;1;0;0.0;18129
162837;all;all;1;0;0.0;18247
162951;all;all;1;0;0.0;18289
163571;all;all;1;0;0.0;18449
163968;none;none;1;0;0.0;18526
165672;all;all;1;0;0.0;18726
165684;all;all;1;0;0.0;18727
173400;all;all;1;0;0.0;19365
173421;all;all;1;0;0.0;19367
176630;all;all;1;0;0.0;19446
177499;none;all;1;0;0.0;19578
178842;all;all;1;0;0.0;19735
179441;all;all;1;0;0.0;19815
183776;all;all;1;0;0.0;20447
185915;none;all;1;0;0.0;20528
185983;none;all;1;0;0.0;20529
192714;all;all;1;0;0.0;20887
194495;all;all;1;0;0.0;21095
201106;all;all;1;0;0.0;21725
201668;all;all;1;0;0.0;21769
203357;all;all;1;0;0.0;21888
204534;none;all;1;0;0.0;22049
205642;all;none;1;0;0.0;22136
207245;all;all;1;0;0.0;22169
209428;all;all;1;0;0.0;22249
211717;all;all;1;0;0.0;22499
212340;all;all;1;0;0.0;22569
212540;all;all;1;0;0.0;22617
214259;all;all;1;0;0.0;22926
214739;all;all;1;0;0.0;23057
215477;all;all;1;0;0.0;23125
215492;none;all;1;0;0.0;23126
216155;all;all;1;0;0.0;23165
216278;all;all;1;0;0.0;23169
218709;all;all;1;0;0.0;23285
218852;all;all;1;0;0.0;23287
218937;all;all;1;0;0.0;23288
219040;all;all;1;0;0.0;23289
222349;all;all;1;0;0.0;23407
222615;all;all;1;0;0.0;23445
222628;all;all;1;0;0.0;23447
223943;none;all;1;0;0.0;23568
226083;all;all;1;0;0.0;23658
227556;all;none;1;0;0.0;23805
228871;all;all;1;0;0.0;24047
229592;all;all;1;0;0.0;24125
230847;all;all;1;0;0.0;24249
234420;none;all;1;0;0.0;24445
234813;all;all;1;0;0.0;24485
235352;all;none;1;0;0.0;24528
237035;all;all;1;0;0.0;24649
238213;all;all;1;0;0.0;24807
143384;all;all;1;0;0.0;16609
165653;all;all;1;0;0.0;18725
178796;all;all;1;0;0.0;19729
218717;all;all;1;0;0.0;23285
143395;none;all;1;1;0.0;16610
143397;all;all;1;2;0.0;16610
166199;all;all;1;2;0.0;18760
172139;all;none;1;2;0.0;19242
173101;all;all;1;2;0.0;19360
198499;all;none;1;2;0.0;21563
209380;all;all;1;2;0.0;22244
211375;none;all;1;2;0.0;22481
143402;all;all;1;0;0.0;16611
217333;all;all;1;0;0.0;23250
143413;none;all;1;3;0.0;16612
221244;none;all;1;3;0.0;23323
143422;all;all;1;0;0.0;16612
223525;all;all;1;0;0.0;23561
143463;all;all;1;0;0.0;16620
186638;all;all;1;0;0.0;20541
197479;none;all;1;0;0.0;21502
207579;all;none;1;0;0.0;22180
143524;all;all;1;0;0.0;16621
172586;all;none;1;0;0.0;19301
195859;all;all;1;0;0.0;21341
234096;all;all;1;0;0.0;24421
143529;all;all;1;3;0.0;16621
234077;all;all;1;3;0.0;24421
143537;all;all;1;1;0.0;16621
143548;all;all;1;2;0.0;16621
158686;none;all;1;2;0.0;17980
165960;all;all;1;2;0.0;18743
213436;all;all;1;2;0.0;22741
233263;all;all;1;2;0.0;24351
143556;all;all;1;3;0.0;16621
143571;all;all;1;0;0.0;16622
221644;none;all;1;0;0.0;23342
143578;all;all;1;2;0.0;16622
156798;all;all;1;2;0.0;17792
172601;all;all;1;2;0.0;19302
201899;all;all;1;2;0.0;21784
212869;all;all;1;2;0.0;22670
226746;all;all;1;2;0.0;23673
234520;all;all;1;2;0.0;24462
143590;none;all;1;0;0.0;16622
143607;all;all;1;3;0.0;16622
226732;none;all;1;3;0.0;23673
143615;all;all;1;2;0.0;16623
220713;none;all;1;2;0.0;23311
143624;all;all;1;3;0.0;16623
145403;all;all;1;3;0.0;16662
164078;all;all;1;3;0.0;18543
169898;all;none;1;3;0.0;19020
172663;all;all;1;3;0.0;19304
175340;all;all;1;3;0.0;19420
186573;all;all;1;3;0.0;20541
189825;all;all;1;3;0.0;20743
192014;all;all;1;3;0.0;20871
199350;all;all;1;3;0.0;21583
200505;all;all;1;3;0.0;21661
210524;all;all;1;3;0.0;22394
224693;all;all;1;3;0.0;23592
228023;all;all;1;3;0.0;23901
232806;all;all;1;3;0.0;24342
143635;all;all;1;2;0.0;16623
230276;none;none;1;2;0.0;24221
143733;all;all;1;0;0.0;16626
143876;all;all;1;0;0.0;16639
145931;all;all;1;0;0.0;16668
163000;all;all;1;0;0.0;18306
179092;all;all;1;0;0.0;19745
180176;all;all;1;0;0.0;19946
199628;all;all;1;0;0.0;21587
143745;all;all;1;0;0.0;16627
168459;none;none;1;0;0.0;18867
181778;all;all;1;0;0.0;20305
189620;all;all;1;0;0.0;20709
194387;none;all;1;0;0.0;21067
196028;all;all;1;0;0.0;21357
202818;all;all;1;0;0.0;21836
211934;all;all;1;0;0.0;22505
213536;all;all;1;0;0.0;22745
217074;all;all;1;0;0.0;23225
220535;all;all;1;0;0.0;23309
236378;all;all;1;0;0.0;24587
237343;none;none;1;0;0.0;24667
143748;none;all;1;1;0.0;16627
179217;all;all;1;1;0.0;19757
181781;none;all;1;1;0.0;20306
183551;all;all;1;1;0.0;20429
188843;all;all;1;1;0.0;20588
191593;none;all;1;1;0.0;20835
197655;all;all;1;1;0.0;21507
220288;all;all;1;1;0.0;23306
220996;all;all;1;1;0.0;23318
221847;all;all;1;1;0.0;23347
222810;none;all;1;1;0.0;23478
224639;all;all;1;1;0.0;23589
226566;all;all;1;1;0.0;23667
226602;all;all;1;1;0.0;23668
231367;all;none;1;1;0.0;24279
143761;all;all;1;1;0.0;16628
146978;all;all;1;1;0.0;16785
156415;all;all;1;1;0.0;17785
157041;all;all;1;1;0.0;17799
187947;all;all;1;1;0.0;20555
221006;all;all;1;1;0.0;23319
143767;all;all;1;1;0.0;16629
179113;all;all;1;1;0.0;19747
188960;all;all;1;1;0.0;20598
204843;all;all;1;1;0.0;22078
209865;none;all;1;1;0.0;22307
215207;all;all;1;1;0.0;23106
221895;none;none;1;1;0.0;23349
224461;all;all;1;1;0.0;23585
226646;all;all;1;1;0.0;23669
228691;all;all;1;1;0.0;24029
229050;all;all;1;1;0.0;24067
233440;all;all;1;1;0.0;24358
235010;all;all;1;1;0.0;24509
143771;all;all;1;0;0.0;16629
177618;all;all;1;0;0.0;19587
183564;all;all;1;0;0.0;20429
210277;none;all;1;0;0.0;22349
217131;all;all;1;0;0.0;23236
220318;all;all;1;0;0.0;23306
143779;all;none;1;1;0.0;16630
143809;all;all;1;4;0.0;16632
150960;all;all;1;4;0.0;17501
182032;all;all;1;4;0.0;20340
229692;all;none;1;4;0.0;24143
143837;all;all;1;0;0.0;16633
180108;all;all;1;0;0.0;19940
186468;all;all;1;0;0.0;20541
219318;all;all;1;0;0.0;23300
219973;all;all;1;0;0.0;23303
233788;none;none;1;0;0.0;24390
143841;all;all;1;1;0.0;16634
190025;all;all;1;1;0.0;20780
143857;none;all;1;0;0.0;16634
175324;all;all;1;0;0.0;19420
199800;all;all;1;0;0.0;21593
143859;all;none;1;0;0.0;16635
176467;all;none;1;0;0.0;19435
188959;all;all;1;0;0.0;20598
191360;all;all;1;0;0.0;20825
143878;all;all;1;2;0.0;16640
143880;all;all;1;0;0.0;16640
147093;all;all;1;0;0.0;16803
177123;all;all;1;0;0.0;19522
182691;none;all;1;0;0.0;20400
185355;all;all;1;0;0.0;20523
185626;all;all;1;0;0.0;20524
194184;all;all;1;0;0.0;21002
202183;all;all;1;0;0.0;21802
230442;all;all;1;0;0.0;24240
238032;all;all;1;0;0.0;24801
143891;all;all;1;1;0.0;16640
160445;all;all;1;1;0.0;18080
195749;all;all;1;1;0.0;21323
225380;all;all;1;1;0.0;23641
236781;none;all;1;1;0.0;24642
143913;all;none;1;1;0.0;16640
196999;all;all;1;1;0.0;21482
234796;all;none;1;1;0.0;24484
143915;all;all;1;1;0.0;16640
143949;all;all;1;2;0.0;16640
165401;all;all;1;2;0.0;18721
174860;all;all;1;2;0.0;19404
236929;all;all;1;2;0.0;24644
143997;none;none;1;0;0.0;16640
183169;none;all;1;0;0.0;20414
189439;all;all;1;0;0.0;20682
144010;all;all;1;2;0.0;16640
231444;all;all;1;2;0.0;24284
144028;all;all;1;2;0.0;16640
163038;all;all;1;2;0.0;18321
163071;all;all;1;2;0.0;18324
164617;all;all;1;2;0.0;18603
166532;all;all;1;2;0.0;18801
166574;all;all;1;2;0.0;18801
167011;none;all;1;2;0.0;18804
183025;all;all;1;2;0.0;20404
184663;all;all;1;2;0.0;20521
185383;all;none;1;2;0.0;20523
185422;all;all;1;2;0.0;20524
202086;all;all;1;2;0.0;21800
230523;all;none;1;2;0.0;24241
230734;all;none;1;2;0.0;24244
144054;none;all;1;2;0.0;16641
169332;all;all;1;2;0.0;18971
203087;all;all;1;2;0.0;21881
222933;all;all;1;2;0.0;23491
229543;all;none;1;2;0.0;24122
144056;all;all;1;2;0.0;16641
188313;all;none;1;2;0.0;20564
221196;all;all;1;2;0.0;23322
144067;all;all;1;0;0.0;16641
144076;all;all;1;0;0.0;16641
149573;all;all;1;0;0.0;17164
144096;none;all;1;2;0.0;16641
144100;all;none;1;1;0.0;16641
144689;all;all;1;1;0.0;16644
144128;all;all;1;2;0.0;16641
192554;all;all;1;2;0.0;20884
144161;none;all;1;4;0.0;16641
192543;all;all;1;4;0.0;20884
231882;all;none;1;4;0.0;24322
144195;all;all;1;0;0.0;16641
144379;all;all;1;0;0.0;16642
158218;all;all;1;0;0.0;17890
158399;none;all;1;0;0.0;17923
178511;none;all;1;0;0.0;19720
192337;all;all;1;0;0.0;20882
218078;all;all;1;0;0.0;23282
231405;all;none;1;0;0.0;24282
144207;all;all;1;2;0.0;16641
145014;all;all;1;2;0.0;16653
144214;all;all;1;1;0.0;16641
144245;all;all;1;1;0.0;16642
144263;none;all;1;0;0.0;16642
154532;none;all;1;0;0.0;17763
194105;all;none;1;0;0.0;20971
215039;none;all;1;0;0.0;23091
216146;all;all;1;0;0.0;23164
230613;all;all;1;0;0.0;24243
144267;none;all;1;1;0.0;16642
144277;all;all;1;0;0.0;16642
155217;all;all;1;0;0.0;17771
144294;all;all;1;2;0.0;16642
144386;all;none;1;0;0.0;16643
152356;all;all;1;0;0.0;17644
159111;all;all;1;0;0.0;18040
185384;all;all;1;0;0.0;20523
236871;all;all;1;0;0.0;24643
144389;all;all;1;0;0.0;16643
195444;none;all;1;0;0.0;21291
144408;all;all;1;3;0.0;16643
159262;all;all;1;3;0.0;18042
144446;none;all;1;3;0.0;16643
184719;all;all;1;3;0.0;20521
144532;all;all;1;0;0.0;16643
144552;none;all;1;0;0.0;16644
173196;all;all;1;0;0.0;19362
144573;all;all;1;3;0.0;16644
154309;all;all;1;3;0.0;17762
192085;none;all;1;3;0.0;20880
144622;all;all;1;2;0.0;16644
148410;all;all;1;2;0.0;16970
201414;none;all;1;2;0.0;21760
144624;all;all;1;1;0.0;16644
221216;all;all;1;1;0.0;23322
230569;all;all;1;1;0.0;24242
144657;all;all;1;2;0.0;16644
184972;all;all;1;2;0.0;20522
208925;all;all;1;2;0.0;22201
225994;all;all;1;2;0.0;23650
238112;all;all;1;2;0.0;24803
144670;all;all;1;2;0.0;16644
144682;all;all;1;0;0.0;16644
158676;all;all;1;0;0.0;17971
170443;all;all;1;0;0.0;19044
190332;all;all;1;0;0.0;20801
192631;all;all;1;0;0.0;20884
144690;all;all;1;2;0.0;16644
174480;all;all;1;2;0.0;19402
144703;all;all;1;2;0.0;16644
144723;all;all;1;0;0.0;16645
173451;none;all;1;0;0.0;19369
177736;none;all;1;0;0.0;19607
203423;all;none;1;0;0.0;21897
204182;all;all;1;0;0.0;22006
214174;all;all;1;0;0.0;22895
218757;none;all;1;0;0.0;23286
223929;all;all;1;0;0.0;23567
238248;none;all;1;0;0.0;24809
144730;all;all;1;0;0.0;16645
144834;all;all;1;0;0.0;16648
148361;all;all;1;0;0.0;16965
148382;all;all;1;0;0.0;16967
152431;none;all;1;0;0.0;17648
153343;all;all;1;0;0.0;17728
157437;all;all;1;0;0.0;17808
157439;all;all;1;0;0.0;17808
158425;all;all;1;0;0.0;17925
159526;all;all;1;0;0.0;18045
173416;all;all;1;0;0.0;19366
176949;all;all;1;0;0.0;19489
178345;all;all;1;0;0.0;19687
183047;all;all;1;0;0.0;20406
183176;all;all;1;0;0.0;20415
183775;all;all;1;0;0.0;20446
183786;all;all;1;0;0.0;20449
184089;none;all;1;0;0.0;20495
185724;all;all;1;0;0.0;20525
190797;all;all;1;0;0.0;20809
190886;all;all;1;0;0.0;20815
190896;all;all;1;0;0.0;20817
200072;none;none;1;0;0.0;21608
201636;all;all;1;0;0.0;21766
202882;all;all;1;0;0.0;21845
209763;all;all;1;0;0.0;22295
222377;all;all;1;0;0.0;23417
222902;none;all;1;0;0.0;23485
223225;all;none;1;0;0.0;23527
225799;none;all;1;0;0.0;23645
231472;all;all;1;0;0.0;24288
236025;all;all;1;0;0.0;24567
144745;all;all;1;0;0.0;16645
162839;none;all;1;0;0.0;18248
167113;all;all;1;0;0.0;18807
170481;all;all;1;0;0.0;19048
228858;all;all;1;0;0.0;24045
144757;all;all;1;0;0.0;16646
161379;none;all;1;0;0.0;18125
191794;none;all;1;0;0.0;20845
226994;all;all;1;0;0.0;23685
230774;none;all;1;0;0.0;24246
144761;none;all;1;0;0.0;16646
144768;all;all;1;0;0.0;16646
149337;all;all;1;0;0.0;17127
203422;all;all;1;0;0.0;21896
214509;all;all;1;0;0.0;23018
228204;all;all;1;0;0.0;23938
144771;all;all;1;0;0.0;16646
144819;all;all;1;0;0.0;16647
155110;all;all;1;0;0.0;17769
163736;all;all;1;0;0.0;18485
171409;all;all;1;0;0.0;19129
174936;all;all;1;0;0.0;19406
181977;all;all;1;0;0.0;20328
185771;none;all;1;0;0.0;20526
201627;all;none;1;0;0.0;21765
229934;all;all;1;0;0.0;24166
234809;all;none;1;0;0.0;24485
238235;all;all;1;0;0.0;24808
144796;none;none;1;0;0.0;16647
144893;all;all;1;0;0.0;16649
173459;none;all;1;0;0.0;19369
174972;all;all;1;0;0.0;19407
178847;all;none;1;0;0.0;19737
183774;all;all;1;0;0.0;20446
186229;all;all;1;0;0.0;20538
192688;none;all;1;0;0.0;20886
196425;all;all;1;0;0.0;21405
205481;all;all;1;0;0.0;22125
217300;all;all;1;0;0.0;23247
236582;all;none;1;0;0.0;24606
144938;all;all;1;2;0.0;16651
173069;none;none;1;2;0.0;19360
178566;all;all;1;2;0.0;19721
190459;all;all;1;2;0.0;20803
144957;all;all;1;2;0.0;16651
144966;all;none;1;2;0.0;16652
161578;all;all;1;2;0.0;18134
168533;all;all;1;2;0.0;18880
206382;all;all;1;2;0.0;22161
211027;all;all;1;2;0.0;22442
144996;all;all;1;1;0.0;16653
209748;all;all;1;1;0.0;22291
145009;all;all;1;2;0.0;16653
166846;all;all;1;2;0.0;18803
180251;all;all;1;2;0.0;19961
184991;none;all;1;2;0.0;20522
215560;all;none;1;2;0.0;23134
145040;none;all;1;2;0.0;16654
152084;all;all;1;2;0.0;17641
157944;all;all;1;2;0.0;17840
173243;all;all;1;2;0.0;19362
180727;all;all;1;2;0.0;20002
145109;all;all;1;5;0.0;16660
146177;none;all;1;5;0.0;16674
146191;all;all;1;5;0.0;16674
206118;all;all;1;5;0.0;22153
208047;none;all;1;5;0.0;22183
211224;all;all;1;5;0.0;22464
145128;all;all;1;2;0.0;16660
145129;all;all;1;0;0.0;16660
199092;all;all;1;0;0.0;21581
145158;all;all;1;2;0.0;16660
145234;all;all;1;2;0.0;16661
207683;all;all;1;2;0.0;22181
145243;none;all;1;1;0.0;16661
145251;all;all;1;2;0.0;16661
145327;none;all;1;0;0.0;16661
191332;all;all;1;0;0.0;20824
145340;all;all;1;0;0.0;16661
224646;none;all;1;0;0.0;23590
145344;none;all;1;2;0.0;16661
145580;all;none;1;2;0.0;16663
147739;all;all;1;2;0.0;16902
152618;all;all;1;2;0.0;17661
156664;none;all;1;2;0.0;17790
161858;none;all;1;2;0.0;18143
161931;none;all;1;2;0.0;18143
176709;none;all;1;2;0.0;19461
180110;all;all;1;2;0.0;19940
183363;all;all;1;2;0.0;20422
183819;all;all;1;2;0.0;20461
186263;all;all;1;2;0.0;20540
187159;none;all;1;2;0.0;20544
199288;all;all;1;2;0.0;21582
203596;none;all;1;2;0.0;21903
205799;all;all;1;2;0.0;22142
213983;all;all;1;2;0.0;22831
219308;none;all;1;2;0.0;23300
145383;all;all;1;2;0.0;16662
160803;all;all;1;2;0.0;18114
182621;none;all;1;2;0.0;20394
215744;all;all;1;2;0.0;23151
236469;all;all;1;2;0.0;24593
145392;all;all;1;3;0.0;16662
213844;none;all;1;3;0.0;22791
145394;none;all;1;2;0.0;16662
145424;none;all;1;0;0.0;16662
145431;all;all;1;3;0.0;16662
149046;all;all;1;3;0.0;17063
156153;none;all;1;3;0.0;17783
170041;none;all;1;3;0.0;19024
175609;all;all;1;3;0.0;19422
178152;none;all;1;3;0.0;19664
183416;all;all;1;3;0.0;20423
235019;none;all;1;3;0.0;24510
145451;all;none;1;0;0.0;16662
155816;all;none;1;0;0.0;17782
145461;all;none;1;4;0.0;16662
145475;all;all;1;0;0.0;16662
163458;all;all;1;0;0.0;18424
222236;all;none;1;0;0.0;23391
238385;none;all;1;0;0.0;24822
145491;all;none;1;0;0.0;16662
145509;all;all;1;1;0.0;16662
199109;all;all;1;1;0.0;21581
209133;all;all;1;1;0.0;22221
145515;all;all;1;2;0.0;16662
156330;all;all;1;2;0.0;17784
145519;all;all;1;9;0.0;16663
224734;all;all;1;9;0.0;23594
232915;all;all;1;9;0.0;24343
145526;none;all;1;2;0.0;16663
147453;all;all;1;2;0.0;16863
152700;all;all;1;2;0.0;17663
171619;all;none;1;2;0.0;19143
145539;all;all;1;2;0.0;16663
212057;none;all;1;2;0.0;22513
229484;all;all;1;2;0.0;24114
235554;none;all;1;2;0.0;24544
145604;all;all;1;1;0.0;16663
145652;all;all;1;2;0.0;16663
155526;none;all;1;2;0.0;17780
156858;all;all;1;2;0.0;17793
171739;all;none;1;2;0.0;19150
215654;all;all;1;2;0.0;23143
220753;all;none;1;2;0.0;23312
232561;none;all;1;2;0.0;24340
145669;all;none;1;1;0.0;16664
147778;none;all;1;1;0.0;16903
179951;all;all;1;1;0.0;19912
223296;all;all;1;1;0.0;23543
145671;none;all;1;2;0.0;16664
178895;all;all;1;2;0.0;19740
145685;all;all;1;1;0.0;16664
145692;all;all;1;2;0.0;16664
167391;all;all;1;2;0.0;18820
197750;all;all;1;2;0.0;21513
145707;none;all;1;2;0.0;16664
210821;all;all;1;2;0.0;22422
145712;all;all;1;1;0.0;16664
151474;all;all;1;1;0.0;17582
156306;none;all;1;1;0.0;17784
196542;all;none;1;1;0.0;21423
206093;all;none;1;1;0.0;22152
225183;all;all;1;1;0.0;23631
230313;none;none;1;1;0.0;24224
232627;all;none;1;1;0.0;24341
237140;all;all;1;1;0.0;24661
145713;all;all;1;2;0.0;16664
159913;all;all;1;2;0.0;18062
145763;all;all;1;2;0.0;16664
152663;none;all;1;2;0.0;17662
162228;none;all;1;2;0.0;18153
164382;all;none;1;2;0.0;18580
170651;all;all;1;2;0.0;19062
183381;none;all;1;2;0.0;20423
199046;none;all;1;2;0.0;21580
145786;all;none;1;1;0.0;16664
145799;all;none;1;3;0.0;16664
145838;all;none;1;0;0.0;16665
202695;all;all;1;0;0.0;21825
208251;all;all;1;0;0.0;22185
208504;all;all;1;0;0.0;22189
209598;all;none;1;0;0.0;22278
145847;all;all;1;2;0.0;16666
166059;all;none;1;2;0.0;18747
176789;all;all;1;2;0.0;19465
199601;none;all;1;2;0.0;21586
200649;all;all;1;2;0.0;21679
208298;all;none;1;2;0.0;22186
209287;all;none;1;2;0.0;22235
220227;all;none;1;2;0.0;23305
145849;all;all;1;1;0.0;16666
220519;all;all;1;1;0.0;23309
145861;all;none;1;2;0.0;16666
156981;none;none;1;2;0.0;17795
162033;all;all;1;2;0.0;18145
168133;all;all;1;2;0.0;18835
168136;all;all;1;2;0.0;18835
168862;all;all;1;2;0.0;18918
199662;all;all;1;2;0.0;21589
208475;all;all;1;2;0.0;22188
224568;all;all;1;2;0.0;23588
224804;none;all;1;2;0.0;23598
233760;none;none;1;2;0.0;24387
145872;all;all;1;0;0.0;16667
145873;all;all;1;0;0.0;16667
150443;none;all;1;0;0.0;17307
215701;all;all;1;0;0.0;23146
145895;all;all;1;0;0.0;16667
145957;all;none;1;2;0.0;16669
146239;all;all;1;2;0.0;16679
176488;all;none;1;2;0.0;19437
180610;all;all;1;2;0.0;19985
187399;all;all;1;2;0.0;20546
195242;all;all;1;2;0.0;21266
199647;all;all;1;2;0.0;21588
209561;all;all;1;2;0.0;22269
209873;all;all;1;2;0.0;22308
210249;none;all;1;2;0.0;22346
211307;all;all;1;2;0.0;22476
212098;all;all;1;2;0.0;22519
213645;all;all;1;2;0.0;22758
220302;all;all;1;2;0.0;23306
220901;all;all;1;2;0.0;23315
224569;all;all;1;2;0.0;23588
224570;all;all;1;2;0.0;23588
226525;none;all;1;2;0.0;23666
237482;all;all;1;2;0.0;24678
145965;all;all;1;2;0.0;16670
159980;all;all;1;2;0.0;18062
168393;none;none;1;2;0.0;18862
197517;all;none;1;2;0.0;21503
199713;all;all;1;2;0.0;21590
223026;all;all;1;2;0.0;23504
238537;all;all;1;2;0.0;24830
145971;all;all;1;2;0.0;16670
199358;all;all;1;2;0.0;21583
199680;all;all;1;2;0.0;21590
233360;all;none;1;2;0.0;24353
236326;all;all;1;2;0.0;24584
145977;all;all;1;3;0.0;16670
156711;all;all;1;3;0.0;17790
157711;all;all;1;3;0.0;17823
166028;all;all;1;3;0.0;18744
182604;all;all;1;3;0.0;20392
186989;all;all;1;3;0.0;20543
189312;all;all;1;3;0.0;20662
194687;all;all;1;3;0.0;21141
195238;none;none;1;3;0.0;21264
200239;none;none;1;3;0.0;21631
203512;all;all;1;3;0.0;21901
205842;all;all;1;3;0.0;22143
211791;all;all;1;3;0.0;22501
226701;all;all;1;3;0.0;23671
226778;none;all;1;3;0.0;23674
236424;all;all;1;3;0.0;24590
145992;all;all;1;0;0.0;16670
156749;all;all;1;0;0.0;17791
170752;all;all;1;0;0.0;19064
191969;none;all;1;0;0.0;20864
236611;all;all;1;0;0.0;24621
146021;all;all;1;3;0.0;16671
146023;all;all;1;2;0.0;16671
210445;none;all;1;2;0.0;22381
146070;all;all;1;2;0.0;16672
191923;all;none;1;2;0.0;20862
146096;all;all;1;4;0.0;16672
148664;all;all;1;4;0.0;16984
170152;all;all;1;4;0.0;19034
179071;all;all;1;4;0.0;19744
180837;all;all;1;4;0.0;20024
146106;all;all;1;0;0.0;16673
146126;all;all;1;2;0.0;16673
146202;all;all;1;0;0.0;16675
158330;all;all;1;0;0.0;17916
146295;all;all;1;2;0.0;16682
217738;none;all;1;2;0.0;23280
146305;all;all;1;2;0.0;16682
225627;all;all;1;2;0.0;23643
146322;all;all;1;2;0.0;16683
149552;all;all;1;2;0.0;17163
157955;all;all;1;2;0.0;17841
192421;all;all;1;2;0.0;20883
204152;all;none;1;2;0.0;22002
210378;all;all;1;2;0.0;22363
228329;all;all;1;2;0.0;23962
146328;none;all;1;3;0.0;16683
154634;all;all;1;3;0.0;17764
165413;all;all;1;3;0.0;18721
169620;all;all;1;3;0.0;19001
173231;all;all;1;3;0.0;19362
196643;none;none;1;3;0.0;21441
146346;all;all;1;0;0.0;16684
157273;none;all;1;0;0.0;17803
182701;all;all;1;0;0.0;20400
213891;all;all;1;0;0.0;22803
146413;all;all;1;1;0.0;16700
191930;all;all;1;1;0.0;20863
194901;all;all;1;1;0.0;21193
202023;none;all;1;1;0.0;21794
146430;all;all;1;2;0.0;16701
209262;none;all;1;2;0.0;22231
230922;all;all;1;2;0.0;24260
146449;all;all;1;1;0.0;16702
237236;all;all;1;1;0.0;24663
146471;all;none;1;1;0.0;16703
201714;none;all;1;1;0.0;21780
230311;none;none;1;1;0.0;24224
146488;all;all;1;1;0.0;16704
161609;all;all;1;1;0.0;18140
231300;all;all;1;1;0.0;24272
146495;all;none;1;2;0.0;16704
164107;all;all;1;2;0.0;18544
173728;all;none;1;2;0.0;19383
177066;none;all;1;2;0.0;19513
188609;all;all;1;2;0.0;20581
197465;all;all;1;2;0.0;21502
202496;none;all;1;2;0.0;21821
210139;all;all;1;2;0.0;22340
233351;all;all;1;2;0.0;24353
146515;all;all;1;0;0.0;16707
208478;all;none;1;0;0.0;22189
209600;all;all;1;0;0.0;22279
146516;all;all;1;0;0.0;16707
146518;all;all;1;0;0.0;16707
179924;all;all;1;0;0.0;19907
223334;all;all;1;0;0.0;23548
146523;all;all;1;0;0.0;16708
156539;all;all;1;0;0.0;17787
158570;none;all;1;0;0.0;17957
176193;none;all;1;0;0.0;19429
179097;all;all;1;0;0.0;19746
216732;all;all;1;0;0.0;23188
234995;all;all;1;0;0.0;24507
236422;all;all;1;0;0.0;24589
146528;all;all;1;5;0.0;16710
152710;all;all;1;5;0.0;17663
163178;all;all;1;5;0.0;18351
196752;none;none;1;5;0.0;21463
232984;none;all;1;5;0.0;24344
146552;all;all;1;1;0.0;16713
146565;none;all;1;0;0.0;16716
181180;all;all;1;0;0.0;20145
195250;none;all;1;0;0.0;21269
237976;all;all;1;0;0.0;24798
146577;all;all;1;3;0.0;16720
185413;all;all;1;3;0.0;20524
190300;all;all;1;3;0.0;20801
196041;all;all;1;3;0.0;21360
199957;none;none;1;3;0.0;21601
234297;all;none;1;3;0.0;24440
146623;all;all;1;0;0.0;16723
174365;all;all;1;0;0.0;19402
178676;all;all;1;0;0.0;19723
185650;all;all;1;0;0.0;20524
227995;all;all;1;0;0.0;23892
146624;all;all;1;1;0.0;16723
183789;all;all;1;1;0.0;20451
190253;all;all;1;1;0.0;20801
221253;all;all;1;1;0.0;23323
225689;none;all;1;1;0.0;23644
146638;all;all;1;2;0.0;16724
153963;all;all;1;2;0.0;17761
162701;all;all;1;2;0.0;18200
168889;all;all;1;2;0.0;18921
146640;all;all;1;2;0.0;16724
146653;all;all;1;2;0.0;16725
152445;all;all;1;2;0.0;17649
207421;all;all;1;2;0.0;22176
218727;all;all;1;2;0.0;23285
146666;all;all;1;2;0.0;16729
150698;all;all;1;2;0.0;17417
157418;all;all;1;2;0.0;17807
159541;all;all;1;2;0.0;18045
161464;all;all;1;2;0.0;18128
163400;all;all;1;2;0.0;18408
163959;none;all;1;2;0.0;18525
165704;all;all;1;2;0.0;18728
169307;all;all;1;2;0.0;18967
169313;none;all;1;2;0.0;18968
172162;all;all;1;2;0.0;19245
183098;all;all;1;2;0.0;20408
183114;all;all;1;2;0.0;20409
185941;all;all;1;2;0.0;20529
188391;all;all;1;2;0.0;20565
188394;none;all;1;2;0.0;20566
190897;all;all;1;2;0.0;20818
197281;all;none;1;2;0.0;21489
198836;all;none;1;2;0.0;21569
200444;all;none;1;2;0.0;21649
216242;all;none;1;2;0.0;23168
219023;all;all;1;2;0.0;23289
221459;all;all;1;2;0.0;23329
222921;all;all;1;2;0.0;23488
228879;all;all;1;2;0.0;24047
228923;all;all;1;2;0.0;24059
233610;none;none;1;2;0.0;24367
234015;all;all;1;2;0.0;24408
238277;all;none;1;2;0.0;24815
146706;all;all;1;3;0.0;16742
162515;all;all;1;3;0.0;18180
146719;none;all;1;5;0.0;16743
186572;all;all;1;5;0.0;20541
146724;all;all;1;2;0.0;16743
191212;all;all;1;2;0.0;20823
197575;all;all;1;2;0.0;21504
226425;all;all;1;2;0.0;23664
146727;all;all;1;1;0.0;16743
213778;none;all;1;1;0.0;22781
146738;all;all;1;1;0.0;16744
171627;all;all;1;1;0.0;19143
230979;all;all;1;1;0.0;24261
146746;all;none;1;1;0.0;16745
164754;all;none;1;1;0.0;18628
212594;all;all;1;1;0.0;22628
226614;all;all;1;1;0.0;23668
146755;all;all;1;0;0.0;16748
170800;all;none;1;0;0.0;19068
188795;all;all;1;0;0.0;20585
208847;none;all;1;0;0.0;22197
234198;none;all;1;0;0.0;24426
146832;none;all;1;1;0.0;16763
146871;all;all;1;0;0.0;16767
163586;all;all;1;0;0.0;18457
168308;none;none;1;0;0.0;18846
168961;all;none;1;0;0.0;18925
214988;all;all;1;0;0.0;23085
218812;all;none;1;0;0.0;23286
219016;all;none;1;0;0.0;23289
221434;all;all;1;0;0.0;23328
228868;all;all;1;0;0.0;24046
230754;all;all;1;0;0.0;24245
234828;all;none;1;0;0.0;24487
146896;all;all;1;0;0.0;16776
163093;all;all;1;0;0.0;18328
171900;all;none;1;0;0.0;19169
185795;all;all;1;0;0.0;20526
190720;all;all;1;0;0.0;20806
217294;all;all;1;0;0.0;23246
223219;all;all;1;0;0.0;23526
224974;all;all;1;0;0.0;23607
146913;all;all;1;1;0.0;16781
151979;all;all;1;1;0.0;17633
180677;all;all;1;1;0.0;19994
182046;none;none;1;1;0.0;20341
186389;all;all;1;1;0.0;20540
146914;all;all;1;3;0.0;16781
146918;all;all;1;1;0.0;16781
152696;all;all;1;1;0.0;17662
175689;all;all;1;1;0.0;19422
201351;none;all;1;1;0.0;21754
234518;all;all;1;1;0.0;24462
146946;none;all;1;0;0.0;16783
213517;all;all;1;0;0.0;22744
147003;all;all;1;0;0.0;16791
156229;all;all;1;0;0.0;17784
169923;all;none;1;0;0.0;19021
147064;all;all;1;5;0.0;16801
185214;all;all;1;5;0.0;20523
147074;none;all;1;0;0.0;16802
205405;all;all;1;0;0.0;22123
226022;all;all;1;0;0.0;23652
147144;all;none;1;0;0.0;16806
175241;all;all;1;0;0.0;19417
147153;all;none;1;0;0.0;16808
201641;all;all;1;0;0.0;21766
147157;all;all;1;0;0.0;16809
150688;all;none;1;0;0.0;17408
171370;all;all;1;0;0.0;19126
172468;all;all;1;0;0.0;19287
181697;all;all;1;0;0.0;20287
205512;all;all;1;0;0.0;22126
221431;all;all;1;0;0.0;23328
234001;none;all;1;0;0.0;24407
234845;all;all;1;0;0.0;24489
147223;all;all;1;2;0.0;16822
182161;none;all;1;2;0.0;20350
147269;none;none;1;1;0.0;16824
220098;none;all;1;1;0.0;23304
147287;all;all;1;7;0.0;16826
147356;all;none;1;1;0.0;16841
194928;none;all;1;1;0.0;21201
147389;none;all;1;2;0.0;16844
147394;all;all;1;1;0.0;16844
147575;all;all;1;1;0.0;16882
149936;none;all;1;1;0.0;17212
163848;all;all;1;1;0.0;18520
168928;none;all;1;1;0.0;18923
174404;none;all;1;1;0.0;19402
175115;none;all;1;1;0.0;19411
181500;none;all;1;1;0.0;20254
189482;all;all;1;1;0.0;20684
214446;all;all;1;1;0.0;23003
217238;all;all;1;1;0.0;23243
224997;none;all;1;1;0.0;23610
147433;all;none;1;0;0.0;16861
147482;all;all;1;0;0.0;16871
150079;all;all;1;0;0.0;17224
157590;all;all;1;0;0.0;17821
169018;all;none;1;0;0.0;18941
169394;all;all;1;0;0.0;18981
177562;all;all;1;0;0.0;19582
204822;all;all;1;0;0.0;22073
207982;all;all;1;0;0.0;22183
209182;all;all;1;0;0.0;22223
219642;all;all;1;0;0.0;23302
219768;all;all;1;0;0.0;23302
232853;all;all;1;0;0.0;24343
147499;all;all;1;1;0.0;16880
153759;all;all;1;1;0.0;17760
185441;all;all;1;1;0.0;20524
147500;all;all;1;0;0.0;16880
169628;all;all;1;0;0.0;19001
208897;none;none;1;0;0.0;22200
219071;none;none;1;0;0.0;23290
225273;all;all;1;0;0.0;23640
147537;all;none;1;5;0.0;16881
155300;all;all;1;5;0.0;17773
157938;all;all;1;5;0.0;17840
158879;none;all;1;5;0.0;18004
188146;all;all;1;5;0.0;20561
197155;all;all;1;5;0.0;21484
201432;all;none;1;5;0.0;21761
205198;all;all;1;5;0.0;22120
207394;all;all;1;5;0.0;22174
209397;all;all;1;5;0.0;22244
147548;all;all;1;2;0.0;16881
180388;all;all;1;2;0.0;19964
205303;all;all;1;2;0.0;22122
206714;all;all;1;2;0.0;22163
223184;all;all;1;2;0.0;23523
147559;all;none;1;2;0.0;16882
147581;all;all;1;1;0.0;16883
174266;all;all;1;1;0.0;19401
147614;all;all;1;2;0.0;16884
150254;all;all;1;2;0.0;17250
153837;all;all;1;2;0.0;17761
172824;all;all;1;2;0.0;19322
205287;all;all;1;2;0.0;22122
230517;none;all;1;2;0.0;24241
147618;all;all;1;2;0.0;16884
153813;all;all;1;2;0.0;17761
157966;all;all;1;2;0.0;17842
170336;all;none;1;2;0.0;19043
177482;all;all;1;2;0.0;19571
202993;all;all;1;2;0.0;21880
218004;all;all;1;2;0.0;23282
147631;all;all;1;3;0.0;16884
155288;none;all;1;3;0.0;17773
159483;none;all;1;3;0.0;18044
177454;none;all;1;3;0.0;19564
185519;all;all;1;3;0.0;20524
198099;all;all;1;3;0.0;21560
204360;all;all;1;3;0.0;22042
214013;all;all;1;3;0.0;22842
214958;all;all;1;3;0.0;23083
234313;all;all;1;3;0.0;24440
147716;none;all;1;0;0.0;16901
223260;none;none;1;0;0.0;23540
147757;none;all;1;1;0.0;16902
148624;all;all;1;1;0.0;16983
170024;all;all;1;1;0.0;19024
170147;all;all;1;1;0.0;19033
147784;all;all;1;0;0.0;16904
233802;none;none;1;0;0.0;24392
147810;all;all;1;0;0.0;16905
156457;all;all;1;0;0.0;17786
147844;all;all;1;2;0.0;16911
180522;none;all;1;2;0.0;19982
186914;all;all;1;2;0.0;20543
204250;none;all;1;2;0.0;22030
231587;none;none;1;2;0.0;24311
147860;all;all;1;0;0.0;16914
147919;all;all;1;0;0.0;16922
154687;all;all;1;0;0.0;17764
170913;none;all;1;0;0.0;19080
217985;all;all;1;0;0.0;23281
234300;all;all;1;0;0.0;24440
148036;none;none;1;2;0.0;16942
238391;all;all;1;2;0.0;24823
148074;all;none;1;0;0.0;16944
158951;all;all;1;0;0.0;18022
183300;all;all;1;0;0.0;20421
220028;all;all;1;0;0.0;23304
148126;all;all;1;0;0.0;16960
238136;none;all;1;0;0.0;24803
148133;none;none;1;1;0.0;16960
149937;all;all;1;1;0.0;17212
157485;all;all;1;1;0.0;17812
148201;none;none;1;0;0.0;16961
177742;all;none;1;0;0.0;19610
191766;all;all;1;0;0.0;20844
230248;none;none;1;0;0.0;24213
148231;all;all;1;0;0.0;16962
148248;all;all;1;2;0.0;16962
150217;all;all;1;2;0.0;17243
234852;all;none;1;2;0.0;24490
148255;all;all;1;2;0.0;16962
181946;all;all;1;2;0.0;20324
190340;all;all;1;2;0.0;20801
148258;all;all;1;2;0.0;16962
219082;all;all;1;2;0.0;23290
233857;none;none;1;2;0.0;24400
237058;all;none;1;2;0.0;24652
148264;none;all;1;2;0.0;16963
148278;all;all;1;0;0.0;16963
197081;none;all;1;0;0.0;21483
148316;all;none;1;2;0.0;16964
165458;none;all;1;2;0.0;18722
182805;all;all;1;2;0.0;20402
195306;all;all;1;2;0.0;21281
205248;all;all;1;2;0.0;22121
223777;all;all;1;2;0.0;23564
233846;all;all;1;2;0.0;24400
148331;all;all;1;2;0.0;16964
192479;all;all;1;2;0.0;20883
195112;all;none;1;2;0.0;21241
148350;all;all;1;0;0.0;16964
148374;all;all;1;0;0.0;16966
165649;all;all;1;0;0.0;18725
177172;all;all;1;0;0.0;19527
183186;all;none;1;0;0.0;20419
197219;all;all;1;0;0.0;21485
209717;all;all;1;0;0.0;22286
232352;none;none;1;0;0.0;24328
148387;none;all;1;1;0.0;16968
151767;all;all;1;1;0.0;17606
154970;none;all;1;1;0.0;17767
155085;all;all;1;1;0.0;17768
159551;none;all;1;1;0.0;18046
179266;all;all;1;1;0.0;19765
182383;all;all;1;1;0.0;20365
207064;all;all;1;1;0.0;22166
214992;all;all;1;1;0.0;23085
230828;none;all;1;1;0.0;24249
233999;all;all;1;1;0.0;24407
235340;none;all;1;1;0.0;24527
148393;all;all;1;0;0.0;16968
167178;none;none;1;0;0.0;18809
170457;none;all;1;0;0.0;19046
185807;all;all;1;0;0.0;20527
195434;all;all;1;0;0.0;21289
207158;all;all;1;0;0.0;22168
214703;all;all;1;0;0.0;23045
219243;all;all;1;0;0.0;23296
222347;all;none;1;0;0.0;23407
222616;none;all;1;0;0.0;23445
227748;all;all;1;0;0.0;23848
148419;all;all;1;1;0.0;16971
189520;all;all;1;1;0.0;20693
194633;all;all;1;1;0.0;21123
195667;none;none;1;1;0.0;21321
148425;all;all;1;1;0.0;16972
198704;none;all;1;1;0.0;21564
233856;all;none;1;1;0.0;24400
237839;all;all;1;1;0.0;24763
148437;none;all;1;2;0.0;16973
161207;none;all;1;2;0.0;18123
189405;none;all;1;2;0.0;20680
213748;all;all;1;2;0.0;22771
148458;none;all;1;2;0.0;16980
148501;all;all;1;0;0.0;16980
149187;all;all;1;0;0.0;17102
155412;all;all;1;0;0.0;17780
164766;all;all;1;0;0.0;18631
175816;none;all;1;0;0.0;19423
190973;none;all;1;0;0.0;20820
214185;all;all;1;0;0.0;22901
148508;all;all;1;2;0.0;16981
178207;all;all;1;2;0.0;19672
148509;all;all;1;4;0.0;16981
152750;all;all;1;4;0.0;17663
148545;all;none;1;0;0.0;16982
148562;all;all;1;2;0.0;16982
167331;all;all;1;2;0.0;18820
203574;all;all;1;2;0.0;21902
207910;all;all;1;2;0.0;22183
148621;none;all;1;2;0.0;16983
150721;none;all;1;2;0.0;17423
173630;all;all;1;2;0.0;19381
213959;all;none;1;2;0.0;22823
216820;all;all;1;2;0.0;23193
217456;all;all;1;2;0.0;23264
148643;all;all;1;0;0.0;16984
148663;none;none;1;0;0.0;16984
176688;all;all;1;0;0.0;19460
180502;none;all;1;0;0.0;19981
191152;all;all;1;0;0.0;20822
195008;all;none;1;0;0.0;21220
199302;all;all;1;0;0.0;21582
148677;all;all;1;0;0.0;16985
148702;all;all;1;2;0.0;16988
165053;all;all;1;2;0.0;18665
189367;all;all;1;2;0.0;20669
208404;all;all;1;2;0.0;22187
224534;all;all;1;2;0.0;23587
233077;all;all;1;2;0.0;24346
238525;all;all;1;2;0.0;24829
148800;all;all;1;0;0.0;16998
151005;all;all;1;0;0.0;17505
187974;none;all;1;0;0.0;20556
193359;all;all;1;0;0.0;20905
199569;all;all;1;0;0.0;21585
210919;all;all;1;0;0.0;22428
229771;all;all;1;0;0.0;24156
231229;all;all;1;0;0.0;24268
233067;all;all;1;0;0.0;24346
148820;all;all;1;3;0.0;17002
148929;all;all;1;3;0.0;17041
167044;all;all;1;3;0.0;18804
184432;all;all;1;3;0.0;20520
189189;all;all;1;3;0.0;20641
148822;all;all;1;2;0.0;17002
166974;all;all;1;2;0.0;18804
219120;none;all;1;2;0.0;23291
148825;all;all;1;0;0.0;17002
198201;none;all;1;0;0.0;21561
233885;all;all;1;0;0.0;24401
148848;all;none;1;0;0.0;17007
235336;all;all;1;0;0.0;24527
148873;none;none;1;2;0.0;17022
148895;all;all;1;1;0.0;17031
148934;all;all;1;3;0.0;17042
186145;all;all;1;3;0.0;20533
212135;all;none;1;3;0.0;22523
149026;all;all;1;0;0.0;17061
149027;all;all;1;0;0.0;17061
156370;all;all;1;0;0.0;17784
170159;all;all;1;0;0.0;19034
227637;all;all;1;0;0.0;23834
149036;all;all;1;2;0.0;17062
152682;all;all;1;2;0.0;17662
152883;all;none;1;2;0.0;17670
163597;all;all;1;2;0.0;18460
192928;all;none;1;2;0.0;20900
199139;all;all;1;2;0.0;21581
199211;all;all;1;2;0.0;21582
229342;all;all;1;2;0.0;24101
236436;none;none;1;2;0.0;24590
149061;none;all;1;2;0.0;17064
178929;all;all;1;2;0.0;19741
181358;all;all;1;2;0.0;20220
149066;all;all;1;4;0.0;17065
173854;all;all;1;4;0.0;19388
214797;all;all;1;4;0.0;23065
149071;all;all;1;0;0.0;17067
157021;all;all;1;0;0.0;17798
149085;all;all;1;2;0.0;17072
187324;none;all;1;2;0.0;20544
230023;all;all;1;2;0.0;24182
149159;all;all;1;2;0.0;17091
226887;all;all;1;2;0.0;23681
149212;all;all;1;0;0.0;17106
183880;all;all;1;0;0.0;20469
220534;all;all;1;0;0.0;23309
224585;all;all;1;0;0.0;23588
224786;all;all;1;0;0.0;23597
149238;all;all;1;2;0.0;17120
167237;none;all;1;2;0.0;18812
196361;all;none;1;2;0.0;21402
203996;all;all;1;2;0.0;21960
215822;all;all;1;2;0.0;23160
225375;none;none;1;2;0.0;23641
149248;none;all;1;1;0.0;17120
200373;all;all;1;1;0.0;21643
231862;none;all;1;1;0.0;24322
149288;none;all;1;2;0.0;17122
204303;all;all;1;2;0.0;22040
149289;all;none;1;4;0.0;17122
149517;all;all;1;4;0.0;17161
153233;all;all;1;4;0.0;17721
154537;all;all;1;4;0.0;17763
177360;all;all;1;4;0.0;19561
182926;all;all;1;4;0.0;20403
188462;all;all;1;4;0.0;20570
190579;all;all;1;4;0.0;20804
198356;all;all;1;4;0.0;21562
201077;all;all;1;4;0.0;21724
203233;all;all;1;4;0.0;21883
211408;all;all;1;4;0.0;22481
212271;all;all;1;4;0.0;22562
217585;all;all;1;4;0.0;23280
230220;none;none;1;4;0.0;24204
232072;none;none;1;4;0.0;24323
237524;all;all;1;4;0.0;24683
149301;all;all;1;2;0.0;17123
153647;none;all;1;2;0.0;17760
154129;all;all;1;2;0.0;17762
164183;all;all;1;2;0.0;18560
190309;all;all;1;2;0.0;20801
197092;all;all;1;2;0.0;21483
202175;none;all;1;2;0.0;21802
222298;all;all;1;2;0.0;23402
149318;all;all;1;1;0.0;17124
149371;none;all;1;2;0.0;17140
197986;all;none;1;2;0.0;21550
149403;all;all;1;2;0.0;17142
150936;all;all;1;2;0.0;17500
186921;all;all;1;2;0.0;20543
193058;all;all;1;2;0.0;20901
199505;all;all;1;2;0.0;21584
206112;none;all;1;2;0.0;22153
220706;all;all;1;2;0.0;23311
234876;all;none;1;2;0.0;24500
149412;all;all;1;1;0.0;17142
152627;all;all;1;1;0.0;17661
160271;all;all;1;1;0.0;18070
176249;all;none;1;1;0.0;19430
200552;all;all;1;1;0.0;21663
209499;none;all;1;1;0.0;22262
149468;all;all;1;1;0.0;17150
149484;all;all;1;1;0.0;17153
220111;all;all;1;1;0.0;23304
149485;all;all;1;0;0.0;17153
156092;all;all;1;0;0.0;17783
176350;all;all;1;0;0.0;19432
188772;all;all;1;0;0.0;20584
193304;all;all;1;0;0.0;20904
149493;all;all;1;3;0.0;17156
152829;all;all;1;3;0.0;17666
176064;none;none;1;3;0.0;19425
189365;all;all;1;3;0.0;20669
196023;all;none;1;3;0.0;21355
227619;all;all;1;3;0.0;23827
149519;all;all;1;0;0.0;17161
149531;all;all;1;0;0.0;17162
181881;all;all;1;0;0.0;20322
185511;all;all;1;0;0.0;20524
215457;none;all;1;0;0.0;23124
149601;all;all;1;0;0.0;17170
152215;all;all;1;0;0.0;17642
166287;all;none;1;0;0.0;18773
173467;all;all;1;0;0.0;19370
189394;all;all;1;0;0.0;20680
192268;all;all;1;0;0.0;20881
193691;all;all;1;0;0.0;20922
215806;all;all;1;0;0.0;23160
223693;all;all;1;0;0.0;23563
149606;all;all;1;2;0.0;17172
182768;all;all;1;2;0.0;20401
186038;none;all;1;2;0.0;20530
196372;all;none;1;2;0.0;21403
233632;none;none;1;2;0.0;24371
236800;none;all;1;2;0.0;24642
149607;all;all;1;1;0.0;17172
206501;all;all;1;1;0.0;22161
149638;all;all;1;1;0.0;17181
149639;all;all;1;0;0.0;17181
149644;all;all;1;5;0.0;17182
169956;all;all;1;5;0.0;19022
149658;all;none;1;0;0.0;17183
149707;all;all;1;1;0.0;17192
158708;all;all;1;1;0.0;17981
176225;all;all;1;1;0.0;19430
206057;all;all;1;1;0.0;22150
236142;all;all;1;1;0.0;24580
149746;none;all;1;2;0.0;17200
158651;none;all;1;2;0.0;17964
162906;all;all;1;2;0.0;18281
163098;all;all;1;2;0.0;18330
172406;all;all;1;2;0.0;19283
179611;all;all;1;2;0.0;19853
182264;none;all;1;2;0.0;20361
188127;all;all;1;2;0.0;20561
193678;none;all;1;2;0.0;20921
198613;all;none;1;2;0.0;21564
201597;all;all;1;2;0.0;21764
204323;all;all;1;2;0.0;22041
204481;all;all;1;2;0.0;22044
206963;all;all;1;2;0.0;22164
212274;all;all;1;2;0.0;22562
218483;none;all;1;2;0.0;23284
223643;all;all;1;2;0.0;23562
230736;all;all;1;2;0.0;24244
236792;all;all;1;2;0.0;24642
149754;all;all;1;0;0.0;17200
179584;none;all;1;0;0.0;19844
149758;all;all;1;0;0.0;17201
159298;all;all;1;0;0.0;18042
197894;all;all;1;0;0.0;21532
149766;none;all;1;1;0.0;17201
185147;all;all;1;1;0.0;20523
231427;all;all;1;1;0.0;24283
149799;all;all;1;0;0.0;17202
149816;all;all;1;0;0.0;17202
149841;all;all;1;0;0.0;17203
157377;all;all;1;0;0.0;17804
192832;all;all;1;0;0.0;20893
230537;all;none;1;0;0.0;24242
232460;all;all;1;0;0.0;24332
149863;all;all;1;1;0.0;17204
225569;all;all;1;1;0.0;23643
149864;all;all;1;2;0.0;17204
175156;all;all;1;2;0.0;19412
149877;all;none;1;0;0.0;17204
174020;all;all;1;0;0.0;19400
215036;all;all;1;0;0.0;23090
149889;all;all;1;0;0.0;17205
159646;all;all;1;0;0.0;18049
164342;all;all;1;0;0.0;18569
165662;all;all;1;0;0.0;18726
167070;all;all;1;0;0.0;18805
175002;all;all;1;0;0.0;19408
178002;all;all;1;0;0.0;19649
205489;all;none;1;0;0.0;22125
211706;all;none;1;0;0.0;22496
216356;all;all;1;0;0.0;23178
223887;all;all;1;0;0.0;23566
225954;all;all;1;0;0.0;23649
227324;all;all;1;0;0.0;23726
228171;all;all;1;0;0.0;23925
229603;all;all;1;0;0.0;24127
149900;all;all;1;1;0.0;17206
155139;all;all;1;1;0.0;17769
178337;all;all;1;1;0.0;19685
192742;all;all;1;1;0.0;20888
211097;none;all;1;1;0.0;22446
212160;all;all;1;1;0.0;22528
214705;all;all;1;1;0.0;23045
218961;all;all;1;1;0.0;23288
221468;all;all;1;1;0.0;23329
149933;all;all;1;3;0.0;17211
149935;all;all;1;2;0.0;17212
166545;all;all;1;2;0.0;18801
170284;none;all;1;2;0.0;19042
185312;all;all;1;2;0.0;20523
226897;none;all;1;2;0.0;23681
149981;all;none;1;0;0.0;17220
219860;all;all;1;0;0.0;23303
150024;all;all;1;0;0.0;17222
156750;all;all;1;0;0.0;17791
167769;all;all;1;0;0.0;18824
150068;all;all;1;1;0.0;17224
150083;all;all;1;0;0.0;17224
152752;all;all;1;0;0.0;17663
187311;all;all;1;0;0.0;20544
199824;all;all;1;0;0.0;21593
208609;all;all;1;0;0.0;22191
216481;all;all;1;0;0.0;23182
221942;all;all;1;0;0.0;23351
150114;all;all;1;0;0.0;17228
191626;all;all;1;0;0.0;20839
200225;none;none;1;0;0.0;21628
150188;all;all;1;2;0.0;17241
214348;all;all;1;2;0.0;22970
150213;none;all;1;4;0.0;17243
153001;none;all;1;4;0.0;17680
161561;all;none;1;4;0.0;18133
213690;all;all;1;4;0.0;22762
223795;all;all;1;4;0.0;23564
150259;none;all;1;1;0.0;17252
155308;all;all;1;1;0.0;17773
207349;all;all;1;1;0.0;22173
207364;all;all;1;1;0.0;22173
212264;all;all;1;1;0.0;22561
215979;none;all;1;1;0.0;23162
150299;all;all;1;3;0.0;17262
150360;all;all;1;2;0.0;17281
150422;all;all;1;2;0.0;17302
183891;all;all;1;2;0.0;20472
150477;all;all;1;2;0.0;17322
180701;all;all;1;2;0.0;20000
223624;none;all;1;2;0.0;23562
150533;all;all;1;2;0.0;17343
163461;all;all;1;2;0.0;18424
150594;none;none;1;0;0.0;17368
155018;none;none;1;0;0.0;17767
159578;all;all;1;0;0.0;18047
174943;all;all;1;0;0.0;19406
184052;all;all;1;0;0.0;20487
188407;all;all;1;0;0.0;20566
192870;all;all;1;0;0.0;20896
195458;all;none;1;0;0.0;21295
198778;all;all;1;0;0.0;21566
198813;all;all;1;0;0.0;21568
207406;all;all;1;0;0.0;22175
212718;all;all;1;0;0.0;22646
218830;all;all;1;0;0.0;23287
219019;all;all;1;0;0.0;23289
150602;all;all;1;0;0.0;17380
150644;all;all;1;0;0.0;17393
158491;all;all;1;0;0.0;17942
150653;all;all;1;0;0.0;17400
150665;all;all;1;2;0.0;17402
194072;all;all;1;2;0.0;20962
206982;all;all;1;2;0.0;22164
223436;all;all;1;2;0.0;23560
225693;all;all;1;2;0.0;23644
150680;all;none;1;0;0.0;17404
150694;all;all;1;3;0.0;17413
166845;all;all;1;3;0.0;18803
216951;all;all;1;3;0.0;23203
223202;all;all;1;3;0.0;23524
150704;all;all;1;1;0.0;17420
150764;all;none;1;0;0.0;17442
180717;all;all;1;0;0.0;20001
182709;all;all;1;0;0.0;20400
150775;all;all;1;2;0.0;17444
150847;all;all;1;1;0.0;17480
161009;all;all;1;1;0.0;18121
176879;all;all;1;1;0.0;19481
193633;all;all;1;1;0.0;20920
205338;all;all;1;1;0.0;22122
218295;all;none;1;1;0.0;23283
229813;all;all;1;1;0.0;24161
150878;all;none;1;0;0.0;17483
171171;none;none;1;0;0.0;19122
172291;all;all;1;0;0.0;19281
180354;all;all;1;0;0.0;19963
209445;all;all;1;0;0.0;22254
209653;all;all;1;0;0.0;22282
218357;none;all;1;0;0.0;23283
224042;all;all;1;0;0.0;23572
238086;none;all;1;0;0.0;24802
150920;all;all;1;0;0.0;17489
158661;none;all;1;0;0.0;17967
185861;all;all;1;0;0.0;20527
228173;none;all;1;0;0.0;23925
233625;none;none;1;0;0.0;24369
150953;none;all;1;2;0.0;17501
186818;all;all;1;2;0.0;20542
150980;all;all;1;2;0.0;17503
165922;all;all;1;2;0.0;18742
170714;all;none;1;2;0.0;19063
191859;none;all;1;2;0.0;20860
194248;all;all;1;2;0.0;21024
208201;none;all;1;2;0.0;22184
224691;all;all;1;2;0.0;23592
231015;all;none;1;2;0.0;24262
151013;none;all;1;0;0.0;17508
151101;all;all;1;2;0.0;17524
151114;all;all;1;0;0.0;17526
151821;all;all;1;0;0.0;17617
154856;all;all;1;0;0.0;17765
155064;all;all;1;0;0.0;17768
155065;all;all;1;0;0.0;17768
198819;all;none;1;0;0.0;21568
203328;all;all;1;0;0.0;21886
205536;all;all;1;0;0.0;22127
151141;none;all;1;2;0.0;17540
173751;all;all;1;2;0.0;19383
183657;all;all;1;2;0.0;20434
205005;all;all;1;2;0.0;22100
151192;all;all;1;2;0.0;17544
151216;all;all;1;1;0.0;17551
151231;all;all;1;2;0.0;17560
188063;none;all;1;2;0.0;20560
193682;all;all;1;2;0.0;20921
151250;all;all;1;2;0.0;17560
224065;none;all;1;2;0.0;23574
151287;all;all;1;1;0.0;17562
200652;all;all;1;1;0.0;21680
151317;none;all;1;2;0.0;17563
151339;all;all;1;0;0.0;17564
180279;all;all;1;0;0.0;19961
151343;none;all;1;1;0.0;17564
154468;all;all;1;1;0.0;17763
151360;all;all;1;1;0.0;17564
151431;all;none;1;2;0.0;17580
152656;all;all;1;2;0.0;17662
161606;none;all;1;2;0.0;18140
191339;all;all;1;2;0.0;20824
219783;all;all;1;2;0.0;23302
151432;all;none;1;2;0.0;17580
151434;all;all;1;1;0.0;17580
151446;none;all;1;5;0.0;17581
175968;all;all;1;5;0.0;19424
195590;all;all;1;5;0.0;21310
151455;none;all;1;2;0.0;17581
217407;all;all;1;2;0.0;23262
151492;all;all;1;4;0.0;17583
202579;all;all;1;4;0.0;21822
202634;all;all;1;4;0.0;21823
227793;none;all;1;4;0.0;23861
151531;all;all;1;0;0.0;17584
151558;all;all;1;3;0.0;17590
159926;all;all;1;3;0.0;18062
175420;all;all;1;3;0.0;19421
189590;all;all;1;3;0.0;20704
202514;all;none;1;3;0.0;21821
213073;all;none;1;3;0.0;22703
214192;all;all;1;3;0.0;22902
230367;none;none;1;3;0.0;24232
151574;all;all;1;2;0.0;17592
226342;all;all;1;2;0.0;23663
151594;all;all;1;0;0.0;17598
162690;none;all;1;0;0.0;18197
169537;none;all;1;0;0.0;18998
177802;all;all;1;0;0.0;19625
180213;none;all;1;0;0.0;19957
182588;all;all;1;0;0.0;20389
187334;all;all;1;0;0.0;20545
191440;all;all;1;0;0.0;20829
209869;all;all;1;0;0.0;22308
210527;all;all;1;0;0.0;22397
220421;none;all;1;0;0.0;23307
226618;all;all;1;0;0.0;23668
227859;all;all;1;0;0.0;23868
233132;none;all;1;0;0.0;24347
151612;all;all;1;2;0.0;17600
236674;all;all;1;2;0.0;24640
151617;all;all;1;3;0.0;17600
174793;all;all;1;3;0.0;19404
184590;none;all;1;3;0.0;20521
214492;none;all;1;3;0.0;23010
231655;all;all;1;3;0.0;24320
151629;all;all;1;4;0.0;17601
176654;all;all;1;4;0.0;19451
200708;all;all;1;4;0.0;21682
151648;all;all;1;2;0.0;17601
162362;all;all;1;2;0.0;18162
182842;none;all;1;2;0.0;20402
188365;all;all;1;2;0.0;20564
190335;all;all;1;2;0.0;20801
151677;all;all;1;2;0.0;17602
191690;all;all;1;2;0.0;20841
224936;all;all;1;2;0.0;23604
151702;all;all;1;0;0.0;17603
200980;all;all;1;0;0.0;21721
151707;none;all;1;0;0.0;17603
151722;none;all;1;1;0.0;17603
174464;all;all;1;1;0.0;19402
184835;all;all;1;1;0.0;20521
192209;all;all;1;1;0.0;20881
203392;all;all;1;1;0.0;21891
225498;all;all;1;1;0.0;23642
151731;none;all;1;2;0.0;17604
184745;all;all;1;2;0.0;20521
190263;all;all;1;2;0.0;20801
214461;all;all;1;2;0.0;23004
234747;all;all;1;2;0.0;24483
151797;none;all;1;0;0.0;17610
180035;all;all;1;0;0.0;19923
151907;all;all;1;4;0.0;17623
156241;all;all;1;4;0.0;17784
161856;all;all;1;4;0.0;18143
162196;all;none;1;4;0.0;18152
176366;all;all;1;4;0.0;19433
207468;all;all;1;4;0.0;22180
224336;all;all;1;4;0.0;23583
236313;all;all;1;4;0.0;24584
151911;all;all;1;2;0.0;17624
151914;all;all;1;1;0.0;17624
151935;all;all;1;3;0.0;17625
179091;all;all;1;3;0.0;19745
181182;all;all;1;3;0.0;20146
214386;none;all;1;3;0.0;22996
151945;all;all;1;0;0.0;17627
224762;all;all;1;0;0.0;23595
151963;all;all;1;2;0.0;17630
179003;none;all;1;2;0.0;19743
152042;all;all;1;0;0.0;17640
233959;none;all;1;0;0.0;24404
152060;all;all;1;1;0.0;17640
152067;none;all;1;0;0.0;17640
152121;none;all;1;0;0.0;17641
169710;all;all;1;0;0.0;19003
188998;all;all;1;0;0.0;20602
190598;all;all;1;0;0.0;20804
191693;all;all;1;0;0.0;20842
203871;all;all;1;0;0.0;21923
211572;all;all;1;0;0.0;22484
213899;all;all;1;0;0.0;22803
223785;all;all;1;0;0.0;23564
236704;all;none;1;0;0.0;24640
152141;all;all;1;2;0.0;17641
215982;all;all;1;2;0.0;23162
152149;none;all;1;3;0.0;17642
171058;all;all;1;3;0.0;19120
185521;all;all;1;3;0.0;20524
192326;all;none;1;3;0.0;20882
209647;all;all;1;3;0.0;22282
152179;all;all;1;4;0.0;17642
183123;all;all;1;4;0.0;20410
152220;all;all;1;3;0.0;17642
169166;all;all;1;3;0.0;18961
190611;all;all;1;3;0.0;20804
152262;all;all;1;2;0.0;17643
152289;all;all;1;1;0.0;17643
217638;none;all;1;1;0.0;23280
235725;all;all;1;1;0.0;24560
152313;all;all;1;1;0.0;17644
172512;all;all;1;1;0.0;19293
227647;all;none;1;1;0.0;23840
233860;all;none;1;1;0.0;24401
152410;all;all;1;1;0.0;17647
163962;all;all;1;1;0.0;18525
185743;none;all;1;1;0.0;20526
207233;all;all;1;1;0.0;22169
210056;all;all;1;1;0.0;22325
216359;none;all;1;1;0.0;23179
232262;all;all;1;1;0.0;24325
152440;all;all;1;0;0.0;17648
155068;all;all;1;0;0.0;17768
222922;all;all;1;0;0.0;23488
152478;none;all;1;0;0.0;17651
153739;all;all;1;0;0.0;17760
175222;all;all;1;0;0.0;19414
182368;all;all;1;0;0.0;20364
218484;all;all;1;0;0.0;23284
236944;all;all;1;0;0.0;24644
152520;all;all;1;3;0.0;17657
167160;all;all;1;3;0.0;18808
168663;all;all;1;3;0.0;18887
184046;all;all;1;3;0.0;20486
189253;all;none;1;3;0.0;20646
196138;all;all;1;3;0.0;21368
207142;all;all;1;3;0.0;22167
214997;all;all;1;3;0.0;23086
215014;all;all;1;3;0.0;23087
227328;all;all;1;3;0.0;23728
232286;all;all;1;3;0.0;24326
236001;all;all;1;3;0.0;24566
152535;none;all;1;0;0.0;17660
152546;all;all;1;0;0.0;17660
234240;none;all;1;0;0.0;24431
152548;all;all;1;1;0.0;17660
153432;all;all;1;1;0.0;17742
186559;none;none;1;1;0.0;20541
187806;all;all;1;1;0.0;20553
190035;all;all;1;1;0.0;20780
199079;all;none;1;1;0.0;21580
201263;all;all;1;1;0.0;21743
202517;all;all;1;1;0.0;21821
212569;all;all;1;1;0.0;22623
214197;all;all;1;1;0.0;22903
238380;all;all;1;1;0.0;24822
238581;none;all;1;1;0.0;24834
152551;all;all;1;1;0.0;17660
199103;none;none;1;1;0.0;21581
214759;all;all;1;1;0.0;23061
152560;all;all;1;2;0.0;17660
187597;all;all;1;2;0.0;20550
226293;all;all;1;2;0.0;23662
152568;all;all;1;2;0.0;17660
156281;all;all;1;2;0.0;17784
172184;none;all;1;2;0.0;19260
152578;all;all;1;2;0.0;17660
232635;none;all;1;2;0.0;24341
152589;all;all;1;0;0.0;17661
157840;all;all;1;0;0.0;17830
217360;none;all;1;0;0.0;23260
152594;all;all;1;0;0.0;17661
152623;all;all;1;2;0.0;17661
152647;all;all;1;3;0.0;17662
152718;all;all;1;0;0.0;17663
152721;all;all;1;1;0.0;17663
152755;all;all;1;5;0.0;17664
163332;all;all;1;5;0.0;18393
189579;all;all;1;5;0.0;20703
199393;all;all;1;5;0.0;21583
152780;none;all;1;1;0.0;17664
155850;all;all;1;1;0.0;17782
152836;all;all;1;0;0.0;17666
152861;all;all;1;2;0.0;17668
208357;all;all;1;2;0.0;22187
220532;all;all;1;2;0.0;23309
224503;all;all;1;2;0.0;23586
226832;all;all;1;2;0.0;23679
152868;all;all;1;0;0.0;17669
187371;all;all;1;0;0.0;20545
197785;all;all;1;0;0.0;21517
152897;all;all;1;0;0.0;17670
228053;none;all;1;0;0.0;23904
152937;all;all;1;1;0.0;17673
156328;none;all;1;1;0.0;17784
156344;all;all;1;1;0.0;17784
167816;none;none;1;1;0.0;18824
152960;all;all;1;2;0.0;17674
208041;none;all;1;2;0.0;22183
152963;all;all;1;1;0.0;17674
152973;all;all;1;1;0.0;17675
208803;all;none;1;1;0.0;22195
153041;all;all;1;1;0.0;17683
153049;none;all;1;0;0.0;17683
153057;all;all;1;1;0.0;17684
153081;none;all;1;0;0.0;17689
184054;all;all;1;0;0.0;20487
153119;all;all;1;2;0.0;17701
153128;all;all;1;4;0.0;17702
184255;none;all;1;4;0.0;20513
229656;all;all;1;4;0.0;24141
153156;all;all;1;0;0.0;17704
173026;all;all;1;0;0.0;19353
175476;all;all;1;0;0.0;19421
195013;all;all;1;0;0.0;21220
203558;none;all;1;0;0.0;21902
153219;all;all;1;0;0.0;17720
158610;none;all;1;0;0.0;17962
163378;all;all;1;0;0.0;18403
177942;none;all;1;0;0.0;19643
178636;all;all;1;0;0.0;19722
153241;all;all;1;1;0.0;17721
218319;all;all;1;1;0.0;23283
227765;all;all;1;1;0.0;23854
153268;all;all;1;3;0.0;17722
153287;all;all;1;1;0.0;17723
163580;all;all;1;1;0.0;18453
153311;none;all;1;0;0.0;17724
222584;all;all;1;0;0.0;23443
153353;none;all;1;1;0.0;17730
153392;all;all;1;2;0.0;17740
183389;all;all;1;2;0.0;20423
193904;all;all;1;2;0.0;20942
202636;none;all;1;2;0.0;21823
209839;all;all;1;2;0.0;22304
153486;all;none;1;0;0.0;17747
213640;all;none;1;0;0.0;22757
231558;all;all;1;0;0.0;24305
153492;all;all;1;0;0.0;17748
216889;all;none;1;0;0.0;23199
153493;all;all;1;0;0.0;17748
156509;all;all;1;0;0.0;17787
160153;all;all;1;0;0.0;18065
163318;all;all;1;0;0.0;18388
166036;none;all;1;0;0.0;18745
167902;none;all;1;0;0.0;18827
177666;none;all;1;0;0.0;19596
177810;none;all;1;0;0.0;19629
180608;all;all;1;0;0.0;19985
181583;all;all;1;0;0.0;20267
183534;all;all;1;0;0.0;20427
187480;all;all;1;0;0.0;20547
187512;all;all;1;0;0.0;20548
187967;none;all;1;0;0.0;20556
187999;all;all;1;0;0.0;20558
189616;all;all;1;0;0.0;20708
199878;all;all;1;0;0.0;21595
202731;all;all;1;0;0.0;21829
203705;none;all;1;0;0.0;21907
208221;all;all;1;0;0.0;22185
208348;all;all;1;0;0.0;22187
210488;all;all;1;0;0.0;22385
210913;all;all;1;0;0.0;22428
211270;none;all;1;0;0.0;22469
214102;none;all;1;0;0.0;22869
214842;all;all;1;0;0.0;23079
215693;all;all;1;0;0.0;23146
216653;all;all;1;0;0.0;23185
217129;all;all;1;0;0.0;23235
220490;all;all;1;0;0.0;23308
220494;all;all;1;0;0.0;23308
221838;all;all;1;0;0.0;23347
227185;all;all;1;0;0.0;23705
228266;all;all;1;0;0.0;23947
230075;all;all;1;0;0.0;24185
233145;none;all;1;0;0.0;24347
233781;none;none;1;0;0.0;24389
238519;none;all;1;0;0.0;24829
153508;all;all;1;0;0.0;17751
168047;all;all;1;0;0.0;18832
202567;all;all;1;0;0.0;21822
227245;all;none;1;0;0.0;23711
153518;all;all;1;1;0.0;17752
153559;all;all;1;1;0.0;17760
154093;all;all;1;1;0.0;17762
218089;all;all;1;1;0.0;23282
153582;all;all;1;2;0.0;17760
153584;all;all;1;1;0.0;17760
159686;all;all;1;1;0.0;18052
175197;none;all;1;1;0.0;19414
153599;all;all;1;2;0.0;17760
153600;all;all;1;1;0.0;17760
185539;all;all;1;1;0.0;20524
194197;all;all;1;1;0.0;21003
214688;all;all;1;1;0.0;23043
153605;all;all;1;0;0.0;17760
174674;all;all;1;0;0.0;19403
153641;all;all;1;2;0.0;17760
175105;all;all;1;2;0.0;19411
153649;all;all;1;1;0.0;17760
193709;all;all;1;1;0.0;20922
153684;all;all;1;2;0.0;17760
208978;all;all;1;2;0.0;22203
153723;all;all;1;1;0.0;17760
153737;all;all;1;0;0.0;17760
153745;all;all;1;1;0.0;17760
153754;all;all;1;0;0.0;17760
153830;all;all;1;0;0.0;17761
153833;all;all;1;2;0.0;17761
182224;all;all;1;2;0.0;20360
153839;all;all;1;4;0.0;17761
153903;all;all;1;0;0.0;17761
172145;all;all;1;0;0.0;19243
197844;all;all;1;0;0.0;21523
153909;all;all;1;1;0.0;17761
153974;all;all;1;0;0.0;17761
157295;all;none;1;0;0.0;17803
159115;all;all;1;0;0.0;18040
165519;all;all;1;0;0.0;18723
181467;all;all;1;0;0.0;20244
192190;none;all;1;0;0.0;20881
198124;all;all;1;0;0.0;21560
209759;all;all;1;0;0.0;22294
218226;all;all;1;0;0.0;23283
153984;all;all;1;2;0.0;17761
161152;all;all;1;2;0.0;18123
154001;all;none;1;0;0.0;17761
154021;all;all;1;1;0.0;17761
213370;all;all;1;1;0.0;22731
154058;all;all;1;0;0.0;17761
231426;all;all;1;0;0.0;24283
154069;all;all;1;0;0.0;17762
170259;all;all;1;0;0.0;19041
154075;all;none;1;1;0.0;17762
154389;all;all;1;1;0.0;17763
207259;all;all;1;1;0.0;22170
154081;all;all;1;0;0.0;17762
159180;none;all;1;0;0.0;18041
236753;all;all;1;0;0.0;24641
154151;none;none;1;2;0.0;17762
160899;all;all;1;2;0.0;18120
185192;all;all;1;2;0.0;20523
198157;all;all;1;2;0.0;21561
154174;all;all;1;1;0.0;17762
154180;all;all;1;1;0.0;17762
154195;all;all;1;1;0.0;17762
158396;all;all;1;1;0.0;17923
154249;all;all;1;3;0.0;17762
184421;none;all;1;3;0.0;20520
215347;all;all;1;3;0.0;23121
238004;all;none;1;3;0.0;24800
154281;all;all;1;2;0.0;17762
203052;none;all;1;2;0.0;21881
154322;all;all;1;0;0.0;17763
154344;all;all;1;0;0.0;17763
154354;all;all;1;0;0.0;17763
154375;all;all;1;2;0.0;17763
154395;all;all;1;2;0.0;17763
154422;all;all;1;2;0.0;17763
154445;all;none;1;0;0.0;17763
162366;all;all;1;0;0.0;18162
181848;all;all;1;0;0.0;20321
183983;all;all;1;0;0.0;20482
188990;none;all;1;0;0.0;20601
194998;all;all;1;0;0.0;21213
198663;none;none;1;0;0.0;21564
206441;all;all;1;0;0.0;22161
154451;all;all;1;1;0.0;17763
167207;all;all;1;1;0.0;18811
210632;none;all;1;1;0.0;22403
154501;all;all;1;0;0.0;17763
159030;all;all;1;0;0.0;18040
154507;all;all;1;0;0.0;17763
174471;all;none;1;0;0.0;19402
199981;none;none;1;0;0.0;21602
154580;all;all;1;0;0.0;17764
154657;all;all;1;0;0.0;17764
154671;none;all;1;1;0.0;17764
157467;all;all;1;1;0.0;17810
154738;all;none;1;2;0.0;17764
223730;all;all;1;2;0.0;23563
154759;all;all;1;2;0.0;17764
184346;all;all;1;2;0.0;20520
198167;all;all;1;2;0.0;21561
198172;all;all;1;2;0.0;21561
223423;none;all;1;2;0.0;23560
223753;all;all;1;2;0.0;23564
154764;all;all;1;0;0.0;17764
179377;all;all;1;0;0.0;19802
154773;all;all;1;2;0.0;17764
168197;none;none;1;2;0.0;18841
203846;none;all;1;2;0.0;21921
204893;all;none;1;2;0.0;22082
218188;all;all;1;2;0.0;23282
154795;all;all;1;2;0.0;17764
154825;all;all;1;2;0.0;17764
192108;all;all;1;2;0.0;20880
192353;all;all;1;2;0.0;20882
154861;all;all;1;1;0.0;17765
164668;all;none;1;1;0.0;18618
215521;all;all;1;1;0.0;23128
218902;all;all;1;1;0.0;23287
227567;all;all;1;1;0.0;23809
154944;none;all;1;1;0.0;17766
159645;all;all;1;1;0.0;18049
217320;all;all;1;1;0.0;23248
218865;none;none;1;1;0.0;23287
225909;all;all;1;1;0.0;23648
154959;all;all;1;0;0.0;17766
222627;all;all;1;0;0.0;23447
154976;all;none;1;1;0.0;17767
167118;all;all;1;1;0.0;18807
174938;all;all;1;1;0.0;19406
200078;none;none;1;1;0.0;21609
230786;none;all;1;1;0.0;24247
155073;all;none;1;3;0.0;17768
157401;all;all;1;3;0.0;17806
171901;all;all;1;3;0.0;19169
185976;none;all;1;3;0.0;20529
190700;all;all;1;3;0.0;20805
218677;all;all;1;3;0.0;23285
218714;all;all;1;3;0.0;23285
234451;all;none;1;3;0.0;24449
155081;none;all;1;1;0.0;17768
198840;all;all;1;1;0.0;21569
155147;all;none;1;0;0.0;17769
157513;all;all;1;0;0.0;17817
167081;all;none;1;0;0.0;18805
202382;all;none;1;0;0.0;21808
225813;none;none;1;0;0.0;23645
232375;all;all;1;0;0.0;24328
234043;all;all;1;0;0.0;24415
234418;all;all;1;0;0.0;24445
155235;none;all;1;1;0.0;17771
155254;all;all;1;2;0.0;17772
174532;all;none;1;2;0.0;19403
155317;all;all;1;2;0.0;17774
155365;all;all;1;1;0.0;17776
159637;all;all;1;1;0.0;18049
197276;all;all;1;1;0.0;21489
236015;all;all;1;1;0.0;24567
155399;all;all;1;0;0.0;17780
170550;all;all;1;0;0.0;19060
191270;all;all;1;0;0.0;20824
194347;all;all;1;0;0.0;21060
155449;all;all;1;0;0.0;17780
155453;all;all;1;1;0.0;17780
223003;all;all;1;1;0.0;23502
155475;all;all;1;2;0.0;17780
157627;all;none;1;2;0.0;17822
163334;none;all;1;2;0.0;18393
173662;all;none;1;2;0.0;19382
177587;all;all;1;2;0.0;19584
195982;all;none;1;2;0.0;21350
155516;all;none;1;6;0.0;17780
167798;all;all;1;6;0.0;18824
201977;all;all;1;6;0.0;21790
155519;all;all;1;2;0.0;17780
155621;all;none;1;2;0.0;17781
170032;none;none;1;2;0.0;19024
170722;none;all;1;2;0.0;19064
173792;all;all;1;2;0.0;19384
211722;none;all;1;2;0.0;22500
216403;none;all;1;2;0.0;23180
219872;all;all;1;2;0.0;23303
223031;none;all;1;2;0.0;23504
155560;all;all;1;2;0.0;17780
175277;all;all;1;2;0.0;19420
155630;all;all;1;2;0.0;17781
155656;all;all;1;3;0.0;17781
211207;none;all;1;3;0.0;22463
155708;all;all;1;4;0.0;17781
177239;none;all;1;4;0.0;19542
155723;all;all;1;0;0.0;17781
193266;all;none;1;0;0.0;20904
155773;all;all;1;1;0.0;17781
155834;none;all;1;0;0.0;17782
155852;all;all;1;0;0.0;17782
164404;all;all;1;0;0.0;18581
181739;none;all;1;0;0.0;20301
155862;none;all;1;2;0.0;17782
156327;all;all;1;2;0.0;17784
155874;none;all;1;1;0.0;17782
155936;all;none;1;1;0.0;17782
160362;none;all;1;1;0.0;18074
155963;all;all;1;0;0.0;17782
171494;none;all;1;0;0.0;19140
155980;all;all;1;0;0.0;17782
155999;all;all;1;5;0.0;17783
156018;all;all;1;1;0.0;17783
156101;all;none;1;0;0.0;17783
156145;all;none;1;2;0.0;17783
156165;none;all;1;1;0.0;17783
156189;all;all;1;2;0.0;17783
156195;all;all;1;2;0.0;17784
172191;all;all;1;2;0.0;19261
177024;all;none;1;2;0.0;19503
194699;all;none;1;2;0.0;21142
195592;all;all;1;2;0.0;21310
205847;none;all;1;2;0.0;22143
228960;all;all;1;2;0.0;24061
232863;all;all;1;2;0.0;24343
234951;all;all;1;2;0.0;24503
156199;all;all;1;2;0.0;17784
169424;none;all;1;2;0.0;18983
170044;all;all;1;2;0.0;19024
178095;all;all;1;2;0.0;19662
220723;all;all;1;2;0.0;23312
156210;none;all;1;1;0.0;17784
158967;all;all;1;1;0.0;18024
162516;all;all;1;1;0.0;18180
168371;none;none;1;1;0.0;18861
186415;all;all;1;1;0.0;20540
190991;all;all;1;1;0.0;20821
214775;all;all;1;1;0.0;23063
220077;none;all;1;1;0.0;23304
226197;all;all;1;1;0.0;23661
156218;all;all;1;2;0.0;17784
158500;all;all;1;2;0.0;17942
179209;all;all;1;2;0.0;19754
187055;all;all;1;2;0.0;20543
187859;none;all;1;2;0.0;20553
156234;all;all;1;3;0.0;17784
165782;none;all;1;3;0.0;18740
210967;all;all;1;3;0.0;22434
211741;all;all;1;3;0.0;22500
211874;all;all;1;3;0.0;22503
237162;all;none;1;3;0.0;24661
237445;none;all;1;3;0.0;24673
156242;all;all;1;0;0.0;17784
207737;all;none;1;0;0.0;22181
212809;none;all;1;0;0.0;22663
221597;all;all;1;0;0.0;23341
221986;all;all;1;0;0.0;23354
234957;none;none;1;0;0.0;24504
156283;all;all;1;0;0.0;17784
176382;all;all;1;0;0.0;19433
156338;all;all;1;1;0.0;17784
199290;all;none;1;1;0.0;21582
156354;none;all;1;3;0.0;17784
156413;all;all;1;0;0.0;17785
179221;all;all;1;0;0.0;19758
187349;none;all;1;0;0.0;20545
195245;all;all;1;0;0.0;21267
215707;all;all;1;0;0.0;23147
222030;all;none;1;0;0.0;23359
236339;all;all;1;0;0.0;24585
156578;all;all;1;3;0.0;17788
160250;all;all;1;3;0.0;18069
178187;all;all;1;3;0.0;19669
187460;all;none;1;3;0.0;20547
195269;all;all;1;3;0.0;21277
201955;all;all;1;3;0.0;21788
208383;all;all;1;3;0.0;22187
221878;all;all;1;3;0.0;23348
233104;all;none;1;3;0.0;24346
233171;all;all;1;3;0.0;24348
235633;none;all;1;3;0.0;24549
237318;all;all;1;3;0.0;24665
237481;all;none;1;3;0.0;24678
156595;all;all;1;2;0.0;17788
210526;all;none;1;2;0.0;22396
156614;all;all;1;0;0.0;17789
182571;all;all;1;0;0.0;20386
193367;none;all;1;0;0.0;20906
195582;all;all;1;0;0.0;21308
224636;all;all;1;0;0.0;23589
227283;all;all;1;0;0.0;23718
234580;none;all;1;0;0.0;24466
234582;all;all;1;0;0.0;24466
156629;all;all;1;1;0.0;17789
172228;none;all;1;1;0.0;19269
179095;all;all;1;1;0.0;19745
208433;all;all;1;1;0.0;22188
156660;all;all;1;0;0.0;17790
156666;all;all;1;3;0.0;17790
156714;none;all;1;6;0.0;17791
182499;all;all;1;6;0.0;20382
189571;none;all;1;6;0.0;20702
204209;all;all;1;6;0.0;22021
209807;all;all;1;6;0.0;22302
237245;all;all;1;6;0.0;24663
156716;all;all;1;1;0.0;17791
156717;all;all;1;0;0.0;17791
175687;none;none;1;0;0.0;19422
177822;all;all;1;0;0.0;19633
191161;all;all;1;0;0.0;20822
229334;all;all;1;0;0.0;24101
156774;all;none;1;2;0.0;17791
191225;all;all;1;2;0.0;20823
205748;all;none;1;2;0.0;22141
207594;all;all;1;2;0.0;22180
156776;all;all;1;0;0.0;17791
219434;none;none;1;0;0.0;23300
156890;all;all;1;4;0.0;17793
156922;all;all;1;3;0.0;17794
180678;all;all;1;3;0.0;19994
219406;all;all;1;3;0.0;23300
156982;all;all;1;0;0.0;17795
215203;all;all;1;0;0.0;23106
157020;all;none;1;0;0.0;17798
163675;none;all;1;0;0.0;18478
167850;all;none;1;0;0.0;18825
221853;all;all;1;0;0.0;23347
157061;all;all;1;0;0.0;17800
157084;none;all;1;2;0.0;17800
209080;all;all;1;2;0.0;22211
157130;all;all;1;0;0.0;17801
157213;none;none;1;1;0.0;17802
157218;none;all;1;2;0.0;17802
157233;all;all;1;0;0.0;17802
197126;none;all;1;0;0.0;21483
233890;all;all;1;0;0.0;24402
157277;all;all;1;2;0.0;17803
161535;all;all;1;2;0.0;18132
209988;all;all;1;2;0.0;22322
157299;all;all;1;1;0.0;17803
157308;all;all;1;2;0.0;17803
166910;all;all;1;2;0.0;18803
188105;all;all;1;2;0.0;20561
190521;all;all;1;2;0.0;20803
202876;all;none;1;2;0.0;21844
157322;all;all;1;3;0.0;17804
185538;all;none;1;3;0.0;20524
225290;none;all;1;3;0.0;23640
157337;all;all;1;1;0.0;17804
182731;all;all;1;1;0.0;20401
213998;all;all;1;1;0.0;22840
157364;all;none;1;2;0.0;17804
159391;all;all;1;2;0.0;18043
173191;all;all;1;2;0.0;19362
192296;all;all;1;2;0.0;20882
157374;all;all;1;4;0.0;17804
164240;all;all;1;4;0.0;18562
223557;all;all;1;4;0.0;23561
157499;all;none;1;0;0.0;17814
217787;all;all;1;0;0.0;23281
157507;none;all;1;2;0.0;17814
157542;all;all;1;2;0.0;17820
193186;all;all;1;2;0.0;20903
226118;all;all;1;2;0.0;23660
157543;all;all;1;4;0.0;17820
157582;none;all;1;2;0.0;17821
207511;all;all;1;2;0.0;22180
235639;all;all;1;2;0.0;24550
157676;all;all;1;0;0.0;17823
222189;all;all;1;0;0.0;23383
157698;all;all;1;0;0.0;17823
191563;all;all;1;0;0.0;20834
157715;all;all;1;0;0.0;17823
157735;all;all;1;2;0.0;17824
171665;all;all;1;2;0.0;19144
187917;all;none;1;2;0.0;20554
157751;all;none;1;0;0.0;17824
158805;all;all;1;0;0.0;17994
162795;all;all;1;0;0.0;18233
175653;all;all;1;0;0.0;19422
180840;all;all;1;0;0.0;20024
212560;all;all;1;0;0.0;22622
227775;all;all;1;0;0.0;23860
157770;all;all;1;0;0.0;17825
227367;all;all;1;0;0.0;23745
157786;all;all;1;0;0.0;17826
157796;all;all;1;0;0.0;17827
187977;all;all;1;0;0.0;20557
199661;none;all;1;0;0.0;21589
208463;all;all;1;0;0.0;22188
214101;all;all;1;0;0.0;22869
214628;all;all;1;0;0.0;23037
227487;all;all;1;0;0.0;23785
229041;all;all;1;0;0.0;24067
157814;all;all;1;2;0.0;17828
162275;all;all;1;2;0.0;18157
176165;all;all;1;2;0.0;19428
157815;all;all;1;0;0.0;17828
157862;all;all;1;2;0.0;17831
158552;all;all;1;2;0.0;17951
157877;all;all;1;0;0.0;17832
177023;all;all;1;0;0.0;19503
157897;all;all;1;0;0.0;17833
196814;none;none;1;0;0.0;21474
157923;all;all;1;1;0.0;17837
160202;all;all;1;1;0.0;18067
157927;all;none;1;0;0.0;17838
173864;none;all;1;0;0.0;19389
187355;all;all;1;0;0.0;20545
195073;all;all;1;0;0.0;21229
203707;all;all;1;0;0.0;21908
220382;all;all;1;0;0.0;23307
221897;all;all;1;0;0.0;23349
226483;all;all;1;0;0.0;23665
230351;none;none;1;0;0.0;24229
236343;none;all;1;0;0.0;24585
157937;all;none;1;0;0.0;17840
185179;none;none;1;0;0.0;20523
157939;none;all;1;3;0.0;17840
174139;all;all;1;3;0.0;19400
216899;none;all;1;3;0.0;23200
157983;all;all;1;2;0.0;17843
162485;none;all;1;2;0.0;18170
182732;all;all;1;2;0.0;20401
193784;none;all;1;2;0.0;20924
196353;none;none;1;2;0.0;21402
230723;all;all;1;2;0.0;24244
157987;all;all;1;2;0.0;17843
188136;all;all;1;2;0.0;20561
158028;all;none;1;0;0.0;17854
170176;none;none;1;0;0.0;19040
203110;all;none;1;0;0.0;21882
158105;all;all;1;0;0.0;17873
158138;none;all;1;0;0.0;17881
205429;all;all;1;0;0.0;22124
212955;all;all;1;0;0.0;22683
158141;all;all;1;1;0.0;17881
211683;all;none;1;1;0.0;22492
158147;all;all;1;0;0.0;17881
159132;all;all;1;0;0.0;18041
238117;all;all;1;0;0.0;24803
158155;none;all;1;0;0.0;17882
162414;all;all;1;0;0.0;18164
169170;all;all;1;0;0.0;18961
158189;all;all;1;2;0.0;17884
158197;all;all;1;2;0.0;17885
163566;all;all;1;2;0.0;18447
183102;all;all;1;2;0.0;20409
185847;all;all;1;2;0.0;20527
204184;all;none;1;2;0.0;22007
207021;all;all;1;2;0.0;22165
223881;all;none;1;2;0.0;23566
158240;all;all;1;2;0.0;17900
197353;all;none;1;2;0.0;21500
158272;all;all;1;2;0.0;17903
186277;all;all;1;2;0.0;20540
158313;all;none;1;0;0.0;17911
175988;none;all;1;0;0.0;19424
194899;all;all;1;0;0.0;21192
158343;all;all;1;3;0.0;17920
174067;all;all;1;3;0.0;19400
174108;all;all;1;3;0.0;19400
229126;all;all;1;3;0.0;24080
158412;all;all;1;1;0.0;17924
169131;all;all;1;1;0.0;18960
158426;all;all;1;1;0.0;17925
181239;all;all;1;1;0.0;20166
158475;none;all;1;0;0.0;17941
195906;all;all;1;0;0.0;21343
158480;all;none;1;1;0.0;17941
231105;all;all;1;1;0.0;24264
158485;all;all;1;2;0.0;17941
158560;all;all;1;3;0.0;17953
193066;all;none;1;3;0.0;20901
226676;all;all;1;3;0.0;23670
158568;all;all;1;0;0.0;17955
172706;all;all;1;0;0.0;19308
220506;all;all;1;0;0.0;23308
228067;all;none;1;0;0.0;23907
158575;all;all;1;0;0.0;17960
173308;none;all;1;0;0.0;19363
206895;all;all;1;0;0.0;22164
158636;all;all;1;2;0.0;17963
197803;all;all;1;2;0.0;21520
203397;all;all;1;2;0.0;21892
158644;all;none;1;0;0.0;17964
196364;none;all;1;0;0.0;21402
158677;all;all;1;2;0.0;17972
205193;none;all;1;2;0.0;22120
158688;all;all;1;1;0.0;17980
158689;none;all;1;2;0.0;17980
161733;all;all;1;2;0.0;18141
213848;all;all;1;2;0.0;22792
224677;none;all;1;2;0.0;23591
235548;all;none;1;2;0.0;24544
158690;all;all;1;1;0.0;17980
158698;all;all;1;0;0.0;17980
158728;all;all;1;0;0.0;17982
158730;all;all;1;3;0.0;17982
159936;all;all;1;3;0.0;18062
168483;none;none;1;3;0.0;18872
175773;all;all;1;3;0.0;19423
183610;none;all;1;3;0.0;20432
188605;all;all;1;3;0.0;20581
212010;all;none;1;3;0.0;22510
158733;none;all;1;4;0.0;17983
158739;all;all;1;0;0.0;17983
212883;all;all;1;0;0.0;22673
158750;all;all;1;2;0.0;17984
167652;all;all;1;2;0.0;18823
200202;none;none;1;2;0.0;21624
219310;all;all;1;2;0.0;23300
158836;all;none;1;2;0.0;18001
211397;none;all;1;2;0.0;22481
158885;all;all;1;0;0.0;18004
190595;all;all;1;0;0.0;20804
158944;all;all;1;4;0.0;18022
161634;none;none;1;4;0.0;18140
171661;all;all;1;4;0.0;19144
193047;all;all;1;4;0.0;20901
215146;all;all;1;4;0.0;23103
216475;all;none;1;4;0.0;23182
229318;none;all;1;4;0.0;24100
159038;none;all;1;5;0.0;18040
159105;none;all;1;0;0.0;18040
205320;none;none;1;0;0.0;22122
228199;all;all;1;0;0.0;23933
159126;all;all;1;3;0.0;18041
166948;all;all;1;3;0.0;18804
173053;all;all;1;3;0.0;19360
159140;none;all;1;1;0.0;18041
159149;all;all;1;1;0.0;18041
166578;all;none;1;1;0.0;18801
166591;all;all;1;1;0.0;18801
170256;all;all;1;1;0.0;19041
192861;all;all;1;1;0.0;20894
206471;all;all;1;1;0.0;22161
217646;all;all;1;1;0.0;23280
230626;all;all;1;1;0.0;24243
159238;none;all;1;0;0.0;18042
159302;all;all;1;1;0.0;18042
159308;none;all;1;0;0.0;18042
159319;none;all;1;0;0.0;18042
164250;all;all;1;0;0.0;18562
159336;all;all;1;2;0.0;18043
159389;all;all;1;0;0.0;18043
166224;all;all;1;0;0.0;18762
197122;all;all;1;0;0.0;21483
159412;all;all;1;2;0.0;18043
191676;all;all;1;2;0.0;20841
159468;all;all;1;0;0.0;18044
159480;all;all;1;2;0.0;18044
159571;all;all;1;0;0.0;18046
159657;all;all;1;0;0.0;18050
159770;all;all;1;2;0.0;18060
176025;all;all;1;2;0.0;19424
178488;all;all;1;2;0.0;19714
189299;none;all;1;2;0.0;20661
215770;all;all;1;2;0.0;23154
159783;all;all;1;0;0.0;18060
159808;all;all;1;0;0.0;18060
159817;none;all;1;2;0.0;18060
159842;all;all;1;2;0.0;18061
159883;none;all;1;2;0.0;18061
159905;all;none;1;3;0.0;18061
159983;all;all;1;2;0.0;18062
161622;all;all;1;2;0.0;18140
165217;none;none;1;2;0.0;18702
180676;all;all;1;2;0.0;19994
213846;all;all;1;2;0.0;22791
160060;all;all;1;2;0.0;18063
160166;none;all;1;1;0.0;18065
163642;all;none;1;1;0.0;18465
165058;all;all;1;1;0.0;18667
166189;all;none;1;1;0.0;18759
188799;all;all;1;1;0.0;20585
206170;all;all;1;1;0.0;22159
216885;all;all;1;1;0.0;23198
220169;all;all;1;1;0.0;23305
226498;all;all;1;1;0.0;23665
160175;all;all;1;0;0.0;18066
179123;all;all;1;0;0.0;19748
229039;all;none;1;0;0.0;24066
160188;all;all;1;1;0.0;18066
165062;all;all;1;1;0.0;18668
229045;all;all;1;1;0.0;24067
160205;all;none;1;0;0.0;18067
216660;all;all;1;0;0.0;23186
160334;all;none;1;2;0.0;18072
160412;all;all;1;0;0.0;18078
189611;all;all;1;0;0.0;20707
229436;all;none;1;0;0.0;24108
160431;all;all;1;1;0.0;18080
161351;all;all;1;1;0.0;18124
160449;all;all;1;0;0.0;18080
192252;none;all;1;0;0.0;20881
160469;all;all;1;4;0.0;18081
181114;all;all;1;4;0.0;20121
181673;all;all;1;4;0.0;20283
184819;all;all;1;4;0.0;20521
185077;all;none;1;4;0.0;20522
185277;all;all;1;4;0.0;20523
190141;all;all;1;4;0.0;20800
203263;all;none;1;4;0.0;21884
221125;all;all;1;4;0.0;23321
160512;all;all;1;0;0.0;18083
160575;all;all;1;1;0.0;18085
161368;all;all;1;1;0.0;18125
173394;all;all;1;1;0.0;19365
184049;all;all;1;1;0.0;20486
160612;none;all;1;2;0.0;18090
164276;all;none;1;2;0.0;18563
173381;none;all;1;2;0.0;19364
176565;all;all;1;2;0.0;19442
191634;all;all;1;2;0.0;20840
221137;all;all;1;2;0.0;23321
232202;all;all;1;2;0.0;24324
160665;all;all;1;2;0.0;18101
184142;all;all;1;2;0.0;20502
189599;all;all;1;2;0.0;20704
224310;all;all;1;2;0.0;23583
160690;all;none;1;0;0.0;18102
164773;all;all;1;0;0.0;18633
175869;all;all;1;0;0.0;19423
177776;all;all;1;0;0.0;19622
183439;all;all;1;0;0.0;20424
200521;all;all;1;0;0.0;21662
160694;all;all;1;1;0.0;18102
196591;none;all;1;1;0.0;21430
197987;all;all;1;1;0.0;21550
160697;all;none;1;1;0.0;18102
160712;all;none;1;1;0.0;18103
166093;all;none;1;1;0.0;18750
203527;all;all;1;1;0.0;21901
220812;all;all;1;1;0.0;23313
160736;all;all;1;0;0.0;18104
160769;all;all;1;0;0.0;18109
164120;all;all;1;0;0.0;18547
160847;none;none;1;0;0.0;18120
224868;all;none;1;0;0.0;23601
160856;all;all;1;1;0.0;18120
174405;all;none;1;1;0.0;19402
160862;all;all;1;0;0.0;18120
226923;all;all;1;0;0.0;23682
160963;all;all;1;1;0.0;18121
222306;all;none;1;1;0.0;23403
160988;all;all;1;1;0.0;18121
177416;all;all;1;1;0.0;19563
161038;all;all;1;1;0.0;18121
161117;all;all;1;1;0.0;18122
185615;none;all;1;1;0.0;20524
161134;none;all;1;3;0.0;18122
161187;all;all;1;4;0.0;18123
161196;all;all;1;2;0.0;18123
161212;all;all;1;2;0.0;18123
223443;all;all;1;2;0.0;23560
229566;all;all;1;2;0.0;24123
161299;none;all;1;0;0.0;18124
210611;all;all;1;0;0.0;22402
161337;all;all;1;0;0.0;18124
228316;all;all;1;0;0.0;23961
233896;all;all;1;0;0.0;24402
161374;all;all;1;0;0.0;18125
203335;all;all;1;0;0.0;21886
207024;all;all;1;0;0.0;22165
219240;all;all;1;0;0.0;23296
161503;all;all;1;1;0.0;18130
161525;all;all;1;2;0.0;18131
161549;none;all;1;2;0.0;18132
166562;all;all;1;2;0.0;18801
194296;all;none;1;2;0.0;21042
201425;none;none;1;2;0.0;21761
206796;all;all;1;2;0.0;22163
214978;all;all;1;2;0.0;23084
217230;all;all;1;2;0.0;23243
228197;all;all;1;2;0.0;23932
235138;all;all;1;2;0.0;24521
235906;all;none;1;2;0.0;24563
161668;all;none;1;1;0.0;18140
166150;all;none;1;1;0.0;18753
189126;none;all;1;1;0.0;20624
200636;all;all;1;1;0.0;21674
207733;all;all;1;1;0.0;22181
161731;all;all;1;2;0.0;18141
191203;none;all;1;2;0.0;20823
161763;all;none;1;3;0.0;18141
202004;all;all;1;3;0.0;21792
226115;none;all;1;3;0.0;23660
161772;all;all;1;2;0.0;18142
161818;none;all;1;2;0.0;18142
168125;all;all;1;2;0.0;18834
175625;all;all;1;2;0.0;19422
197990;all;none;1;2;0.0;21551
212790;all;all;1;2;0.0;22661
228616;none;all;1;2;0.0;24020
230271;none;none;1;2;0.0;24221
161851;none;all;1;2;0.0;18143
161897;all;none;1;1;0.0;18143
161934;all;all;1;2;0.0;18143
178142;all;all;1;2;0.0;19664
193462;all;none;1;2;0.0;20910
196795;none;none;1;2;0.0;21470
207780;all;all;1;2;0.0;22182
215680;all;none;1;2;0.0;23144
226464;all;all;1;2;0.0;23664
227265;all;all;1;2;0.0;23714
237258;none;all;1;2;0.0;24663
162018;all;none;1;1;0.0;18145
200267;none;none;1;1;0.0;21635
162206;all;all;1;0;0.0;18153
187819;all;all;1;0;0.0;20553
236459;all;all;1;0;0.0;24592
162286;all;all;1;0;0.0;18158
236369;all;all;1;0;0.0;24587
162310;all;all;1;2;0.0;18160
162337;none;all;1;0;0.0;18161
191827;all;all;1;0;0.0;20850
162344;all;all;1;0;0.0;18161
162350;all;none;1;1;0.0;18161
162397;all;all;1;3;0.0;18163
217594;none;none;1;3;0.0;23280
217967;all;all;1;3;0.0;23281
233955;all;all;1;3;0.0;24404
162415;all;none;1;3;0.0;18164
172808;all;all;1;3;0.0;19321
225353;all;all;1;3;0.0;23641
236809;all;all;1;3;0.0;24642
162421;all;all;1;0;0.0;18164
162457;none;all;1;1;0.0;18166
190019;all;all;1;1;0.0;20775
217289;all;all;1;1;0.0;23246
236103;all;none;1;1;0.0;24578
162468;all;all;1;0;0.0;18168
172034;none;none;1;0;0.0;19206
172873;all;all;1;0;0.0;19326
174887;none;all;1;0;0.0;19405
185997;none;all;1;0;0.0;20529
218665;all;all;1;0;0.0;23285
232348;none;all;1;0;0.0;24328
162481;all;all;1;1;0.0;18169
164652;all;all;1;1;0.0;18608
172901;all;all;1;1;0.0;19335
192777;none;all;1;1;0.0;20889
195170;none;all;1;1;0.0;21248
162490;all;all;1;3;0.0;18172
162518;none;all;1;0;0.0;18180
191049;all;none;1;0;0.0;20821
162536;none;all;1;2;0.0;18181
162611;all;all;1;1;0.0;18184
219790;all;all;1;1;0.0;23302
162643;all;all;1;6;0.0;18189
204096;all;all;1;6;0.0;21986
208360;all;all;1;6;0.0;22187
221014;none;all;1;6;0.0;23319
227896;all;all;1;6;0.0;23878
162667;all;all;1;0;0.0;18192
162703;all;all;1;1;0.0;18201
188084;all;all;1;1;0.0;20560
162707;all;all;1;0;0.0;18201
184837;all;all;1;0;0.0;20522
198636;all;all;1;0;0.0;21564
238059;all;none;1;0;0.0;24801
162748;all;all;1;1;0.0;18215
216264;all;all;1;1;0.0;23169
216978;all;all;1;1;0.0;23206
223876;all;all;1;1;0.0;23566
237014;all;none;1;1;0.0;24648
162764;all;all;1;2;0.0;18222
196255;all;none;1;2;0.0;21390
162768;all;all;1;2;0.0;18223
222710;all;all;1;2;0.0;23462
162851;all;all;1;0;0.0;18260
162937;all;all;1;2;0.0;18284
163066;all;all;1;1;0.0;18323
181035;all;all;1;1;0.0;20084
163111;all;all;1;0;0.0;18340
163154;all;all;1;0;0.0;18344
182065;all;all;1;0;0.0;20342
163231;all;all;1;0;0.0;18363
178680;none;all;1;0;0.0;19723
219135;all;all;1;0;0.0;23292
232113;none;none;1;0;0.0;24324
235955;all;all;1;0;0.0;24564
163293;all;all;1;2;0.0;18382
163321;all;none;1;1;0.0;18389
170084;all;all;1;1;0.0;19028
179114;all;all;1;1;0.0;19747
223126;all;all;1;1;0.0;23517
163439;all;all;1;4;0.0;18422
163531;all;all;1;2;0.0;18442
163542;all;all;1;2;0.0;18443
201469;all;all;1;2;0.0;21762
206580;all;all;1;2;0.0;22162
163590;all;all;1;1;0.0;18460
163628;all;all;1;1;0.0;18463
193211;all;all;1;1;0.0;20903
232777;all;all;1;1;0.0;24342
163644;all;all;1;3;0.0;18466
220488;all;all;1;3;0.0;23308
235009;all;all;1;3;0.0;24509
163683;none;all;1;0;0.0;18480
167250;all;all;1;0;0.0;18813
168682;all;none;1;0;0.0;18892
171066;all;all;1;0;0.0;19120
208899;all;all;1;0;0.0;22200
225401;all;all;1;0;0.0;23641
163697;all;all;1;0;0.0;18481
233908;all;all;1;0;0.0;24402
163731;none;all;1;0;0.0;18484
163772;all;all;1;0;0.0;18501
163819;none;all;1;0;0.0;18511
163860;all;all;1;0;0.0;18521
176665;all;all;1;0;0.0;19454
222590;all;all;1;0;0.0;23444
163874;all;all;1;2;0.0;18521
163910;all;all;1;2;0.0;18523
164055;all;all;1;0;0.0;18542
164123;all;all;1;0;0.0;18547
224498;all;all;1;0;0.0;23586
234199;all;all;1;0;0.0;24427
237382;all;all;1;0;0.0;24669
164153;all;all;1;3;0.0;18553
164162;all;all;1;0;0.0;18554
187756;none;all;1;0;0.0;20552
209197;all;none;1;0;0.0;22224
164171;none;all;1;0;0.0;18559
173828;none;all;1;0;0.0;19386
216634;all;all;1;0;0.0;23185
229052;all;all;1;0;0.0;24068
229730;all;all;1;0;0.0;24148
164298;all;none;1;1;0.0;18564
213676;all;all;1;1;0.0;22761
164303;all;none;1;1;0.0;18564
164381;all;all;1;0;0.0;18580
164428;all;none;1;3;0.0;18582
173631;all;none;1;3;0.0;19381
164434;all;all;1;1;0.0;18583
164442;all;none;1;2;0.0;18583
186639;all;all;1;2;0.0;20541
164444;all;all;1;3;0.0;18583
225028;none;all;1;3;0.0;23620
231268;all;all;1;3;0.0;24270
238339;all;none;1;3;0.0;24821
164536;all;none;1;1;0.0;18593
164599;all;all;1;0;0.0;18602
164659;all;all;1;0;0.0;18611
171841;all;all;1;0;0.0;19161
164708;all;all;1;1;0.0;18622
178972;all;all;1;1;0.0;19742
180159;all;all;1;1;0.0;19944
219798;all;all;1;1;0.0;23302
164728;none;all;1;0;0.0;18624
205061;all;all;1;0;0.0;22103
221932;all;all;1;0;0.0;23351
226447;all;all;1;0;0.0;23664
164758;none;all;1;1;0.0;18630
164767;all;none;1;2;0.0;18632
164785;all;none;1;0;0.0;18638
171710;none;all;1;0;0.0;19147
229734;all;all;1;0;0.0;24148
164794;all;all;1;2;0.0;18640
166210;all;none;1;2;0.0;18761
194109;none;none;1;2;0.0;20974
211426;none;all;1;2;0.0;22482
218298;all;all;1;2;0.0;23283
228811;all;all;1;2;0.0;24043
164801;all;all;1;0;0.0;18640
166394;all;none;1;0;0.0;18800
183763;all;all;1;0;0.0;20444
185426;all;all;1;0;0.0;20524
185524;none;all;1;0;0.0;20524
164821;all;all;1;4;0.0;18641
178240;all;all;1;4;0.0;19680
200455;all;all;1;4;0.0;21652
164861;all;none;1;1;0.0;18642
164873;none;all;1;2;0.0;18643
164954;all;all;1;2;0.0;18654
164880;all;none;1;1;0.0;18643
212296;all;all;1;1;0.0;22563
164912;none;all;1;0;0.0;18644
164961;all;all;1;2;0.0;18660
208020;all;all;1;2;0.0;22183
210968;all;all;1;2;0.0;22434
232759;all;all;1;2;0.0;24342
164965;all;all;1;0;0.0;18660
175935;all;all;1;0;0.0;19424
164995;all;all;1;1;0.0;18661
165023;none;all;1;1;0.0;18663
165139;none;none;1;1;0.0;18682
165151;none;none;1;2;0.0;18684
165153;none;none;1;1;0.0;18684
190621;all;all;1;1;0.0;20804
222601;all;all;1;1;0.0;23444
233577;none;none;1;1;0.0;24364
165174;none;none;1;2;0.0;18690
179744;none;all;1;2;0.0;19882
182920;all;all;1;2;0.0;20403
165213;none;none;1;2;0.0;18702
165236;none;none;1;2;0.0;18704
165243;none;none;1;4;0.0;18704
188545;none;none;1;4;0.0;20580
165328;none;all;1;0;0.0;18720
165342;all;none;1;3;0.0;18720
165379;all;all;1;4;0.0;18721
185164;none;all;1;4;0.0;20523
165424;all;all;1;4;0.0;18721
165428;all;none;1;2;0.0;18721
165471;all;all;1;2;0.0;18722
165587;all;all;1;3;0.0;18724
185387;all;all;1;3;0.0;20523
225265;none;all;1;3;0.0;23640
237820;all;all;1;3;0.0;24761
165595;all;all;1;0;0.0;18724
165604;all;all;1;1;0.0;18724
165661;all;all;1;1;0.0;18725
167083;all;all;1;1;0.0;18805
169779;all;all;1;1;0.0;19005
198805;all;all;1;1;0.0;21567
207182;none;all;1;1;0.0;22168
230253;none;none;1;1;0.0;24217
236029;all;all;1;1;0.0;24567
165738;all;all;1;0;0.0;18731
171105;all;all;1;0;0.0;19121
165785;all;all;1;2;0.0;18740
188576;all;all;1;2;0.0;20581
231059;all;all;1;2;0.0;24263
165830;all;all;1;0;0.0;18741
165848;all;none;1;2;0.0;18741
229661;none;all;1;2;0.0;24141
165931;all;none;1;5;0.0;18743
165932;all;all;1;0;0.0;18743
189883;all;all;1;0;0.0;20751
194041;all;all;1;0;0.0;20954
219878;all;all;1;0;0.0;23303
221610;all;all;1;0;0.0;23341
165970;all;all;1;1;0.0;18743
165973;none;all;1;2;0.0;18743
213406;all;all;1;2;0.0;22740
165990;none;all;1;0;0.0;18744
236255;none;all;1;0;0.0;24583
166042;all;all;1;0;0.0;18745
168858;all;all;1;0;0.0;18916
210895;all;none;1;0;0.0;22426
211940;all;all;1;0;0.0;22506
166102;all;all;1;3;0.0;18750
188780;all;all;1;3;0.0;20584
210762;all;all;1;3;0.0;22420
236253;all;none;1;3;0.0;24583
166111;all;all;1;4;0.0;18751
176008;all;all;1;4;0.0;19424
186653;all;all;1;4;0.0;20541
166124;all;all;1;1;0.0;18752
166135;none;all;1;2;0.0;18752
167729;none;all;1;2;0.0;18824
204203;all;all;1;2;0.0;22020
227462;all;all;1;2;0.0;23780
166188;all;all;1;0;0.0;18758
189355;none;all;1;0;0.0;20665
220512;none;none;1;0;0.0;23308
166316;all;all;1;1;0.0;18782
169098;all;all;1;1;0.0;18951
210809;all;all;1;1;0.0;22422
236465;all;all;1;1;0.0;24592
166326;all;all;1;2;0.0;18782
166337;all;all;1;0;0.0;18783
166370;all;all;1;4;0.0;18790
166437;all;all;1;1;0.0;18800
166442;all;all;1;2;0.0;18800
170399;all;none;1;2;0.0;19044
188083;all;all;1;2;0.0;20560
225687;all;all;1;2;0.0;23644
166471;all;none;1;0;0.0;18800
166493;all;all;1;3;0.0;18800
206803;all;all;1;3;0.0;22163
166510;all;all;1;2;0.0;18800
210532;none;all;1;2;0.0;22400
166520;all;all;1;5;0.0;18800
166553;all;all;1;5;0.0;18801
203847;all;all;1;5;0.0;21921
235944;none;none;1;5;0.0;24564
237686;all;all;1;5;0.0;24723
166573;all;none;1;1;0.0;18801
166592;all;all;1;2;0.0;18801
171143;all;all;1;2;0.0;19121
197843;all;all;1;2;0.0;21523
166607;all;all;1;2;0.0;18801
171112;all;none;1;2;0.0;19121
177955;all;all;1;2;0.0;19644
190554;none;all;1;2;0.0;20803
233947;all;all;1;2;0.0;24403
166712;all;all;1;1;0.0;18802
180700;all;all;1;1;0.0;20000
185047;all;all;1;1;0.0;20522
194967;all;all;1;1;0.0;21204
231778;all;none;1;1;0.0;24321
166728;all;none;1;2;0.0;18802
174852;all;all;1;2;0.0;19404
166751;none;none;1;1;0.0;18802
168552;all;none;1;1;0.0;18881
214687;all;all;1;1;0.0;23043
166785;all;all;1;2;0.0;18802
223183;none;none;1;2;0.0;23523
231957;all;none;1;2;0.0;24322
166861;all;all;1;1;0.0;18803
214987;all;all;1;1;0.0;23084
166905;none;all;1;2;0.0;18803
184891;all;all;1;2;0.0;20522
166926;all;all;1;1;0.0;18804
166933;all;all;1;0;0.0;18804
166960;all;all;1;2;0.0;18804
166990;none;all;1;0;0.0;18804
184436;all;all;1;0;0.0;20520
167001;none;all;1;2;0.0;18804
167003;none;none;1;2;0.0;18804
167035;all;all;1;2;0.0;18804
231677;none;all;1;2;0.0;24320
167066;all;none;1;0;0.0;18805
218740;all;all;1;0;0.0;23286
167351;all;all;1;1;0.0;18820
167371;all;all;1;2;0.0;18820
207684;all;none;1;2;0.0;22181
167386;all;all;1;1;0.0;18820
168008;all;all;1;1;0.0;18831
168126;none;all;1;1;0.0;18834
173618;all;all;1;1;0.0;19381
179904;all;all;1;1;0.0;19904
191057;all;all;1;1;0.0;20821
209131;all;none;1;1;0.0;22221
167399;none;all;1;2;0.0;18821
181078;all;all;1;2;0.0;20104
191531;all;all;1;2;0.0;20832
191909;none;all;1;2;0.0;20862
167410;all;all;1;2;0.0;18821
205798;all;all;1;2;0.0;22142
167414;all;all;1;2;0.0;18821
232567;none;all;1;2;0.0;24340
167420;all;all;1;1;0.0;18821
167473;all;all;1;2;0.0;18821
186933;all;all;1;2;0.0;20543
211152;all;all;1;2;0.0;22460
167486;none;all;1;3;0.0;18821
184094;all;all;1;3;0.0;20500
186961;all;all;1;3;0.0;20543
187054;all;all;1;3;0.0;20543
212064;all;all;1;3;0.0;22514
167515;all;all;1;2;0.0;18822
167547;all;none;1;3;0.0;18822
186858;none;all;1;3;0.0;20542
167566;all;all;1;0;0.0;18822
167595;all;all;1;1;0.0;18822
183317;all;all;1;1;0.0;20422
189851;all;all;1;1;0.0;20744
167607;all;all;1;2;0.0;18822
167641;none;all;1;1;0.0;18823
177772;all;all;1;1;0.0;19621
212071;none;all;1;1;0.0;22514
226350;all;all;1;1;0.0;23663
167644;all;none;1;2;0.0;18823
195839;all;all;1;2;0.0;21340
202506;none;all;1;2;0.0;21821
167650;all;all;1;2;0.0;18823
167657;all;all;1;2;0.0;18823
212385;all;all;1;2;0.0;22582
235425;all;all;1;2;0.0;24540
167733;all;all;1;3;0.0;18824
225112;all;all;1;3;0.0;23624
226760;all;all;1;3;0.0;23674
236321;all;all;1;3;0.0;24584
167756;all;none;1;2;0.0;18824
225084;all;all;1;2;0.0;23623
167776;none;all;1;2;0.0;18824
232909;all;all;1;2;0.0;24343
167936;all;all;1;0;0.0;18829
170901;all;all;1;0;0.0;19078
183525;all;all;1;0;0.0;20427
220385;all;all;1;0;0.0;23307
231224;all;all;1;0;0.0;24268
167945;none;all;1;0;0.0;18829
220345;all;all;1;0;0.0;23307
167962;all;all;1;2;0.0;18830
197355;all;all;1;2;0.0;21500
167991;all;none;1;2;0.0;18831
189333;all;all;1;2;0.0;20663
201876;all;all;1;2;0.0;21783
168040;all;none;1;1;0.0;18832
219991;all;all;1;1;0.0;23304
168059;none;none;1;3;0.0;18833
172585;none;all;1;3;0.0;19301
191260;all;all;1;3;0.0;20824
207634;all;all;1;3;0.0;22181
228611;all;all;1;3;0.0;24020
168097;all;all;1;1;0.0;18834
168118;none;all;1;2;0.0;18834
183282;all;all;1;2;0.0;20421
191117;all;all;1;2;0.0;20822
212559;all;all;1;2;0.0;22622
224447;all;all;1;2;0.0;23584
232973;all;none;1;2;0.0;24344
234132;all;all;1;2;0.0;24423
168284;none;none;1;0;0.0;18844
203245;none;none;1;0;0.0;21884
168353;none;none;1;4;0.0;18860
168369;none;none;1;0;0.0;18861
168414;none;none;1;0;0.0;18863
168491;none;none;1;2;0.0;18873
179629;all;none;1;2;0.0;19861
168507;none;none;1;0;0.0;18879
194562;none;all;1;0;0.0;21107
213829;all;all;1;0;0.0;22787
168561;none;none;1;2;0.0;18881
192422;all;all;1;2;0.0;20883
197080;none;all;1;2;0.0;21483
231491;all;all;1;2;0.0;24294
168564;all;all;1;0;0.0;18881
168616;all;all;1;2;0.0;18883
190328;none;all;1;2;0.0;20801
168637;all;all;1;2;0.0;18884
197137;all;all;1;2;0.0;21484
198542;all;all;1;2;0.0;21563
218182;none;all;1;2;0.0;23282
168639;all;all;1;2;0.0;18884
221259;all;all;1;2;0.0;23323
230672;all;all;1;2;0.0;24244
168754;all;all;1;2;0.0;18902
175760;all;all;1;2;0.0;19423
201770;all;none;1;2;0.0;21781
228285;all;all;1;2;0.0;23952
234249;none;all;1;2;0.0;24432
168757;all;none;1;0;0.0;18902
197519;all;all;1;0;0.0;21503
168781;none;all;1;0;0.0;18904
195543;none;all;1;0;0.0;21303
213433;all;all;1;0;0.0;22741
168847;all;all;1;4;0.0;18913
190923;all;all;1;4;0.0;20820
168874;all;all;1;2;0.0;18920
168926;all;all;1;2;0.0;18923
226849;all;all;1;2;0.0;23680
168957;all;none;1;1;0.0;18924
179736;all;all;1;1;0.0;19882
168980;all;all;1;2;0.0;18931
206288;all;all;1;2;0.0;22160
210660;all;all;1;2;0.0;22404
222824;all;all;1;2;0.0;23480
169001;all;all;1;1;0.0;18940
169104;all;all;1;2;0.0;18952
169106;all;all;1;1;0.0;18952
169164;all;none;1;1;0.0;18961
191686;all;all;1;1;0.0;20841
169183;all;all;1;1;0.0;18961
170279;all;all;1;1;0.0;19041
179781;all;all;1;1;0.0;19884
198122;all;none;1;1;0.0;21560
225531;all;all;1;1;0.0;23642
169285;all;none;1;1;0.0;18964
169343;all;all;1;2;0.0;18974
169353;all;none;1;0;0.0;18980
199318;all;all;1;0;0.0;21582
204728;none;all;1;0;0.0;22064
169388;all;all;1;1;0.0;18981
197702;all;all;1;1;0.0;21511
219700;none;all;1;1;0.0;23302
169401;all;all;1;0;0.0;18982
169408;all;none;1;2;0.0;18982
200807;all;all;1;2;0.0;21701
169432;all;all;1;2;0.0;18983
237285;none;all;1;2;0.0;24664
237787;all;all;1;2;0.0;24750
169474;all;all;1;0;0.0;18986
169495;all;all;1;2;0.0;18990
169500;none;all;1;1;0.0;18991
193092;all;all;1;1;0.0;20902
214527;all;all;1;1;0.0;23021
169519;all;all;1;0;0.0;18993
169577;all;all;1;1;0.0;19000
177913;all;all;1;1;0.0;19642
225685;all;all;1;1;0.0;23644
169596;all;all;1;0;0.0;19001
204304;all;all;1;0;0.0;22040
169651;all;all;1;2;0.0;19002
169818;all;all;1;0;0.0;19009
192686;all;all;1;0;0.0;20886
207036;all;all;1;0;0.0;22165
222614;all;none;1;0;0.0;23445
222625;all;none;1;0;0.0;23447
169871;none;all;1;2;0.0;19020
169901;all;all;1;2;0.0;19020
183350;all;all;1;2;0.0;20422
191324;all;none;1;2;0.0;20824
220062;all;all;1;2;0.0;23304
169926;all;all;1;2;0.0;19021
170007;all;all;1;0;0.0;19023
177264;all;all;1;0;0.0;19543
170069;all;all;1;0;0.0;19026
208269;all;all;1;0;0.0;22185
233429;all;all;1;0;0.0;24357
170106;all;all;1;4;0.0;19030
208056;all;none;1;4;0.0;22183
170114;all;all;1;1;0.0;19031
178449;all;all;1;1;0.0;19704
204650;all;none;1;1;0.0;22062
207874;all;all;1;1;0.0;22182
170199;all;all;1;1;0.0;19040
174309;all;all;1;1;0.0;19401
217769;none;all;1;1;0.0;23280
170202;all;all;1;1;0.0;19040
211370;all;all;1;1;0.0;22481
170207;all;all;1;0;0.0;19040
170297;all;none;1;1;0.0;19042
188329;all;all;1;1;0.0;20564
170326;all;all;1;2;0.0;19042
215330;all;all;1;2;0.0;23120
170333;all;all;1;0;0.0;19042
181203;all;all;1;0;0.0;20160
206544;all;all;1;0;0.0;22162
212115;all;all;1;0;0.0;22521
228908;all;all;1;0;0.0;24052
170407;all;none;1;1;0.0;19044
171262;all;none;1;1;0.0;19123
196908;all;all;1;1;0.0;21481
170416;all;all;1;1;0.0;19044
170459;all;all;1;0;0.0;19046
186240;all;all;1;0;0.0;20539
170525;all;all;1;1;0.0;19053
172118;all;all;1;1;0.0;19240
170539;all;all;1;2;0.0;19060
187271;all;all;1;2;0.0;20544
189378;all;none;1;2;0.0;20672
213984;all;all;1;2;0.0;22832
230377;none;none;1;2;0.0;24234
170556;none;all;1;3;0.0;19060
192909;all;all;1;3;0.0;20900
170584;all;all;1;0;0.0;19061
170630;all;all;1;2;0.0;19062
170663;all;all;1;2;0.0;19062
171523;none;all;1;2;0.0;19141
170687;all;all;1;4;0.0;19063
175571;all;all;1;4;0.0;19421
216798;all;all;1;4;0.0;23191
170689;none;all;1;3;0.0;19063
233787;none;none;1;3;0.0;24390
170743;all;all;1;3;0.0;19064
170900;all;all;1;0;0.0;19078
215243;all;all;1;0;0.0;23109
170911;all;all;1;0;0.0;19080
204990;all;all;1;0;0.0;22094
205463;all;all;1;0;0.0;22124
170920;all;all;1;0;0.0;19081
170930;all;all;1;0;0.0;19082
170991;all;all;1;1;0.0;19102
191255;none;all;1;1;0.0;20823
200542;all;none;1;1;0.0;21663
214205;none;all;1;1;0.0;22904
171020;all;none;1;1;0.0;19111
171028;none;all;1;3;0.0;19114
171056;all;none;1;4;0.0;19120
217653;all;all;1;4;0.0;23280
171079;all;all;1;0;0.0;19120
189192;all;all;1;0;0.0;20641
171106;all;all;1;1;0.0;19121
171135;all;none;1;2;0.0;19121
177090;all;all;1;2;0.0;19520
190339;all;all;1;2;0.0;20801
171215;all;all;1;0;0.0;19122
171226;all;all;1;1;0.0;19123
198467;all;all;1;1;0.0;21563
171313;all;all;1;2;0.0;19124
171345;all;all;1;3;0.0;19124
194927;all;all;1;3;0.0;21201
215469;all;all;1;3;0.0;23124
171389;none;all;1;1;0.0;19128
185860;all;all;1;1;0.0;20527
171414;all;all;1;0;0.0;19130
171489;none;none;1;3;0.0;19140
171518;all;all;1;0;0.0;19141
176826;all;all;1;0;0.0;19472
171572;all;all;1;2;0.0;19142
171754;all;none;1;2;0.0;19151
186953;all;all;1;2;0.0;20543
171814;all;none;1;0;0.0;19155
171970;all;all;1;2;0.0;19190
172021;all;all;1;1;0.0;19203
180371;all;all;1;1;0.0;19964
180924;all;all;1;1;0.0;20051
198154;none;all;1;1;0.0;21561
198239;all;all;1;1;0.0;21561
172079;all;all;1;1;0.0;19224
172122;none;all;1;0;0.0;19241
189952;all;all;1;0;0.0;20762
172132;all;none;1;3;0.0;19242
206882;all;none;1;3;0.0;22164
227724;all;none;1;3;0.0;23844
235967;all;all;1;3;0.0;24564
172212;all;none;1;0;0.0;19263
172237;none;all;1;2;0.0;19273
172250;all;all;1;0;0.0;19280
203083;all;none;1;0;0.0;21881
204441;all;all;1;0;0.0;22043
210356;all;all;1;0;0.0;22362
231980;all;all;1;0;0.0;24322
172324;all;all;1;1;0.0;19281
192436;all;all;1;1;0.0;20883
213216;all;all;1;1;0.0;22722
223476;all;all;1;1;0.0;23561
172344;all;none;1;1;0.0;19282
172349;all;all;1;3;0.0;19282
172392;all;all;1;1;0.0;19283
194180;all;all;1;1;0.0;21001
172580;all;all;1;4;0.0;19301
189124;all;none;1;4;0.0;20624
172594;all;all;1;0;0.0;19302
172611;all;all;1;1;0.0;19302
199368;all;all;1;1;0.0;21583
226234;all;all;1;1;0.0;23661
172649;all;all;1;0;0.0;19303
172665;all;all;1;2;0.0;19304
186694;none;all;1;2;0.0;20542
172693;all;all;1;1;0.0;19306
181181;all;all;1;1;0.0;20145
187949;none;all;1;1;0.0;20555
188832;all;all;1;1;0.0;20587
226555;all;all;1;1;0.0;23667
234209;all;all;1;1;0.0;24427
172722;all;none;1;3;0.0;19310
204225;all;none;1;3;0.0;22023
215124;all;all;1;3;0.0;23102
237753;none;all;1;3;0.0;24743
172756;all;none;1;1;0.0;19313
216388;all;all;1;1;0.0;23180
172793;all;none;1;3;0.0;19320
191717;all;all;1;3;0.0;20842
195761;all;all;1;3;0.0;21324
212624;none;all;1;3;0.0;22640
172798;all;all;1;2;0.0;19321
175191;all;all;1;2;0.0;19413
194666;none;all;1;2;0.0;21130
172804;all;all;1;1;0.0;19321
172976;none;all;1;5;0.0;19344
172984;none;all;1;3;0.0;19344
173052;all;all;1;2;0.0;19360
174524;all;none;1;2;0.0;19403
208990;all;all;1;2;0.0;22203
209671;all;all;1;2;0.0;22283
227916;all;all;1;2;0.0;23881
173141;all;none;1;0;0.0;19361
173176;none;all;1;0;0.0;19361
173183;all;all;1;2;0.0;19362
173257;all;all;1;2;0.0;19363
213028;all;all;1;2;0.0;22694
173263;none;all;1;2;0.0;19363
173270;all;all;1;0;0.0;19363
173344;all;all;1;2;0.0;19364
177415;all;all;1;2;0.0;19563
183766;all;all;1;2;0.0;20444
203149;none;all;1;2;0.0;21882
209692;none;none;1;2;0.0;22284
173402;all;all;1;2;0.0;19365
190718;all;all;1;2;0.0;20806
215569;all;all;1;2;0.0;23138
216158;all;all;1;2;0.0;23165
218735;all;none;1;2;0.0;23285
222334;all;all;1;2;0.0;23405
173425;all;all;1;0;0.0;19367
174998;none;all;1;0;0.0;19408
225834;all;all;1;0;0.0;23646
173504;all;all;1;2;0.0;19373
185297;all;all;1;2;0.0;20523
223779;all;all;1;2;0.0;23564
173610;all;all;1;1;0.0;19381
177792;all;all;1;1;0.0;19624
227145;all;all;1;1;0.0;23703
173640;all;all;1;1;0.0;19381
173749;all;all;1;2;0.0;19383
173860;all;all;1;2;0.0;19388
208343;all;all;1;2;0.0;22186
226546;all;all;1;2;0.0;23667
233153;all;none;1;2;0.0;24348
173886;all;all;1;0;0.0;19390
173893;all;all;1;2;0.0;19391
202768;all;none;1;2;0.0;21832
173949;all;all;1;4;0.0;19394
173983;all;all;1;1;0.0;19400
173994;all;all;1;2;0.0;19400
174023;all;all;1;0;0.0;19400
184426;all;all;1;0;0.0;20520
188188;all;all;1;0;0.0;20562
174053;all;all;1;1;0.0;19400
174103;all;all;1;1;0.0;19400
174110;none;all;1;0;0.0;19400
203212;all;all;1;0;0.0;21883
174111;all;all;1;0;0.0;19400
184520;all;all;1;0;0.0;20520
174185;all;all;1;2;0.0;19401
174215;all;none;1;1;0.0;19401
174220;all;all;1;3;0.0;19401
189029;all;all;1;3;0.0;20604
217948;all;all;1;3;0.0;23281
174234;all;none;1;0;0.0;19401
197090;all;all;1;0;0.0;21483
174247;all;all;1;0;0.0;19401
178609;none;all;1;0;0.0;19722
174275;all;all;1;0;0.0;19401
189416;all;all;1;0;0.0;20681
189447;all;all;1;0;0.0;20682
218462;all;all;1;0;0.0;23284
174278;all;all;1;1;0.0;19401
174300;all;all;1;4;0.0;19401
228339;all;all;1;4;0.0;23962
174349;all;all;1;2;0.0;19402
189973;none;all;1;2;0.0;20764
201607;all;all;1;2;0.0;21764
235938;all;all;1;2;0.0;24564
174360;all;all;1;1;0.0;19402
201620;all;none;1;1;0.0;21764
174362;all;all;1;2;0.0;19402
174567;all;all;1;2;0.0;19403
174367;none;all;1;2;0.0;19402
174377;all;all;1;0;0.0;19402
174396;all;all;1;4;0.0;19402
176545;all;all;1;4;0.0;19441
197872;all;none;1;4;0.0;21524
174470;all;all;1;7;0.0;19402
174473;all;all;1;2;0.0;19402
177875;all;all;1;2;0.0;19641
174500;none;all;1;1;0.0;19402
190464;all;all;1;1;0.0;20803
206938;all;all;1;1;0.0;22164
214397;all;all;1;1;0.0;23000
222533;all;all;1;1;0.0;23441
174519;all;all;1;4;0.0;19402
174543;all;all;1;2;0.0;19403
174545;none;all;1;0;0.0;19403
182735;none;all;1;0;0.0;20401
225639;all;all;1;0;0.0;23643
174555;all;all;1;1;0.0;19403
174573;all;all;1;0;0.0;19403
190576;all;all;1;0;0.0;20804
174644;all;all;1;2;0.0;19403
211005;all;all;1;2;0.0;22440
174709;all;all;1;1;0.0;19404
189457;none;all;1;1;0.0;20683
204299;none;all;1;1;0.0;22040
238062;all;all;1;1;0.0;24802
174720;all;all;1;0;0.0;19404
174725;all;all;1;1;0.0;19404
184973;all;all;1;1;0.0;20522
174818;all;all;1;0;0.0;19404
194486;all;all;1;0;0.0;21090
198427;all;all;1;0;0.0;21562
202255;all;none;1;0;0.0;21803
203266;all;none;1;0;0.0;21884
174827;all;all;1;1;0.0;19404
225320;all;all;1;1;0.0;23640
174835;all;all;1;4;0.0;19404
174928;none;all;1;0;0.0;19406
210126;all;all;1;0;0.0;22339
174940;none;all;1;0;0.0;19406
207052;all;all;1;0;0.0;22165
210058;all;all;1;0;0.0;22325
237010;all;all;1;0;0.0;24648
175159;none;all;1;1;0.0;19412
175184;none;all;1;0;0.0;19413
192271;none;all;1;0;0.0;20881
175188;all;all;1;1;0.0;19413
175199;all;all;1;1;0.0;19414
175278;none;all;1;1;0.0;19420
175296;all;all;1;1;0.0;19420
231115;none;all;1;1;0.0;24264
236249;none;none;1;1;0.0;24583
175300;all;all;1;0;0.0;19420
175329;all;all;1;1;0.0;19420
182183;none;all;1;1;0.0;20353
196554;all;all;1;1;0.0;21424
199856;all;all;1;1;0.0;21594
175373;all;none;1;1;0.0;19420
178404;all;none;1;1;0.0;19702
175375;all;all;1;2;0.0;19420
187009;all;all;1;2;0.0;20543
193296;all;all;1;2;0.0;20904
197589;all;all;1;2;0.0;21504
210308;all;all;1;2;0.0;22353
175392;none;all;1;1;0.0;19420
175410;all;none;1;0;0.0;19420
181610;all;all;1;0;0.0;20273
201276;all;all;1;0;0.0;21744
210149;none;all;1;0;0.0;22341
234632;all;all;1;0;0.0;24473
175469;none;all;1;1;0.0;19421
175497;all;all;1;1;0.0;19421
222741;all;all;1;1;0.0;23464
230032;all;none;1;1;0.0;24182
175539;all;all;1;3;0.0;19421
237125;none;none;1;3;0.0;24660
175540;all;all;1;0;0.0;19421
199285;none;all;1;0;0.0;21582
175646;all;all;1;3;0.0;19422
175654;all;all;1;0;0.0;19422
175660;all;all;1;2;0.0;19422
178195;all;all;1;2;0.0;19670
199684;all;all;1;2;0.0;21590
202548;all;all;1;2;0.0;21822
237587;all;all;1;2;0.0;24702
175683;all;none;1;2;0.0;19422
201799;all;all;1;2;0.0;21782
226664;all;all;1;2;0.0;23670
175768;all;all;1;2;0.0;19423
205898;all;all;1;2;0.0;22144
175800;all;all;1;0;0.0;19423
184154;all;all;1;0;0.0;20502
217358;all;all;1;0;0.0;23260
237918;all;all;1;0;0.0;24782
175825;all;none;1;1;0.0;19423
177826;none;all;1;1;0.0;19634
175858;all;all;1;2;0.0;19423
175868;all;all;1;0;0.0;19423
203935;all;none;1;0;0.0;21942
226772;all;all;1;0;0.0;23674
175903;none;all;1;0;0.0;19424
175943;all;all;1;2;0.0;19424
176020;all;all;1;2;0.0;19424
178395;all;none;1;2;0.0;19701
176036;all;all;1;0;0.0;19424
176039;none;all;1;2;0.0;19424
176044;all;all;1;1;0.0;19424
180130;all;all;1;1;0.0;19942
195539;all;all;1;1;0.0;21303
176049;all;all;1;1;0.0;19424
235023;all;all;1;1;0.0;24511
176057;none;all;1;1;0.0;19425
231238;all;all;1;1;0.0;24269
176107;all;all;1;0;0.0;19426
191383;none;all;1;0;0.0;20826
205155;all;all;1;0;0.0;22119
176266;all;none;1;1;0.0;19431
177777;none;all;1;1;0.0;19622
176332;none;all;1;3;0.0;19432
187033;none;all;1;3;0.0;20543
176335;all;all;1;2;0.0;19432
176369;all;none;1;4;0.0;19433
176390;all;all;1;1;0.0;19433
176446;none;all;1;2;0.0;19434
237911;all;none;1;2;0.0;24782
176471;all;all;1;0;0.0;19436
183540;all;all;1;0;0.0;20428
183685;none;all;1;0;0.0;20439
208281;all;all;1;0;0.0;22185
176530;all;all;1;1;0.0;19440
228766;all;none;1;1;0.0;24041
176542;all;all;1;0;0.0;19441
232469;none;all;1;0;0.0;24333
176763;all;all;1;2;0.0;19463
176800;all;all;1;0;0.0;19468
176817;all;all;1;0;0.0;19471
176823;none;all;1;1;0.0;19472
176837;all;all;1;0;0.0;19473
176887;none;all;1;0;0.0;19482
206524;all;none;1;0;0.0;22162
176897;all;all;1;2;0.0;19482
177015;all;all;1;4;0.0;19503
177054;none;all;1;2;0.0;19510
187088;all;all;1;2;0.0;20543
177079;all;all;1;2;0.0;19520
177124;all;none;1;4;0.0;19522
179582;all;none;1;4;0.0;19843
177137;all;all;1;2;0.0;19523
188030;all;all;1;2;0.0;20560
224021;all;all;1;2;0.0;23571
177253;all;none;1;2;0.0;19543
219730;all;all;1;2;0.0;23302
230119;none;all;1;2;0.0;24191
177321;all;all;1;0;0.0;19553
226138;all;none;1;0;0.0;23660
177426;none;all;1;3;0.0;19563
237834;all;all;1;3;0.0;24762
177494;all;all;1;1;0.0;19574
206503;all;none;1;1;0.0;22161
177497;all;all;1;1;0.0;19576
191811;none;all;1;1;0.0;20847
204523;all;none;1;1;0.0;22048
223230;all;all;1;1;0.0;23528
227070;all;all;1;1;0.0;23696
234000;all;all;1;1;0.0;24407
177645;none;all;1;0;0.0;19592
184205;all;all;1;0;0.0;20504
177694;all;all;1;2;0.0;19601
177724;all;none;1;2;0.0;19604
184333;all;all;1;2;0.0;20520
185132;all;all;1;2;0.0;20523
204295;all;none;1;2;0.0;22040
177758;all;all;1;1;0.0;19620
177763;all;all;1;3;0.0;19621
177851;all;all;1;2;0.0;19640
177871;all;all;1;1;0.0;19641
177873;all;none;1;2;0.0;19641
177923;none;all;1;2;0.0;19643
177929;all;all;1;0;0.0;19643
200007;none;none;1;0;0.0;21603
235215;all;all;1;0;0.0;24523
178057;none;all;1;2;0.0;19660
193305;all;all;1;2;0.0;20904
208706;all;all;1;2;0.0;22193
210517;all;all;1;2;0.0;22393
178159;none;all;1;3;0.0;19664
178180;all;all;1;0;0.0;19668
193360;all;all;1;0;0.0;20906
213859;all;all;1;0;0.0;22797
237948;none;all;1;0;0.0;24787
178188;all;all;1;1;0.0;19669
189136;all;all;1;1;0.0;20628
214210;none;all;1;1;0.0;22905
220225;all;all;1;1;0.0;23305
223344;all;all;1;1;0.0;23549
178214;all;all;1;1;0.0;19673
178219;all;all;1;0;0.0;19673
178226;all;all;1;1;0.0;19674
187332;all;all;1;1;0.0;20544
178233;none;all;1;0;0.0;19677
226785;all;all;1;0;0.0;23675
234579;all;all;1;0;0.0;24465
178247;all;all;1;1;0.0;19680
178299;all;all;1;2;0.0;19683
178330;all;all;1;2;0.0;19684
178393;all;all;1;0;0.0;19701
178426;all;none;1;3;0.0;19703
178447;all;all;1;0;0.0;19704
178492;all;all;1;0;0.0;19714
181153;all;all;1;0;0.0;20140
178523;all;all;1;1;0.0;19720
184846;all;all;1;1;0.0;20522
188287;all;all;1;1;0.0;20563
231431;all;all;1;1;0.0;24283
178564;all;all;1;0;0.0;19721
206340;none;all;1;0;0.0;22160
223778;all;all;1;0;0.0;23564
232119;all;all;1;0;0.0;24324
232205;all;all;1;0;0.0;24324
178570;all;all;1;0;0.0;19721
228571;none;all;1;0;0.0;24004
178581;none;all;1;1;0.0;19721
178607;all;all;1;2;0.0;19722
178691;all;none;1;0;0.0;19723
201067;all;all;1;0;0.0;21723
178694;all;all;1;1;0.0;19723
178728;none;all;1;1;0.0;19724
178731;all;all;1;1;0.0;19724
178803;all;all;1;2;0.0;19730
180040;none;all;1;2;0.0;19923
181922;all;all;1;2;0.0;20323
182990;all;all;1;2;0.0;20404
232434;none;all;1;2;0.0;24330
178840;none;all;1;0;0.0;19734
178907;none;all;1;2;0.0;19741
178925;all;all;1;2;0.0;19741
178926;all;all;1;0;0.0;19741
178930;all;all;1;2;0.0;19741
178969;all;all;1;1;0.0;19742
178992;none;all;1;2;0.0;19742
204232;all;all;1;2;0.0;22024
179076;all;all;1;4;0.0;19744
181506;none;all;1;4;0.0;20260
181612;all;all;1;4;0.0;20274
222729;all;none;1;4;0.0;23464
226217;all;all;1;4;0.0;23661
179193;none;all;1;4;0.0;19753
179204;all;all;1;2;0.0;19754
188626;all;all;1;2;0.0;20581
179226;all;all;1;0;0.0;19760
223739;all;all;1;0;0.0;23563
179232;all;all;1;3;0.0;19760
179245;all;all;1;0;0.0;19762
179276;none;all;1;1;0.0;19772
179278;all;all;1;0;0.0;19774
222085;all;all;1;0;0.0;23363
179383;all;all;1;0;0.0;19803
218060;all;all;1;0;0.0;23282
179395;all;all;1;4;0.0;19803
179396;all;all;1;0;0.0;19804
189481;none;all;1;0;0.0;20684
179460;all;none;1;2;0.0;19821
210509;all;all;1;2;0.0;22390
211148;all;all;1;2;0.0;22460
226133;all;all;1;2;0.0;23660
179577;all;all;1;0;0.0;19843
179679;all;all;1;0;0.0;19873
179709;all;all;1;0;0.0;19881
225550;none;all;1;0;0.0;23642
179714;all;all;1;0;0.0;19881
191833;all;all;1;0;0.0;20851
234757;all;all;1;0;0.0;24483
179829;none;all;1;1;0.0;19900
179837;all;all;1;3;0.0;19900
214550;all;all;1;3;0.0;23023
179862;none;all;1;2;0.0;19901
179866;all;all;1;1;0.0;19902
179877;all;all;1;3;0.0;19902
180508;all;none;1;3;0.0;19981
179927;all;all;1;0;0.0;19908
179946;all;all;1;0;0.0;19912
180016;all;all;1;2;0.0;19922
180142;none;none;1;2;0.0;19942
189103;all;none;1;2;0.0;20622
180144;all;none;1;2;0.0;19943
182030;all;all;1;2;0.0;20340
205890;all;none;1;2;0.0;22144
216480;none;all;1;2;0.0;23182
180207;all;none;1;5;0.0;19954
220604;all;all;1;5;0.0;23310
180263;all;all;1;3;0.0;19961
188242;all;all;1;3;0.0;20563
193838;all;all;1;3;0.0;20933
195293;all;all;1;3;0.0;21280
195736;all;all;1;3;0.0;21323
222263;all;all;1;3;0.0;23400
231654;all;all;1;3;0.0;24320
180272;all;none;1;0;0.0;19961
180278;none;all;1;0;0.0;19961
180307;all;all;1;2;0.0;19962
182980;all;all;1;2;0.0;20404
230422;all;all;1;2;0.0;24240
180321;all;all;1;2;0.0;19963
180343;all;all;1;2;0.0;19963
188139;all;none;1;2;0.0;20561
203998;none;all;1;2;0.0;21960
180347;all;all;1;4;0.0;19963
206679;none;all;1;4;0.0;22163
214408;all;all;1;4;0.0;23001
226875;all;all;1;4;0.0;23681
180438;all;all;1;1;0.0;19972
227644;all;all;1;1;0.0;23840
180490;all;all;1;3;0.0;19980
180545;all;all;1;1;0.0;19982
209173;all;all;1;1;0.0;22223
180665;all;all;1;0;0.0;19993
196739;none;none;1;0;0.0;21462
199732;all;all;1;0;0.0;21591
180693;all;none;1;1;0.0;20000
196312;none;all;1;1;0.0;21400
180747;all;all;1;1;0.0;20004
182947;all;all;1;1;0.0;20403
180812;none;all;1;0;0.0;20022
180843;all;all;1;2;0.0;20024
180934;all;all;1;1;0.0;20060
180945;all;all;1;0;0.0;20061
221653;all;all;1;0;0.0;23342
180953;all;all;1;3;0.0;20062
204677;none;all;1;3;0.0;22063
181008;all;all;1;2;0.0;20080
181046;all;all;1;0;0.0;20091
181068;none;all;1;2;0.0;20102
181109;all;all;1;1;0.0;20120
181111;all;all;1;2;0.0;20120
181143;all;all;1;0;0.0;20131
181165;all;all;1;0;0.0;20142
210941;all;all;1;0;0.0;22431
181265;all;all;1;2;0.0;20182
181322;all;all;1;0;0.0;20202
197046;none;none;1;0;0.0;21482
181355;all;all;1;0;0.0;20220
181386;all;all;1;0;0.0;20230
182467;all;all;1;0;0.0;20380
186962;all;all;1;0;0.0;20543
181416;none;none;1;2;0.0;20241
197836;all;none;1;2;0.0;21522
226990;none;all;1;2;0.0;23684
181452;none;all;1;1;0.0;20243
181518;all;all;1;2;0.0;20260
186733;all;all;1;2;0.0;20542
181520;all;all;1;2;0.0;20261
181589;all;all;1;0;0.0;20269
197969;all;all;1;0;0.0;21545
181603;all;all;1;1;0.0;20272
197524;all;all;1;1;0.0;21503
181651;all;all;1;1;0.0;20282
181713;all;all;1;2;0.0;20294
181884;all;all;1;1;0.0;20322
181927;all;all;1;4;0.0;20323
189657;all;all;1;4;0.0;20720
215923;all;all;1;4;0.0;23161
233851;all;all;1;4;0.0;24400
182096;none;all;1;2;0.0;20343
182151;all;all;1;0;0.0;20348
205960;all;all;1;0;0.0;22146
182159;all;all;1;2;0.0;20350
186849;all;none;1;2;0.0;20542
182171;all;all;1;2;0.0;20351
199523;none;all;1;2;0.0;21584
182294;all;all;1;0;0.0;20362
210554;all;all;1;0;0.0;22400
182320;all;all;1;3;0.0;20363
182322;all;all;1;1;0.0;20363
185407;all;all;1;1;0.0;20524
182345;all;all;1;0;0.0;20364
182350;all;all;1;2;0.0;20364
193679;all;all;1;2;0.0;20921
201429;none;all;1;2;0.0;21761
182372;all;all;1;1;0.0;20364
182466;all;all;1;0;0.0;20380
197463;all;all;1;0;0.0;21502
182471;all;all;1;1;0.0;20380
197760;all;all;1;1;0.0;21514
205920;all;all;1;1;0.0;22144
217377;all;all;1;1;0.0;23260
182527;none;all;1;0;0.0;20383
230964;all;all;1;0;0.0;24261
232631;all;all;1;0;0.0;24341
182556;all;all;1;0;0.0;20384
182679;all;all;1;1;0.0;20400
182750;all;all;1;0;0.0;20401
182815;all;all;1;0;0.0;20402
182948;all;all;1;1;0.0;20403
183037;all;all;1;0;0.0;20405
229935;all;all;1;0;0.0;24166
183161;all;all;1;0;0.0;20413
183209;all;all;1;2;0.0;20420
192898;all;all;1;2;0.0;20900
199088;all;all;1;2;0.0;21581
229378;all;none;1;2;0.0;24103
183294;all;all;1;0;0.0;20421
183303;all;all;1;0;0.0;20421
183379;none;none;1;0;0.0;20423
187299;all;all;1;0;0.0;20544
183410;all;all;1;2;0.0;20423
183428;none;all;1;0;0.0;20423
183550;all;all;1;0;0.0;20428
183635;all;all;1;1;0.0;20433
183645;none;none;1;0;0.0;20434
183653;all;all;1;2;0.0;20434
234927;all;none;1;2;0.0;24502
183715;all;all;1;0;0.0;20441
183810;all;all;1;3;0.0;20460
204814;all;none;1;3;0.0;22073
227138;none;none;1;3;0.0;23702
234255;all;all;1;3;0.0;24432
183830;all;all;1;2;0.0;20462
183909;none;all;1;0;0.0;20480
183933;all;all;1;4;0.0;20480
183936;all;all;1;2;0.0;20481
185273;none;all;1;2;0.0;20523
222569;all;all;1;2;0.0;23443
183965;none;all;1;3;0.0;20482
202158;all;all;1;3;0.0;21801
184135;all;all;1;0;0.0;20501
187280;all;all;1;0;0.0;20544
226702;all;all;1;0;0.0;23671
233005;all;all;1;0;0.0;24344
184182;all;none;1;3;0.0;20503
184195;all;all;1;0;0.0;20504
184199;all;all;1;1;0.0;20504
230926;all;none;1;1;0.0;24260
184236;none;all;1;2;0.0;20510
191045;all;all;1;2;0.0;20821
184260;all;all;1;2;0.0;20513
184262;all;all;1;0;0.0;20514
184272;all;all;1;0;0.0;20517
184287;none;all;1;0;0.0;20520
184297;all;all;1;1;0.0;20520
184305;all;all;1;3;0.0;20520
205335;all;all;1;3;0.0;22122
213273;all;none;1;3;0.0;22723
222513;all;all;1;3;0.0;23440
184466;all;all;1;2;0.0;20520
237827;all;all;1;2;0.0;24762
184481;all;all;1;0;0.0;20520
185604;all;all;1;0;0.0;20524
184494;all;all;1;1;0.0;20520
229302;none;all;1;1;0.0;24094
184500;all;all;1;0;0.0;20520
184714;all;all;1;3;0.0;20521
199980;none;none;1;3;0.0;21602
184818;all;all;1;2;0.0;20521
191650;all;all;1;2;0.0;20840
184844;all;all;1;0;0.0;20522
184848;none;all;1;0;0.0;20522
184898;all;all;1;2;0.0;20522
192350;all;all;1;2;0.0;20882
196929;all;all;1;2;0.0;21481
218521;all;all;1;2;0.0;23284
227764;all;all;1;2;0.0;23854
228151;all;none;1;2;0.0;23923
231643;none;none;1;2;0.0;24320
184965;all;all;1;2;0.0;20522
185020;all;all;1;2;0.0;20522
185041;all;all;1;0;0.0;20522
198098;all;all;1;0;0.0;21560
218404;none;all;1;0;0.0;23283
235399;all;none;1;0;0.0;24534
185064;all;all;1;1;0.0;20522
185090;all;all;1;0;0.0;20522
196627;none;none;1;0;0.0;21440
202417;all;all;1;0;0.0;21812
185165;none;all;1;1;0.0;20523
185166;none;none;1;0;0.0;20523
208932;all;all;1;0;0.0;22201
185198;all;all;1;2;0.0;20523
188135;none;none;1;2;0.0;20561
215911;all;all;1;2;0.0;23161
185201;none;all;1;0;0.0;20523
217262;all;all;1;0;0.0;23244
185385;all;all;1;0;0.0;20523
229143;all;all;1;0;0.0;24081
185555;none;all;1;1;0.0;20524
189228;all;all;1;1;0.0;20643
206489;all;all;1;1;0.0;22161
214248;all;all;1;1;0.0;22923
225537;none;all;1;1;0.0;23642
185571;all;all;1;1;0.0;20524
196940;all;all;1;1;0.0;21481
231759;all;none;1;1;0.0;24321
185579;all;all;1;0;0.0;20524
185585;all;all;1;3;0.0;20524
185592;all;all;1;2;0.0;20524
185622;all;all;1;1;0.0;20524
225653;all;all;1;1;0.0;23643
185679;all;all;1;1;0.0;20525
219229;none;all;1;1;0.0;23295
235987;all;none;1;1;0.0;24565
186008;none;all;1;0;0.0;20530
186193;all;all;1;0;0.0;20534
213164;none;all;1;0;0.0;22720
186035;all;all;1;2;0.0;20530
231800;all;all;1;2;0.0;24321
238090;all;none;1;2;0.0;24802
186058;all;all;1;1;0.0;20531
212941;all;all;1;1;0.0;22682
186103;all;all;1;1;0.0;20532
186127;none;all;1;2;0.0;20533
186181;all;all;1;0;0.0;20534
186299;none;all;1;0;0.0;20540
208714;none;all;1;0;0.0;22193
219632;all;all;1;0;0.0;23301
186330;all;all;1;0;0.0;20540
195473;all;all;1;0;0.0;21300
186357;none;none;1;1;0.0;20540
186376;all;all;1;2;0.0;20540
186431;all;all;1;1;0.0;20540
202786;all;all;1;1;0.0;21833
210944;all;all;1;1;0.0;22431
186515;all;all;1;2;0.0;20541
186517;none;all;1;2;0.0;20541
236609;none;all;1;2;0.0;24620
186619;all;all;1;1;0.0;20541
186702;all;all;1;3;0.0;20542
220708;none;all;1;3;0.0;23311
186756;all;all;1;1;0.0;20542
197469;all;all;1;1;0.0;21502
207810;none;none;1;1;0.0;22182
186800;all;all;1;1;0.0;20542
186825;none;all;1;1;0.0;20542
187036;none;all;1;1;0.0;20543
186831;all;all;1;2;0.0;20542
186911;all;all;1;2;0.0;20543
226220;all;none;1;2;0.0;23661
186934;all;all;1;1;0.0;20543
188939;all;all;1;1;0.0;20594
187073;all;all;1;1;0.0;20543
187096;all;all;1;0;0.0;20543
187212;all;all;1;0;0.0;20544
207924;all;all;1;0;0.0;22183
233797;none;none;1;0;0.0;24392
187328;none;all;1;3;0.0;20544
187498;all;all;1;0;0.0;20548
187557;all;all;1;0;0.0;20549
226571;all;all;1;0;0.0;23667
187651;all;all;1;1;0.0;20550
187724;all;all;1;3;0.0;20551
191087;none;all;1;3;0.0;20822
191961;all;all;1;3;0.0;20864
193042;all;none;1;3;0.0;20901
219479;all;all;1;3;0.0;23301
224422;all;all;1;3;0.0;23584
225038;all;all;1;3;0.0;23620
187773;all;all;1;2;0.0;20552
214549;all;all;1;2;0.0;23023
187804;all;all;1;1;0.0;20553
227464;all;all;1;1;0.0;23780
232765;none;all;1;1;0.0;24342
187938;all;all;1;1;0.0;20554
199691;all;all;1;1;0.0;21590
188138;all;all;1;0;0.0;20561
188147;all;all;1;0;0.0;20561
188336;all;none;1;2;0.0;20564
188491;all;all;1;1;0.0;20573
188492;all;all;1;3;0.0;20573
192445;all;all;1;3;0.0;20883
225593;all;all;1;3;0.0;23643
188524;all;all;1;1;0.0;20580
188530;all;all;1;0;0.0;20580
188555;all;all;1;2;0.0;20580
236443;all;all;1;2;0.0;24591
188611;all;all;1;4;0.0;20581
219286;all;all;1;4;0.0;23300
188621;all;all;1;2;0.0;20581
188660;all;all;1;2;0.0;20582
188807;all;none;1;1;0.0;20586
188822;all;all;1;1;0.0;20587
220411;all;all;1;1;0.0;23307
223088;all;all;1;1;0.0;23509
224778;all;all;1;1;0.0;23596
225151;all;all;1;1;0.0;23627
188833;none;all;1;0;0.0;20588
188872;all;all;1;2;0.0;20590
188904;all;all;1;0;0.0;20592
188936;all;all;1;1;0.0;20594
188984;all;all;1;1;0.0;20601
189113;all;all;1;2;0.0;20623
189283;all;all;1;0;0.0;20657
189298;all;all;1;2;0.0;20661
189315;all;all;1;2;0.0;20662
189386;all;none;1;0;0.0;20674
189589;none;all;1;3;0.0;20704
233674;none;none;1;3;0.0;24381
189630;all;all;1;2;0.0;20712
189632;all;all;1;2;0.0;20712
229753;all;all;1;2;0.0;24152
231301;all;all;1;2;0.0;24272
189641;all;all;1;3;0.0;20714
189708;none;all;1;1;0.0;20723
189713;all;all;1;2;0.0;20723
211444;none;all;1;2;0.0;22482
189735;all;all;1;2;0.0;20724
189829;all;all;1;0;0.0;20743
233662;none;none;1;0;0.0;24380
189911;all;all;1;4;0.0;20760
189927;all;all;1;2;0.0;20761
194933;all;all;1;2;0.0;21201
196344;all;all;1;2;0.0;21402
189969;all;all;1;0;0.0;20763
190153;none;all;1;0;0.0;20800
211345;all;none;1;0;0.0;22480
190236;all;all;1;1;0.0;20800
192451;all;all;1;1;0.0;20883
233479;none;none;1;1;0.0;24360
190312;all;all;1;1;0.0;20801
190400;all;all;1;1;0.0;20802
190484;all;all;1;1;0.0;20803
190492;all;none;1;2;0.0;20803
225280;all;all;1;2;0.0;23640
190518;all;all;1;1;0.0;20803
207292;all;all;1;1;0.0;22171
190590;all;all;1;1;0.0;20804
190603;none;all;1;2;0.0;20804
190605;all;all;1;2;0.0;20804
221163;all;all;1;2;0.0;23322
190615;all;all;1;0;0.0;20804
190801;all;none;1;0;0.0;20809
207029;all;all;1;0;0.0;22165
225857;all;all;1;0;0.0;23646
190948;all;all;1;5;0.0;20820
190951;all;all;1;2;0.0;20820
200865;all;none;1;2;0.0;21704
209481;all;all;1;2;0.0;22261
190957;all;all;1;1;0.0;20820
191003;all;none;1;0;0.0;20821
191042;all;all;1;2;0.0;20821
191047;none;all;1;0;0.0;20821
191059;all;all;1;0;0.0;20821
191097;all;all;1;1;0.0;20822
191127;none;all;1;0;0.0;20822
191144;all;all;1;2;0.0;20822
208633;all;all;1;2;0.0;22191
228455;all;none;1;2;0.0;23984
191153;none;all;1;3;0.0;20822
191189;all;all;1;3;0.0;20823
191337;all;all;1;2;0.0;20824
191351;all;all;1;0;0.0;20825
220470;all;all;1;0;0.0;23308
191353;all;all;1;0;0.0;20825
191373;none;all;1;2;0.0;20826
193349;none;all;1;2;0.0;20905
191407;all;all;1;2;0.0;20828
231235;all;all;1;2;0.0;24269
235584;none;all;1;2;0.0;24545
191508;all;all;1;0;0.0;20832
199329;all;none;1;0;0.0;21583
191516;all;all;1;2;0.0;20832
214779;all;all;1;2;0.0;23063
191561;all;all;1;0;0.0;20833
191732;all;all;1;2;0.0;20843
215927;all;none;1;2;0.0;23161
191762;all;all;1;2;0.0;20844
192521;all;all;1;2;0.0;20883
191931;none;all;1;1;0.0;20863
191940;all;all;1;0;0.0;20863
199801;all;all;1;0;0.0;21593
191964;none;all;1;0;0.0;20864
191992;all;all;1;0;0.0;20867
205968;all;all;1;0;0.0;22146
215706;all;all;1;0;0.0;23147
192096;all;all;1;0;0.0;20880
192241;all;all;1;0;0.0;20881
235797;all;none;1;0;0.0;24561
192262;all;all;1;0;0.0;20881
221153;all;all;1;0;0.0;23321
192402;all;all;1;1;0.0;20882
194594;all;all;1;1;0.0;21120
203850;none;all;1;1;0.0;21922
225527;none;none;1;1;0.0;23642
192434;all;all;1;1;0.0;20883
192457;all;none;1;1;0.0;20883
192598;all;all;1;2;0.0;20884
193822;all;all;1;2;0.0;20930
217911;all;all;1;2;0.0;23281
192633;all;all;1;0;0.0;20884
192638;all;all;1;0;0.0;20884
192974;all;all;1;6;0.0;20900
219888;all;all;1;6;0.0;23303
227102;all;all;1;6;0.0;23701
193009;all;none;1;2;0.0;20901
193162;all;all;1;2;0.0;20903
230006;all;all;1;2;0.0;24181
193163;all;all;1;1;0.0;20903
193177;all;all;1;1;0.0;20903
205693;all;all;1;1;0.0;22140
217059;all;all;1;1;0.0;23223
193210;all;none;1;6;0.0;20903
193242;all;all;1;0;0.0;20903
193245;all;all;1;0;0.0;20903
193320;none;all;1;4;0.0;20904
207875;all;all;1;4;0.0;22182
193333;all;none;1;0;0.0;20904
199313;all;all;1;0;0.0;21582
214834;all;all;1;0;0.0;23074
193335;all;all;1;2;0.0;20904
193352;all;all;1;0;0.0;20905
229111;all;all;1;0;0.0;24078
193377;all;none;1;0;0.0;20906
193436;all;all;1;0;0.0;20909
201958;all;none;1;0;0.0;21789
213556;all;all;1;0;0.0;22746
236338;all;none;1;0;0.0;24585
193496;all;all;1;2;0.0;20911
193514;none;all;1;2;0.0;20912
193537;all;all;1;1;0.0;20913
193631;all;all;1;1;0.0;20920
215922;all;all;1;1;0.0;23161
193680;all;all;1;2;0.0;20921
199941;none;none;1;2;0.0;21601
212510;all;all;1;2;0.0;22604
193689;all;none;1;0;0.0;20921
228365;all;all;1;0;0.0;23964
193750;all;all;1;2;0.0;20923
193811;all;all;1;1;0.0;20928
193950;all;all;1;1;0.0;20944
197446;all;all;1;1;0.0;21501
213466;none;all;1;1;0.0;22742
228651;all;all;1;1;0.0;24023
193985;all;all;1;0;0.0;20947
197652;all;all;1;0;0.0;21507
194070;all;all;1;2;0.0;20962
194073;all;all;1;2;0.0;20962
198473;all;all;1;2;0.0;21563
206377;all;all;1;2;0.0;22161
194089;all;all;1;1;0.0;20964
194122;all;all;1;4;0.0;20981
213773;all;all;1;4;0.0;22781
194164;all;all;1;1;0.0;20994
194228;all;all;1;0;0.0;21021
227085;all;all;1;0;0.0;23700
194252;all;all;1;2;0.0;21025
201941;all;all;1;2;0.0;21787
209596;all;all;1;2;0.0;22277
194289;all;all;1;3;0.0;21041
194422;all;all;1;1;0.0;21081
221242;none;all;1;1;0.0;23323
194463;all;all;1;4;0.0;21084
194512;all;all;1;3;0.0;21101
194576;all;all;1;1;0.0;21112
194595;all;all;1;2;0.0;21120
194619;all;all;1;0;0.0;21122
217607;all;all;1;0;0.0;23280
194682;all;all;1;4;0.0;21140
194701;none;all;1;0;0.0;21142
194703;all;all;1;1;0.0;21142
194756;none;all;1;0;0.0;21160
225597;all;all;1;0;0.0;23643
194779;all;all;1;3;0.0;21162
216116;none;all;1;3;0.0;23164
194851;all;none;1;2;0.0;21182
194863;all;all;1;1;0.0;21183
194918;all;all;1;2;0.0;21200
207309;all;all;1;2;0.0;22171
194972;all;all;1;4;0.0;21204
194983;none;all;1;0;0.0;21207
195017;none;all;1;2;0.0;21221
195020;none;all;1;3;0.0;21221
195057;all;all;1;2;0.0;21224
195104;none;all;1;2;0.0;21240
206956;none;all;1;2;0.0;22164
195118;all;all;1;0;0.0;21241
195276;all;all;1;1;0.0;21280
195299;all;none;1;0;0.0;21281
195336;all;all;1;0;0.0;21282
195439;none;all;1;0;0.0;21290
195454;all;all;1;1;0.0;21293
223378;none;all;1;1;0.0;23560
195481;all;none;1;1;0.0;21300
213408;none;all;1;1;0.0;22740
232679;all;all;1;1;0.0;24341
195484;all;all;1;1;0.0;21301
219366;all;all;1;1;0.0;23300
195493;all;all;1;3;0.0;21301
195504;all;all;1;0;0.0;21302
199061;all;all;1;0;0.0;21580
229699;all;all;1;0;0.0;24144
195596;all;all;1;2;0.0;21310
195615;all;all;1;2;0.0;21314
195638;all;all;1;0;0.0;21320
195671;all;all;1;1;0.0;21321
195707;all;all;1;0;0.0;21322
212948;all;all;1;0;0.0;22682
195752;all;all;1;4;0.0;21324
195774;none;all;1;2;0.0;21324
197840;all;all;1;2;0.0;21522
195877;all;all;1;0;0.0;21341
195969;all;all;1;0;0.0;21347
220451;none;all;1;0;0.0;23308
224605;all;all;1;0;0.0;23589
196029;all;all;1;0;0.0;21358
227376;all;all;1;0;0.0;23749
196040;all;all;1;2;0.0;21360
218194;all;all;1;2;0.0;23282
196149;all;none;1;2;0.0;21372
206302;none;all;1;2;0.0;22160
217917;all;all;1;2;0.0;23281
196151;none;all;1;0;0.0;21373
237856;all;all;1;0;0.0;24764
196186;all;all;1;2;0.0;21381
196238;all;all;1;2;0.0;21385
201930;all;all;1;2;0.0;21785
216757;all;all;1;2;0.0;23189
230334;none;none;1;2;0.0;24226
238521;all;all;1;2;0.0;24829
196285;all;all;1;2;0.0;21400
196314;all;all;1;0;0.0;21401
196316;all;all;1;2;0.0;21401
196320;all;all;1;0;0.0;21401
196341;none;all;1;1;0.0;21402
196369;all;all;1;0;0.0;21403
204986;all;all;1;0;0.0;22093
196485;all;all;1;1;0.0;21420
196495;all;all;1;0;0.0;21421
196510;all;all;1;0;0.0;21422
196533;all;all;1;3;0.0;21423
217379;all;all;1;3;0.0;23261
196684;none;none;1;3;0.0;21444
202318;all;none;1;3;0.0;21804
204979;all;none;1;3;0.0;22091
196721;none;none;1;5;0.0;21461
196743;none;none;1;3;0.0;21462
219610;all;all;1;3;0.0;23301
196755;none;none;1;2;0.0;21463
224717;all;all;1;2;0.0;23593
196798;none;none;1;1;0.0;21471
196874;all;all;1;2;0.0;21480
196964;all;all;1;2;0.0;21481
197053;all;all;1;2;0.0;21482
197074;none;all;1;2;0.0;21483
197104;all;all;1;2;0.0;21483
212704;all;all;1;2;0.0;22644
225300;all;all;1;2;0.0;23640
197148;all;all;1;0;0.0;21484
197273;all;all;1;0;0.0;21489
210070;all;all;1;0;0.0;22326
197295;all;all;1;3;0.0;21491
197363;none;all;1;4;0.0;21500
197435;all;none;1;1;0.0;21501
197471;all;all;1;0;0.0;21502
203916;all;all;1;0;0.0;21940
230360;none;none;1;0;0.0;24231
197485;all;all;1;0;0.0;21502
219526;all;none;1;0;0.0;23301
197537;all;all;1;2;0.0;21503
197678;all;all;1;3;0.0;21509
197710;all;all;1;2;0.0;21511
210768;all;all;1;2;0.0;22420
197751;all;all;1;0;0.0;21513
197817;all;none;1;1;0.0;21521
197888;all;all;1;3;0.0;21529
198008;all;all;1;3;0.0;21556
198019;none;none;1;0;0.0;21560
200414;all;all;1;0;0.0;21644
205223;all;all;1;0;0.0;22121
235887;all;none;1;0;0.0;24563
198038;none;all;1;2;0.0;21560
198178;all;all;1;0;0.0;21561
204860;all;all;1;0;0.0;22080
198575;all;all;1;2;0.0;21563
206897;all;all;1;2;0.0;22164
198579;all;all;1;0;0.0;21563
198592;all;all;1;2;0.0;21564
198610;none;all;1;4;0.0;21564
218215;all;all;1;4;0.0;23282
198622;all;all;1;0;0.0;21564
198695;all;all;1;0;0.0;21564
198936;all;all;1;0;0.0;21574
198980;all;none;1;1;0.0;21580
211781;none;all;1;1;0.0;22501
199006;all;none;1;2;0.0;21580
231123;none;all;1;2;0.0;24264
199026;all;all;1;2;0.0;21580
199076;all;all;1;2;0.0;21580
219419;all;all;1;2;0.0;23300
226143;all;all;1;2;0.0;23660
199161;all;none;1;1;0.0;21581
210840;all;all;1;1;0.0;22423
230954;all;all;1;1;0.0;24260
199278;all;all;1;0;0.0;21582
199283;all;all;1;1;0.0;21582
199363;none;all;1;1;0.0;21583
199441;none;none;1;1;0.0;21583
199469;all;none;1;0;0.0;21584
199474;none;all;1;1;0.0;21584
199799;all;all;1;1;0.0;21593
199509;all;none;1;1;0.0;21584
231050;all;all;1;1;0.0;24262
199605;all;all;1;0;0.0;21586
216727;all;all;1;0;0.0;23188
199654;all;none;1;0;0.0;21589
214103;all;all;1;0;0.0;22869
199687;all;none;1;1;0.0;21590
217388;none;all;1;1;0.0;23261
220844;all;all;1;1;0.0;23314
232692;all;all;1;1;0.0;24341
199698;all;all;1;2;0.0;21590
199710;all;none;1;0;0.0;21590
199723;all;all;1;2;0.0;21591
199727;all;all;1;3;0.0;21591
199739;all;all;1;0;0.0;21591
204826;all;all;1;0;0.0;22074
213768;none;all;1;0;0.0;22780
216835;all;all;1;0;0.0;23194
199763;all;all;1;2;0.0;21592
199819;all;all;1;0;0.0;21593
200020;none;none;1;2;0.0;21603
200087;none;none;1;2;0.0;21612
217838;all;none;1;2;0.0;23281
229191;none;all;1;2;0.0;24082
235168;all;all;1;2;0.0;24522
200102;none;none;1;0;0.0;21620
200177;none;none;1;2;0.0;21623
200226;none;none;1;0;0.0;21628
200310;all;all;1;0;0.0;21641
200311;all;none;1;0;0.0;21641
200378;all;all;1;0;0.0;21643
237993;all;all;1;0;0.0;24800
200407;all;all;1;2;0.0;21644
200457;all;all;1;0;0.0;21652
200473;all;all;1;3;0.0;21660
231075;none;all;1;3;0.0;24263
200522;all;all;1;1;0.0;21662
200539;all;none;1;2;0.0;21663
200584;none;all;1;1;0.0;21664
200700;all;all;1;2;0.0;21682
200809;all;all;1;1;0.0;21701
226390;all;all;1;1;0.0;23663
200837;all;none;1;0;0.0;21703
200908;all;all;1;0;0.0;21713
200987;all;all;1;3;0.0;21721
201008;all;none;1;2;0.0;21722
201044;all;none;1;0;0.0;21723
201099;all;all;1;2;0.0;21724
206202;all;all;1;2;0.0;22160
221146;all;all;1;2;0.0;23321
201237;none;all;1;4;0.0;21742
201242;all;none;1;2;0.0;21743
201289;all;all;1;0;0.0;21744
201313;all;all;1;0;0.0;21750
201319;all;all;1;1;0.0;21750
201377;all;all;1;2;0.0;21760
201385;all;none;1;2;0.0;21760
201403;all;all;1;2;0.0;21760
201563;all;none;1;2;0.0;21763
201564;all;all;1;2;0.0;21763
229807;all;all;1;2;0.0;24160
201578;all;all;1;2;0.0;21764
201613;all;all;1;2;0.0;21764
235879;all;all;1;2;0.0;24563
201693;all;all;1;2;0.0;21773
224830;none;all;1;2;0.0;23600
201818;all;all;1;1;0.0;21782
219472;all;all;1;1;0.0;23301
201831;all;all;1;2;0.0;21782
201966;all;all;1;2;0.0;21790
202067;all;all;1;1;0.0;21800
202154;none;all;1;0;0.0;21801
202163;all;all;1;2;0.0;21801
202231;all;all;1;1;0.0;21803
211052;all;all;1;1;0.0;22443
202543;all;all;1;0;0.0;21822
202673;all;all;1;2;0.0;21824
210309;all;none;1;2;0.0;22353
224362;all;all;1;2;0.0;23583
202766;all;none;1;3;0.0;21831
214761;all;all;1;3;0.0;23061
202839;all;all;1;0;0.0;21840
203040;all;all;1;0;0.0;21881
202867;all;all;1;0;0.0;21843
202868;all;all;1;1;0.0;21843
211686;all;all;1;1;0.0;22493
203024;all;all;1;1;0.0;21880
203030;all;none;1;2;0.0;21880
203108;all;all;1;3;0.0;21882
209072;all;all;1;3;0.0;22210
209640;all;all;1;3;0.0;22281
212142;all;all;1;3;0.0;22524
203151;all;all;1;0;0.0;21882
203230;all;all;1;3;0.0;21883
203491;all;none;1;1;0.0;21901
224670;all;none;1;1;0.0;23591
237914;all;none;1;1;0.0;24782
203517;all;all;1;0;0.0;21901
203526;all;all;1;0;0.0;21901
203562;none;all;1;2;0.0;21902
203573;none;all;1;2;0.0;21902
203575;all;all;1;2;0.0;21902
203620;all;none;1;4;0.0;21903
203662;all;none;1;2;0.0;21904
237137;all;all;1;2;0.0;24661
203690;all;all;1;0;0.0;21906
203864;all;none;1;3;0.0;21923
203912;all;all;1;0;0.0;21940
203927;all;all;1;1;0.0;21941
204033;all;all;1;0;0.0;21964
215984;all;all;1;0;0.0;23162
204084;all;all;1;0;0.0;21983
231148;all;all;1;0;0.0;24264
204107;all;all;1;1;0.0;21991
204200;all;all;1;1;0.0;22020
237795;all;all;1;1;0.0;24754
204246;all;all;1;0;0.0;22028
204391;all;all;1;2;0.0;22042
204424;all;all;1;1;0.0;22043
204432;all;all;1;0;0.0;22043
231771;all;all;1;0;0.0;24321
204564;none;none;1;2;0.0;22054
204610;all;all;1;1;0.0;22061
204693;all;all;1;1;0.0;22063
219365;all;all;1;1;0.0;23300
204720;all;all;1;1;0.0;22064
204751;all;all;1;0;0.0;22066
208379;all;all;1;0;0.0;22187
204900;all;all;1;4;0.0;22082
236680;all;all;1;4;0.0;24640
204927;all;all;1;2;0.0;22084
205120;none;all;1;0;0.0;22110
205201;all;all;1;4;0.0;22120
205337;all;all;1;0;0.0;22122
205380;all;all;1;1;0.0;22123
205393;all;all;1;2;0.0;22123
205446;all;none;1;1;0.0;22124
205460;all;all;1;2;0.0;22124
205474;all;all;1;2;0.0;22124
205605;all;all;1;2;0.0;22132
206762;all;none;1;2;0.0;22163
205656;all;none;1;0;0.0;22139
205664;all;all;1;3;0.0;22140
205755;all;none;1;2;0.0;22141
205855;all;none;1;3;0.0;22143
205925;all;all;1;5;0.0;22144
226100;all;all;1;5;0.0;23660
205977;all;all;1;2;0.0;22146
206038;none;all;1;2;0.0;22149
208840;all;none;1;2;0.0;22197
206003;all;all;1;1;0.0;22148
206133;none;none;1;4;0.0;22154
209832;all;none;1;4;0.0;22303
206153;all;all;1;0;0.0;22156
224582;all;all;1;0;0.0;23588
206230;all;all;1;0;0.0;22160
234707;all;all;1;0;0.0;24481
206263;all;all;1;0;0.0;22160
206273;all;all;1;4;0.0;22160
206305;all;all;1;0;0.0;22160
206309;all;all;1;3;0.0;22160
225590;all;all;1;3;0.0;23643
206395;all;all;1;3;0.0;22161
206497;all;all;1;3;0.0;22161
206565;all;all;1;1;0.0;22162
206657;all;all;1;0;0.0;22162
206829;all;all;1;3;0.0;22163
223535;all;all;1;3;0.0;23561
206907;none;all;1;3;0.0;22164
206955;all;all;1;2;0.0;22164
237677;all;all;1;2;0.0;24723
207172;all;all;1;0;0.0;22168
224969;all;all;1;0;0.0;23607
207522;all;all;1;2;0.0;22180
235460;all;all;1;2;0.0;24541
237279;none;all;1;2;0.0;24664
207552;none;all;1;0;0.0;22180
207573;all;all;1;0;0.0;22180
234507;all;all;1;0;0.0;24461
207643;all;all;1;1;0.0;22181
207716;all;all;1;2;0.0;22181
221721;all;all;1;2;0.0;23343
207752;all;all;1;2;0.0;22181
207799;all;all;1;2;0.0;22182
207808;none;all;1;1;0.0;22182
207935;all;all;1;0;0.0;22183
207941;none;all;1;0;0.0;22183
207967;all;all;1;3;0.0;22183
222703;all;all;1;3;0.0;23462
226771;all;none;1;3;0.0;23674
208073;all;none;1;0;0.0;22184
227784;all;all;1;0;0.0;23861
208087;all;all;1;2;0.0;22184
208121;all;none;1;1;0.0;22184
208122;all;all;1;2;0.0;22184
208142;none;none;1;0;0.0;22184
208318;all;all;1;0;0.0;22186
209592;all;all;1;0;0.0;22275
208427;all;none;1;1;0.0;22188
208618;all;all;1;3;0.0;22191
208733;all;all;1;2;0.0;22193
208751;all;all;1;1;0.0;22194
209023;all;all;1;2;0.0;22204
209329;all;all;1;2;0.0;22241
209071;all;all;1;2;0.0;22210
209109;none;all;1;1;0.0;22220
209140;all;none;1;1;0.0;22221
219575;all;all;1;1;0.0;23301
229679;none;all;1;1;0.0;24143
209275;all;all;1;2;0.0;22233
209319;all;all;1;2;0.0;22240
209440;all;all;1;0;0.0;22253
209524;all;all;1;0;0.0;22264
216790;all;all;1;0;0.0;23191
209566;all;all;1;0;0.0;22270
209615;all;all;1;3;0.0;22280
209664;all;all;1;0;0.0;22282
209677;none;all;1;0;0.0;22283
212514;all;all;1;0;0.0;22604
209682;all;all;1;4;0.0;22283
209773;none;all;1;3;0.0;22300
209826;all;all;1;3;0.0;22303
215274;none;all;1;3;0.0;23113
237761;none;all;1;3;0.0;24744
209799;all;all;1;2;0.0;22301
209820;all;all;1;2;0.0;22303
209841;all;all;1;2;0.0;22304
226153;none;all;1;2;0.0;23660
238292;all;none;1;2;0.0;24820
209889;all;all;1;0;0.0;22311
209903;all;all;1;4;0.0;22314
209943;all;all;1;2;0.0;22320
231772;all;all;1;2;0.0;24321
209968;all;all;1;2;0.0;22321
210004;all;all;1;1;0.0;22323
210012;all;all;1;2;0.0;22323
210033;all;all;1;1;0.0;22324
210171;all;all;1;2;0.0;22342
210303;all;all;1;1;0.0;22353
214357;all;all;1;1;0.0;22980
210374;all;all;1;0;0.0;22363
210444;all;all;1;2;0.0;22381
210478;all;all;1;1;0.0;22384
222789;all;all;1;1;0.0;23472
210501;none;all;1;1;0.0;22388
210503;all;all;1;0;0.0;22389
210518;all;all;1;2;0.0;22393
210520;all;all;1;3;0.0;22393
210586;all;all;1;0;0.0;22401
210723;all;all;1;3;0.0;22410
210733;none;all;1;2;0.0;22412
210739;all;all;1;0;0.0;22413
210755;all;all;1;1;0.0;22420
210781;all;all;1;1;0.0;22421
210827;all;none;1;1;0.0;22422
210830;all;all;1;2;0.0;22423
210860;all;all;1;2;0.0;22424
210870;all;all;1;3;0.0;22424
233807;none;none;1;3;0.0;24393
210929;all;all;1;1;0.0;22429
210979;none;all;1;0;0.0;22438
211132;all;all;1;0;0.0;22454
211150;all;none;1;0;0.0;22460
211234;all;all;1;1;0.0;22465
214231;all;all;1;1;0.0;22915
211295;all;all;1;2;0.0;22473
211297;none;none;1;1;0.0;22474
211302;all;none;1;2;0.0;22474
236620;all;none;1;2;0.0;24622
211435;all;all;1;0;0.0;22482
211436;all;all;1;1;0.0;22482
211473;all;all;1;1;0.0;22483
211502;none;all;1;0;0.0;22483
211550;none;all;1;0;0.0;22484
211557;all;all;1;3;0.0;22484
211811;none;all;1;0;0.0;22502
211840;all;all;1;2;0.0;22502
235438;none;none;1;2;0.0;24540
212060;none;none;1;0;0.0;22513
212237;all;all;1;1;0.0;22560
212262;all;all;1;0;0.0;22561
212317;all;all;1;0;0.0;22565
212335;none;all;1;1;0.0;22568
224963;none;all;1;1;0.0;23606
212346;all;all;1;1;0.0;22571
212397;none;all;1;4;0.0;22583
212459;all;all;1;0;0.0;22594
212556;none;all;1;1;0.0;22621
212600;all;all;1;5;0.0;22630
212644;all;all;1;2;0.0;22641
212647;none;all;1;2;0.0;22641
212757;all;all;1;2;0.0;22656
212795;all;all;1;2;0.0;22662
212811;all;all;1;1;0.0;22663
212813;all;none;1;0;0.0;22663
212841;none;all;1;0;0.0;22666
237352;all;all;1;0;0.0;24667
212907;all;all;1;2;0.0;22680
212981;all;all;1;4;0.0;22684
214495;none;all;1;4;0.0;23011
213014;all;all;1;0;0.0;22689
218947;all;all;1;0;0.0;23288
213041;all;all;1;0;0.0;22700
213061;all;all;1;3;0.0;22702
213172;all;all;1;0;0.0;22720
213214;all;all;1;3;0.0;22721
213284;all;all;1;0;0.0;22724
236771;all;all;1;0;0.0;24641
213369;all;all;1;2;0.0;22730
213431;all;all;1;0;0.0;22741
213464;all;none;1;2;0.0;22742
213672;all;all;1;0;0.0;22761
213692;all;all;1;2;0.0;22762
213821;all;all;1;0;0.0;22786
229486;all;all;1;0;0.0;24115
213925;none;all;1;1;0.0;22810
214138;all;all;1;2;0.0;22882
214151;none;all;1;0;0.0;22884
214196;none;all;1;1;0.0;22903
214266;all;all;1;1;0.0;22934
230542;all;all;1;1;0.0;24242
214268;none;all;1;0;0.0;22940
214289;all;all;1;0;0.0;22945
214320;all;all;1;0;0.0;22962
218223;all;all;1;0;0.0;23283
214355;none;all;1;0;0.0;22980
214456;none;all;1;2;0.0;23004
214623;all;all;1;2;0.0;23034
214657;all;all;1;1;0.0;23041
214659;all;all;1;3;0.0;23041
214702;all;all;1;0;0.0;23044
214729;all;all;1;1;0.0;23051
217599;none;all;1;1;0.0;23280
215111;all;all;1;2;0.0;23101
215115;all;all;1;0;0.0;23101
215234;all;all;1;2;0.0;23109
215421;all;all;1;2;0.0;23123
215464;all;all;1;2;0.0;23124
229247;all;all;1;2;0.0;24084
215639;all;all;1;3;0.0;23143
233363;all;none;1;3;0.0;24353
215690;none;all;1;0;0.0;23145
215789;all;none;1;0;0.0;23159
216037;all;all;1;3;0.0;23163
216047;all;none;1;2;0.0;23163
216062;all;all;1;1;0.0;23163
216080;all;all;1;2;0.0;23163
216134;none;all;1;0;0.0;23164
216136;all;all;1;0;0.0;23164
216473;all;none;1;3;0.0;23182
216509;all;all;1;3;0.0;23182
216511;all;all;1;0;0.0;23182
216674;all;none;1;0;0.0;23186
216829;all;all;1;3;0.0;23193
216906;none;all;1;0;0.0;23200
216922;all;all;1;1;0.0;23201
217236;all;all;1;1;0.0;23243
217119;all;all;1;2;0.0;23232
219658;none;all;1;2;0.0;23302
217239;all;all;1;0;0.0;23243
217386;all;all;1;2;0.0;23261
217443;none;all;1;1;0.0;23264
232536;all;none;1;1;0.0;24340
217513;none;all;1;2;0.0;23270
220744;none;none;1;2;0.0;23312
217714;none;all;1;1;0.0;23280
217749;all;all;1;2;0.0;23280
217834;all;all;1;2;0.0;23281
217893;all;all;1;2;0.0;23281
217936;all;all;1;1;0.0;23281
217958;none;all;1;1;0.0;23281
230661;all;none;1;1;0.0;24243
218017;all;all;1;1;0.0;23282
218073;none;all;1;0;0.0;23282
235855;all;all;1;0;0.0;24562
218136;all;all;1;1;0.0;23282
218234;all;all;1;1;0.0;23283
218396;all;all;1;0;0.0;23283
218532;all;all;1;2;0.0;23284
219180;all;none;1;0;0.0;23293
235775;all;all;1;0;0.0;24561
219203;none;all;1;0;0.0;23294
236827;all;all;1;0;0.0;24642
219347;none;all;1;2;0.0;23300
219356;all;all;1;0;0.0;23300
219467;all;all;1;0;0.0;23301
219480;all;none;1;1;0.0;23301
219644;none;all;1;1;0.0;23302
219809;all;all;1;4;0.0;23303
219825;all;none;1;2;0.0;23303
219868;all;all;1;0;0.0;23303
228491;all;all;1;0;0.0;23991
219922;all;all;1;2;0.0;23303
219962;all;all;1;1;0.0;23303
219968;all;all;1;2;0.0;23303
238531;none;all;1;2;0.0;24830
219981;all;all;1;1;0.0;23303
220410;all;all;1;2;0.0;23307
220635;all;all;1;0;0.0;23310
220680;all;all;1;2;0.0;23311
220719;all;none;1;4;0.0;23312
220759;none;all;1;0;0.0;23312
220931;all;all;1;2;0.0;23316
220974;all;none;1;0;0.0;23318
221166;none;all;1;0;0.0;23322
221345;all;none;1;0;0.0;23324
221588;all;all;1;0;0.0;23341
229367;all;all;1;0;0.0;24102
221621;all;all;1;1;0.0;23341
221682;all;all;1;0;0.0;23342
221706;all;all;1;0;0.0;23343
221740;all;all;1;0;0.0;23344
221778;all;all;1;1;0.0;23344
221977;all;all;1;4;0.0;23354
222098;all;all;1;2;0.0;23364
222103;all;none;1;1;0.0;23364
222145;none;all;1;3;0.0;23370
222295;none;all;1;0;0.0;23402
233840;all;all;1;0;0.0;24400
222381;all;all;1;3;0.0;23420
222562;all;all;1;2;0.0;23442
222677;all;all;1;2;0.0;23460
222700;all;all;1;0;0.0;23462
222708;all;all;1;2;0.0;23462
222742;all;all;1;2;0.0;23465
222801;all;none;1;2;0.0;23474
222873;all;all;1;1;0.0;23483
222885;none;all;1;2;0.0;23484
222936;none;all;1;2;0.0;23492
222995;all;all;1;2;0.0;23502
232681;all;all;1;2;0.0;24341
223067;all;all;1;1;0.0;23507
223101;none;all;1;1;0.0;23512
223106;none;none;1;2;0.0;23512
223165;all;all;1;3;0.0;23522
223266;all;all;1;2;0.0;23540
223282;all;all;1;3;0.0;23542
223311;none;all;1;2;0.0;23544
227587;none;all;1;2;0.0;23821
234616;all;all;1;2;0.0;24470
223341;all;all;1;0;0.0;23549
223398;all;all;1;2;0.0;23560
223462;all;all;1;0;0.0;23560
223706;all;none;1;0;0.0;23563
223808;all;all;1;3;0.0;23564
223967;none;all;1;1;0.0;23568
224216;all;none;1;1;0.0;23581
224374;all;all;1;0;0.0;23583
224375;all;all;1;2;0.0;23583
224378;all;all;1;3;0.0;23583
224645;none;none;1;2;0.0;23590
224675;all;all;1;2;0.0;23591
232532;all;all;1;2;0.0;24340
237930;all;all;1;2;0.0;24784
224794;all;all;1;2;0.0;23598
224888;all;none;1;3;0.0;23602
225072;all;all;1;1;0.0;23622
225085;none;all;1;1;0.0;23623
225119;all;all;1;2;0.0;23624
225203;all;all;1;0;0.0;23634
225311;all;all;1;3;0.0;23640
225360;all;all;1;1;0.0;23641
225422;none;all;1;0;0.0;23641
225632;all;all;1;3;0.0;23643
225634;all;all;1;0;0.0;23643
225986;none;all;1;2;0.0;23650
226019;none;all;1;2;0.0;23652
226119;all;all;1;0;0.0;23660
226132;none;none;1;1;0.0;23660
226139;all;all;1;2;0.0;23660
226201;all;none;1;0;0.0;23661
226248;all;all;1;2;0.0;23662
226306;all;all;1;2;0.0;23662
226415;none;all;1;2;0.0;23664
226445;none;all;1;0;0.0;23664
226541;all;all;1;0;0.0;23666
233036;all;all;1;0;0.0;24345
226574;all;all;1;0;0.0;23667
228685;all;all;1;0;0.0;24028
238485;all;all;1;0;0.0;24826
238510;all;none;1;0;0.0;24828
226678;all;all;1;2;0.0;23670
226679;all;all;1;0;0.0;23670
226720;all;all;1;1;0.0;23672
226726;all;none;1;0;0.0;23672
226909;all;all;1;2;0.0;23682
226979;none;all;1;0;0.0;23684
227084;all;all;1;4;0.0;23700
227135;none;all;1;2;0.0;23702
227140;all;all;1;1;0.0;23702
227264;all;none;1;2;0.0;23713
227357;all;all;1;2;0.0;23743
227383;all;all;1;0;0.0;23752
227468;none;all;1;1;0.0;23781
233394;all;all;1;1;0.0;24354
227652;all;none;1;0;0.0;23840
227692;all;none;1;0;0.0;23842
230630;all;all;1;0;0.0;24243
227759;none;all;1;0;0.0;23851
227842;all;none;1;4;0.0;23865
227925;none;all;1;2;0.0;23881
227962;all;all;1;2;0.0;23884
228018;all;all;1;4;0.0;23901
228368;all;all;1;0;0.0;23964
234301;all;all;1;0;0.0;24440
228535;all;all;1;2;0.0;24001
228602;all;all;1;3;0.0;24011
228805;none;all;1;3;0.0;24043
228940;all;all;1;2;0.0;24060
229058;all;all;1;0;0.0;24068
229087;none;all;1;4;0.0;24072
229097;all;all;1;2;0.0;24074
229148;none;all;1;2;0.0;24081
229242;all;all;1;0;0.0;24084
229341;all;all;1;0;0.0;24101
229404;all;all;1;3;0.0;24104
229439;none;all;1;0;0.0;24108
229544;all;none;1;2;0.0;24122
229596;all;all;1;0;0.0;24126
234831;all;all;1;0;0.0;24487
229689;all;all;1;0;0.0;24143
230064;all;all;1;3;0.0;24184
230205;none;none;1;3;0.0;24203
230277;none;none;1;2;0.0;24221
230291;none;none;1;2;0.0;24222
234514;none;all;1;2;0.0;24461
230297;none;none;1;2;0.0;24223
230316;none;none;1;0;0.0;24224
230501;all;none;1;1;0.0;24241
230650;all;none;1;1;0.0;24243
230669;none;none;1;2;0.0;24243
230714;all;none;1;1;0.0;24244
231313;all;all;1;1;0.0;24273
231487;all;all;1;2;0.0;24292
231507;all;all;1;0;0.0;24301
231535;all;all;1;0;0.0;24303
231737;none;all;1;0;0.0;24321
231929;all;all;1;1;0.0;24322
231994;all;all;1;0;0.0;24323
232006;all;all;1;0;0.0;24323
232241;all;all;1;1;0.0;24325
232573;all;all;1;2;0.0;24340
232607;all;all;1;3;0.0;24340
232641;all;none;1;0;0.0;24341
232655;all;all;1;0;0.0;24341
232661;all;all;1;5;0.0;24341
234078;none;all;1;5;0.0;24421
232698;all;all;1;3;0.0;24341
232791;none;all;1;0;0.0;24342
232813;all;none;1;1;0.0;24342
232815;all;all;1;0;0.0;24342
232854;all;all;1;0;0.0;24343
232960;none;all;1;2;0.0;24344
232963;all;none;1;0;0.0;24344
233336;all;all;1;0;0.0;24353
233438;none;all;1;0;0.0;24358
233588;none;none;1;0;0.0;24364
235953;all;all;1;0;0.0;24564
233661;none;none;1;1;0.0;24380
233666;none;none;1;2;0.0;24381
234055;all;all;1;0;0.0;24420
234097;all;none;1;2;0.0;24421
234099;all;all;1;1;0.0;24421
234140;all;all;1;3;0.0;24423
234260;all;all;1;0;0.0;24433
234416;all;all;1;1;0.0;24444
235221;all;all;1;1;0.0;24523
234496;all;none;1;1;0.0;24461
234578;all;none;1;1;0.0;24465
234706;all;none;1;0;0.0;24481
234742;none;none;1;0;0.0;24482
234969;all;all;1;1;0.0;24504
235069;none;none;1;3;0.0;24520
235113;all;all;1;0;0.0;24521
235177;all;all;1;1;0.0;24522
235188;all;all;1;1;0.0;24522
235397;all;none;1;1;0.0;24534
235239;all;all;1;1;0.0;24523
235371;all;all;1;1;0.0;24529
235384;all;all;1;0;0.0;24531
235838;all;none;1;0;0.0;24562
235429;all;all;1;0;0.0;24540
235646;all;none;1;2;0.0;24550
235898;all;all;1;5;0.0;24563
235946;none;all;1;0;0.0;24564
236150;all;all;1;2;0.0;24580
236153;all;all;1;2;0.0;24581
236172;all;none;1;0;0.0;24581
236205;all;all;1;3;0.0;24582
236226;none;all;1;2;0.0;24582
236277;all;all;1;0;0.0;24583
236348;all;all;1;0;0.0;24585
236412;all;all;1;1;0.0;24589
236441;all;all;1;2;0.0;24591
236566;all;all;1;0;0.0;24603
236608;all;all;1;2;0.0;24620
236741;all;all;1;2;0.0;24641
236902;all;all;1;1;0.0;24644
237066;all;all;1;0;0.0;24653
237277;all;all;1;2;0.0;24664
237405;all;none;1;0;0.0;24671
237542;all;none;1;2;0.0;24684
238061;all;none;1;2;0.0;24802
237818;all;all;1;3;0.0;24761
237987;all;all;1;1;0.0;24800
238161;all;all;1;0;0.0;24804
238288;all;all;1;1;0.0;24820
238372;all;all;1;1;0.0;24822
238383;all;none;1;3;0.0;24822
238612;all;all;1;0;0.0;24840
238617;all;all;1;0;0.0;24840
248949;none;none;1;0;0.0;26041
285663;all;all;1;0;0.0;29320
310468;all;all;1;0;0.0;31561
328757;all;all;1;0;0.0;32734
238622;all;none;1;0;0.0;24840
239967;all;all;1;0;0.0;24922
257424;all;none;1;0;0.0;26722
269876;all;none;1;0;0.0;27800
270818;all;all;1;0;0.0;27924
277360;all;none;1;0;0.0;28801
277380;all;all;1;0;0.0;28801
278424;all;none;1;0;0.0;28812
296183;all;all;1;0;0.0;30404
307292;none;all;1;0;0.0;31362
238624;all;all;1;1;0.0;24841
253580;all;all;1;1;0.0;26322
238700;all;all;1;0;0.0;24847
240516;all;all;1;0;0.0;24929
244855;all;all;1;0;0.0;25408
282487;all;all;1;0;0.0;29086
293969;all;all;1;0;0.0;30165
296193;none;none;1;0;0.0;30405
238711;all;all;1;2;0.0;24849
240340;all;all;1;2;0.0;24925
251826;all;none;1;2;0.0;26086
255348;all;all;1;2;0.0;26405
257633;all;all;1;2;0.0;26769
294002;all;all;1;2;0.0;30167
294038;all;all;1;2;0.0;30169
301031;all;all;1;2;0.0;30566
238718;all;all;1;0;0.0;24851
252990;all;all;1;0;0.0;26241
238797;all;all;1;0;0.0;24866
241418;all;none;1;0;0.0;24947
242320;all;all;1;0;0.0;25025
244250;all;all;1;0;0.0;25267
254561;all;all;1;0;0.0;26358
254823;all;all;1;0;0.0;26385
255914;none;all;1;0;0.0;26425
256068;none;all;1;0;0.0;26429
263276;all;all;1;0;0.0;27319
263793;all;all;1;0;0.0;27347
290591;all;all;1;0;0.0;29869
290830;all;all;1;0;0.0;29877
305698;all;all;1;0;0.0;31035
238823;all;all;1;0;0.0;24869
331069;all;none;1;0;0.0;32875
238846;all;all;1;1;0.0;24876
268797;none;all;1;1;0.0;27707
317952;all;all;1;1;0.0;31876
321323;all;none;1;1;0.0;32148
238908;all;all;1;2;0.0;24881
332900;none;all;1;2;0.0;33083
238916;all;all;1;0;0.0;24881
324428;all;all;1;0;0.0;32523
238950;all;none;1;1;0.0;24881
240006;all;all;1;1;0.0;24922
254997;all;all;1;1;0.0;26401
285847;all;all;1;1;0.0;29363
311115;all;none;1;1;0.0;31564
325246;none;all;1;1;0.0;32563
238964;all;all;1;2;0.0;24882
289031;none;all;1;2;0.0;29802
301051;all;all;1;2;0.0;30570
309476;all;all;1;2;0.0;31484
319190;none;all;1;2;0.0;31931
238973;all;all;1;1;0.0;24882
311911;all;all;1;1;0.0;31573
239008;all;all;1;0;0.0;24883
266951;all;all;1;0;0.0;27680
297229;all;all;1;0;0.0;30440
305739;none;all;1;0;0.0;31041
239026;all;all;1;2;0.0;24883
239035;all;none;1;2;0.0;24883
265137;all;all;1;2;0.0;27561
296317;all;all;1;2;0.0;30411
302601;all;all;1;2;0.0;30721
239067;all;all;1;1;0.0;24884
239085;all;none;1;2;0.0;24884
275719;none;all;1;2;0.0;28682
239133;all;all;1;1;0.0;24886
240312;all;all;1;1;0.0;24925
240501;none;all;1;1;0.0;24928
250172;all;all;1;1;0.0;26059
253790;all;all;1;1;0.0;26325
260773;none;all;1;1;0.0;27096
261621;none;none;1;1;0.0;27127
262972;all;none;1;1;0.0;27286
266194;all;all;1;1;0.0;27646
278151;all;all;1;1;0.0;28807
289835;none;all;1;1;0.0;29848
292508;all;all;1;1;0.0;30047
295557;all;all;1;1;0.0;30368
320305;all;none;1;1;0.0;31965
329155;none;all;1;1;0.0;32768
331596;all;all;1;1;0.0;32925
333018;none;all;1;1;0.0;33088
239141;all;all;1;0;0.0;24886
253899;all;none;1;0;0.0;26328
256387;all;all;1;0;0.0;26449
259482;all;all;1;0;0.0;27016
278180;none;all;1;0;0.0;28807
291381;all;all;1;0;0.0;29928
296186;all;all;1;0;0.0;30405
298159;all;all;1;0;0.0;30447
314947;all;all;1;0;0.0;31645
239217;all;all;1;3;0.0;24891
240650;none;all;1;3;0.0;24934
281056;all;none;1;3;0.0;28921
296058;all;all;1;3;0.0;30403
317099;all;none;1;3;0.0;31850
239227;all;all;1;1;0.0;24892
246932;all;all;1;1;0.0;25880
267854;all;none;1;1;0.0;27691
239233;all;all;1;0;0.0;24893
331744;all;all;1;0;0.0;32934
239254;all;all;1;0;0.0;24896
254742;none;all;1;0;0.0;26375
272807;all;all;1;0;0.0;28178
275888;none;all;1;0;0.0;28686
278588;all;all;1;0;0.0;28817
280341;all;all;1;0;0.0;28845
298061;all;all;1;0;0.0;30445
320683;all;all;1;0;0.0;32005
239274;all;all;1;2;0.0;24900
273473;all;all;1;2;0.0;28262
239284;all;all;1;3;0.0;24900
269785;none;all;1;3;0.0;27783
286346;all;all;1;3;0.0;29464
239289;all;none;1;0;0.0;24900
312460;all;all;1;0;0.0;31582
239332;all;all;1;0;0.0;24901
240769;all;all;1;0;0.0;24940
303487;all;all;1;0;0.0;30781
324804;all;all;1;0;0.0;32542
328334;all;all;1;0;0.0;32701
239340;none;all;1;2;0.0;24902
269013;all;all;1;2;0.0;27711
278676;all;all;1;2;0.0;28820
306142;all;all;1;2;0.0;31110
317558;all;all;1;2;0.0;31864
317824;all;all;1;2;0.0;31871
322607;all;all;1;2;0.0;32341
239370;all;all;1;0;0.0;24902
273583;all;none;1;0;0.0;28270
328814;all;none;1;0;0.0;32742
239412;all;all;1;0;0.0;24904
239439;all;all;1;0;0.0;24904
239465;none;all;1;1;0.0;24905
252320;all;all;1;1;0.0;26117
276286;all;all;1;1;0.0;28706
279598;all;all;1;1;0.0;28829
279926;all;all;1;1;0.0;28835
291139;none;none;1;1;0.0;29906
295392;all;all;1;1;0.0;30355
327045;all;all;1;1;0.0;32625
329354;none;all;1;1;0.0;32788
239467;none;all;1;1;0.0;24905
254386;none;all;1;1;0.0;26348
257229;all;all;1;1;0.0;26676
305081;all;all;1;1;0.0;30987
239472;none;none;1;0;0.0;24906
258544;all;all;1;0;0.0;26908
268722;all;none;1;0;0.0;27706
290501;all;none;1;0;0.0;29867
294438;none;all;1;0;0.0;30196
294451;all;all;1;0;0.0;30197
294757;all;all;1;0;0.0;30276
313123;all;all;1;0;0.0;31587
315324;all;all;1;0;0.0;31705
327953;none;none;1;0;0.0;32668
332578;all;all;1;0;0.0;33038
239533;none;all;1;0;0.0;24908
241430;all;all;1;0;0.0;24948
244243;all;all;1;0;0.0;25267
275518;all;all;1;0;0.0;28668
283101;none;all;1;0;0.0;29108
291891;none;all;1;0;0.0;29988
318400;all;all;1;0;0.0;31909
332531;all;all;1;0;0.0;33025
239539;all;all;1;0;0.0;24908
241365;all;all;1;0;0.0;24947
243737;all;all;1;0;0.0;25239
245507;all;all;1;0;0.0;25507
272063;all;all;1;0;0.0;28027
272613;none;all;1;0;0.0;28146
272910;all;all;1;0;0.0;28187
272977;all;all;1;0;0.0;28199
274193;all;none;1;0;0.0;28426
286359;all;none;1;0;0.0;29465
292726;none;all;1;0;0.0;30066
302540;all;all;1;0;0.0;30717
312959;all;none;1;0;0.0;31585
315684;none;all;1;0;0.0;31745
327581;all;all;1;0;0.0;32639
239553;none;all;1;0;0.0;24909
260008;all;none;1;0;0.0;27068
264820;all;all;1;0;0.0;27478
266663;all;none;1;0;0.0;27667
270428;all;all;1;0;0.0;27868
287377;all;none;1;0;0.0;29627
290445;all;none;1;0;0.0;29865
296820;all;all;1;0;0.0;30427
313823;all;none;1;0;0.0;31597
316093;all;all;1;0;0.0;31789
327929;none;none;1;0;0.0;32665
239599;all;all;1;1;0.0;24912
239604;all;all;1;0;0.0;24913
244630;all;none;1;0;0.0;25350
246317;all;all;1;0;0.0;25782
258498;all;all;1;0;0.0;26902
294254;all;none;1;0;0.0;30184
299317;none;all;1;0;0.0;30464
239641;all;all;1;1;0.0;24917
244940;all;all;1;1;0.0;25426
252203;all;all;1;1;0.0;26108
258532;all;none;1;1;0.0;26906
280675;all;all;1;1;0.0;28866
299552;none;all;1;1;0.0;30467
330924;all;none;1;1;0.0;32868
239656;all;all;1;0;0.0;24919
241547;all;all;1;0;0.0;24949
247231;all;all;1;0;0.0;25905
248399;all;all;1;0;0.0;25998
250846;all;all;1;0;0.0;26065
252493;all;all;1;0;0.0;26147
268655;all;all;1;0;0.0;27705
268778;all;all;1;0;0.0;27707
268938;all;all;1;0;0.0;27709
269160;all;all;1;0;0.0;27715
280673;all;all;1;0;0.0;28866
287024;all;all;1;0;0.0;29585
289186;all;all;1;0;0.0;29829
294457;all;none;1;0;0.0;30198
309322;all;all;1;0;0.0;31475
313004;all;none;1;0;0.0;31585
322085;none;all;1;0;0.0;32267
331077;all;none;1;0;0.0;32876
239685;all;all;1;1;0.0;24920
242154;all;all;1;1;0.0;25000
258107;all;all;1;1;0.0;26842
281135;none;all;1;1;0.0;28930
283718;none;all;1;1;0.0;29160
292542;all;all;1;1;0.0;30050
307704;none;all;1;1;0.0;31400
239688;all;all;1;1;0.0;24920
239743;none;all;1;2;0.0;24920
239750;all;none;1;2;0.0;24920
256404;all;all;1;2;0.0;26453
267856;all;all;1;2;0.0;27691
289390;all;none;1;2;0.0;29841
304535;all;all;1;2;0.0;30923
310208;all;all;1;2;0.0;31560
310303;all;all;1;2;0.0;31560
314351;all;all;1;2;0.0;31612
239783;all;all;1;0;0.0;24920
239791;all;all;1;3;0.0;24921
239811;all;all;1;0;0.0;24921
239816;all;all;1;1;0.0;24921
308511;all;all;1;1;0.0;31443
239834;all;all;1;2;0.0;24921
239915;all;all;1;2;0.0;24921
239846;all;all;1;3;0.0;24921
239861;all;all;1;1;0.0;24921
287847;all;none;1;1;0.0;29690
239868;none;all;1;0;0.0;24921
239926;none;all;1;2;0.0;24922
300327;all;all;1;2;0.0;30490
321378;none;all;1;2;0.0;32160
239937;all;all;1;1;0.0;24922
325737;all;all;1;1;0.0;32602
239941;all;none;1;0;0.0;24922
289520;all;all;1;0;0.0;29843
307783;all;all;1;0;0.0;31403
239951;all;all;1;2;0.0;24922
239955;all;all;1;1;0.0;24922
273679;all;all;1;1;0.0;28283
277386;all;all;1;1;0.0;28801
239977;all;all;1;2;0.0;24922
255323;all;all;1;2;0.0;26404
258422;all;all;1;2;0.0;26884
270736;all;none;1;2;0.0;27921
295149;all;all;1;2;0.0;30333
303341;all;all;1;2;0.0;30770
239991;all;all;1;0;0.0;24922
265922;all;none;1;0;0.0;27640
240032;none;all;1;0;0.0;24922
240048;none;all;1;1;0.0;24923
240053;all;all;1;0;0.0;24923
315145;all;all;1;0;0.0;31682
324292;all;all;1;0;0.0;32521
240074;all;all;1;2;0.0;24923
240082;all;all;1;3;0.0;24923
295900;all;all;1;3;0.0;30401
240131;all;all;1;4;0.0;24923
248225;all;all;1;4;0.0;25961
257411;all;all;1;4;0.0;26721
274990;all;all;1;4;0.0;28614
277498;all;all;1;4;0.0;28802
292398;all;none;1;4;0.0;30042
306062;all;all;1;4;0.0;31094
307280;all;all;1;4;0.0;31362
323248;all;all;1;4;0.0;32401
328190;all;all;1;4;0.0;32684
240164;none;all;1;2;0.0;24923
240171;all;all;1;2;0.0;24923
324408;all;all;1;2;0.0;32523
240180;all;all;1;2;0.0;24924
280455;all;all;1;2;0.0;28853
240212;all;all;1;2;0.0;24924
282451;all;all;1;2;0.0;29084
240227;all;all;1;1;0.0;24924
287270;all;all;1;1;0.0;29614
295482;all;all;1;1;0.0;30362
296139;all;none;1;1;0.0;30404
330339;all;none;1;1;0.0;32843
240237;all;all;1;2;0.0;24924
240272;all;all;1;3;0.0;24924
253241;all;all;1;3;0.0;26281
282597;none;all;1;3;0.0;29090
283420;all;all;1;3;0.0;29124
289062;all;all;1;3;0.0;29804
322246;all;all;1;3;0.0;32292
240274;all;all;1;5;0.0;24924
249313;none;all;1;5;0.0;26043
280288;all;all;1;5;0.0;28844
328636;all;all;1;5;0.0;32722
240282;all;all;1;2;0.0;24924
330539;all;none;1;2;0.0;32850
240309;all;all;1;2;0.0;24925
240540;all;all;1;2;0.0;24929
247627;all;all;1;2;0.0;25925
247697;all;all;1;2;0.0;25928
249633;all;all;1;2;0.0;26045
253844;all;all;1;2;0.0;26327
255500;all;all;1;2;0.0;26408
257630;all;all;1;2;0.0;26769
260772;all;all;1;2;0.0;27096
262986;all;all;1;2;0.0;27287
263017;all;all;1;2;0.0;27289
273714;all;all;1;2;0.0;28289
274661;all;all;1;2;0.0;28567
275921;all;all;1;2;0.0;28687
276607;all;all;1;2;0.0;28729
276905;all;all;1;2;0.0;28769
278571;all;all;1;2;0.0;28816
278616;all;all;1;2;0.0;28818
281674;all;all;1;2;0.0;29008
282541;none;all;1;2;0.0;29088
291373;all;none;1;2;0.0;29927
312000;all;all;1;2;0.0;31576
314401;all;all;1;2;0.0;31617
317232;all;all;1;2;0.0;31858
318243;all;all;1;2;0.0;31896
321979;all;all;1;2;0.0;32248
330474;all;all;1;2;0.0;32846
240326;all;all;1;2;0.0;24925
241986;all;all;1;2;0.0;24978
252598;all;all;1;2;0.0;26167
267677;all;all;1;2;0.0;27687
269391;all;all;1;2;0.0;27727
275898;all;all;1;2;0.0;28686
283483;all;all;1;2;0.0;29129
289751;none;all;1;2;0.0;29846
298577;all;all;1;2;0.0;30457
303309;none;all;1;2;0.0;30768
307888;all;all;1;2;0.0;31408
328293;all;all;1;2;0.0;32697
240428;all;all;1;0;0.0;24927
247705;all;all;1;0;0.0;25928
280488;all;all;1;0;0.0;28859
284114;all;all;1;0;0.0;29166
315955;none;all;1;0;0.0;31778
319069;all;none;1;0;0.0;31927
319092;all;all;1;0;0.0;31928
240431;all;all;1;3;0.0;24927
248544;all;all;1;3;0.0;26008
273076;all;all;1;3;0.0;28216
282584;all;none;1;3;0.0;29089
311670;all;all;1;3;0.0;31569
240440;all;all;1;0;0.0;24927
285702;all;all;1;0;0.0;29326
318157;all;all;1;0;0.0;31885
240461;all;all;1;1;0.0;24928
243570;all;all;1;1;0.0;25207
245080;all;all;1;1;0.0;25449
247114;all;all;1;1;0.0;25889
248563;all;all;1;1;0.0;26009
251897;all;all;1;1;0.0;26089
259379;all;all;1;1;0.0;27006
260542;all;all;1;1;0.0;27085
267602;all;none;1;1;0.0;27685
268056;none;all;1;1;0.0;27698
273049;all;all;1;1;0.0;28208
276587;all;all;1;1;0.0;28725
276941;all;all;1;1;0.0;28775
286482;all;all;1;1;0.0;29486
289742;all;all;1;1;0.0;29845
295075;all;all;1;1;0.0;30325
295544;all;all;1;1;0.0;30366
298029;all;all;1;1;0.0;30445
298225;none;all;1;1;0.0;30449
311424;all;all;1;1;0.0;31566
311564;none;all;1;1;0.0;31568
315914;none;all;1;1;0.0;31769
323674;none;all;1;1;0.0;32446
326237;all;none;1;1;0.0;32608
331653;all;all;1;1;0.0;32929
240473;none;all;1;1;0.0;24928
278611;all;all;1;1;0.0;28818
329721;none;all;1;1;0.0;32809
240510;all;all;1;0;0.0;24929
255616;none;all;1;0;0.0;26416
240591;all;all;1;0;0.0;24931
247129;all;all;1;0;0.0;25890
288576;all;all;1;0;0.0;29772
240600;all;all;1;2;0.0;24931
322179;all;none;1;2;0.0;32282
240614;all;all;1;0;0.0;24932
243769;all;all;1;0;0.0;25240
277607;none;all;1;0;0.0;28802
316515;all;all;1;0;0.0;31840
240626;none;all;1;0;0.0;24933
245029;none;none;1;0;0.0;25442
253448;all;all;1;0;0.0;26320
263472;all;all;1;0;0.0;27324
271553;all;all;1;0;0.0;28001
276762;all;all;1;0;0.0;28760
285452;none;all;1;0;0.0;29244
297843;all;all;1;0;0.0;30444
307940;all;all;1;0;0.0;31414
240642;all;all;1;4;0.0;24933
257116;none;all;1;4;0.0;26644
240733;all;all;1;1;0.0;24940
240741;all;all;1;2;0.0;24940
328869;all;all;1;2;0.0;32744
240745;none;all;1;2;0.0;24940
240750;all;all;1;3;0.0;24940
263729;all;all;1;3;0.0;27344
240752;all;none;1;3;0.0;24940
256091;none;all;1;3;0.0;26430
271977;all;all;1;3;0.0;28024
278884;all;all;1;3;0.0;28822
294402;none;none;1;3;0.0;30193
240753;all;all;1;2;0.0;24940
240766;all;none;1;2;0.0;24940
252095;none;none;1;2;0.0;26104
317260;all;all;1;2;0.0;31860
240784;all;all;1;1;0.0;24940
266394;all;all;1;1;0.0;27660
240793;all;all;1;2;0.0;24940
255850;none;all;1;2;0.0;26424
271095;none;all;1;2;0.0;27950
284393;all;all;1;2;0.0;29180
292283;none;all;1;2;0.0;30033
295383;all;none;1;2;0.0;30354
308875;none;all;1;2;0.0;31461
309557;all;all;1;2;0.0;31500
315292;all;all;1;2;0.0;31702
319343;none;none;1;2;0.0;31940
332323;all;none;1;2;0.0;32982
240820;all;none;1;2;0.0;24941
299003;all;all;1;2;0.0;30462
332699;all;all;1;2;0.0;33062
240825;all;all;1;0;0.0;24941
276190;all;all;1;0;0.0;28703
278946;all;all;1;0;0.0;28822
299019;none;all;1;0;0.0;30462
240837;all;all;1;6;0.0;24941
303591;all;all;1;6;0.0;30783
309040;all;all;1;6;0.0;31464
324829;all;all;1;6;0.0;32542
240856;all;all;1;0;0.0;24941
268141;all;all;1;0;0.0;27700
240857;all;all;1;2;0.0;24941
240858;all;all;1;1;0.0;24941
265045;all;all;1;1;0.0;27544
293563;all;all;1;1;0.0;30114
298948;all;all;1;1;0.0;30462
306914;all;none;1;1;0.0;31313
240876;all;all;1;2;0.0;24941
262422;none;all;1;2;0.0;27232
266423;all;all;1;2;0.0;27661
240887;all;all;1;1;0.0;24941
266493;all;all;1;1;0.0;27662
299190;all;all;1;1;0.0;30463
240895;all;all;1;0;0.0;24941
240913;none;all;1;0;0.0;24941
240938;all;all;1;2;0.0;24942
240942;all;all;1;0;0.0;24942
240960;all;all;1;2;0.0;24942
317295;all;all;1;2;0.0;31860
240965;none;all;1;1;0.0;24942
240966;all;all;1;1;0.0;24942
247881;all;all;1;1;0.0;25942
278925;all;all;1;1;0.0;28822
284882;all;all;1;1;0.0;29191
314804;all;all;1;1;0.0;31633
240989;all;none;1;2;0.0;24942
241011;all;all;1;2;0.0;24942
241018;all;all;1;0;0.0;24942
241026;all;all;1;0;0.0;24943
252085;none;all;1;0;0.0;26103
241039;none;all;1;0;0.0;24943
241147;all;none;1;0;0.0;24944
254108;all;all;1;0;0.0;26341
301112;all;all;1;0;0.0;30581
320719;all;all;1;0;0.0;32020
241086;none;all;1;0;0.0;24943
300372;all;all;1;0;0.0;30500
326881;all;all;1;0;0.0;32623
241088;all;none;1;4;0.0;24943
242106;none;all;1;4;0.0;24990
271373;all;all;1;4;0.0;27983
299905;all;all;1;4;0.0;30472
241090;none;none;1;0;0.0;24943
254460;all;all;1;0;0.0;26351
279209;none;all;1;0;0.0;28824
241137;all;all;1;3;0.0;24944
241172;all;all;1;1;0.0;24944
241179;all;all;1;2;0.0;24944
241196;all;all;1;0;0.0;24944
241200;all;all;1;3;0.0;24944
241217;all;all;1;0;0.0;24944
293726;all;all;1;0;0.0;30154
241253;all;all;1;1;0.0;24945
241766;all;all;1;1;0.0;24957
250805;all;all;1;1;0.0;26065
252197;all;all;1;1;0.0;26107
253414;all;all;1;1;0.0;26319
262702;all;all;1;1;0.0;27266
266846;all;all;1;1;0.0;27678
269189;all;all;1;1;0.0;27716
283077;none;all;1;1;0.0;29107
285962;all;all;1;1;0.0;29387
323857;all;all;1;1;0.0;32467
327500;none;all;1;1;0.0;32635
241279;all;all;1;2;0.0;24945
310151;none;all;1;2;0.0;31558
241283;all;all;1;1;0.0;24945
244258;none;none;1;1;0.0;25267
305610;all;all;1;1;0.0;31027
313284;all;all;1;1;0.0;31588
316395;all;all;1;1;0.0;31828
332035;all;all;1;1;0.0;32948
241293;all;all;1;1;0.0;24946
251166;all;all;1;1;0.0;26069
268779;all;all;1;1;0.0;27707
273792;none;all;1;1;0.0;28307
301234;all;all;1;1;0.0;30595
306313;all;all;1;1;0.0;31158
325021;none;all;1;1;0.0;32549
328966;all;all;1;1;0.0;32756
241313;all;all;1;1;0.0;24946
258357;all;none;1;1;0.0;26877
268717;all;all;1;1;0.0;27706
241346;none;none;1;0;0.0;24946
247270;all;all;1;0;0.0;25909
257032;none;all;1;0;0.0;26627
263265;all;all;1;0;0.0;27316
273142;all;all;1;0;0.0;28228
286373;none;all;1;0;0.0;29467
302545;all;all;1;0;0.0;30718
305912;all;none;1;0;0.0;31065
241404;all;none;1;2;0.0;24947
242062;all;all;1;2;0.0;24985
242138;none;none;1;2;0.0;24999
244256;all;all;1;2;0.0;25267
244447;all;all;1;2;0.0;25306
247255;all;none;1;2;0.0;25907
248106;all;all;1;2;0.0;25949
248697;all;none;1;2;0.0;26029
252181;all;all;1;2;0.0;26107
253202;none;all;1;2;0.0;26275
256066;all;all;1;2;0.0;26429
257365;all;all;1;2;0.0;26708
259725;all;all;1;2;0.0;27028
262154;all;all;1;2;0.0;27198
264801;all;all;1;2;0.0;27467
265450;all;none;1;2;0.0;27585
266635;all;all;1;2;0.0;27666
266867;all;all;1;2;0.0;27679
269588;all;all;1;2;0.0;27755
274220;all;all;1;2;0.0;28437
275502;all;all;1;2;0.0;28667
276277;all;all;1;2;0.0;28706
277029;all;all;1;2;0.0;28785
279309;all;all;1;2;0.0;28825
280087;none;all;1;2;0.0;28839
283617;all;all;1;2;0.0;29147
287667;all;all;1;2;0.0;29669
288230;none;none;1;2;0.0;29759
289179;all;all;1;2;0.0;29828
299425;all;all;1;2;0.0;30465
300051;all;all;1;2;0.0;30475
305628;all;all;1;2;0.0;31028
314646;all;all;1;2;0.0;31626
314651;all;all;1;2;0.0;31626
320926;all;all;1;2;0.0;32076
321824;all;all;1;2;0.0;32226
323463;all;none;1;2;0.0;32427
241425;all;all;1;1;0.0;24948
244212;all;all;1;1;0.0;25265
281223;all;all;1;1;0.0;28948
299509;all;none;1;1;0.0;30466
304863;all;all;1;1;0.0;30957
241426;all;all;1;0;0.0;24948
242131;all;all;1;0;0.0;24996
252959;none;all;1;0;0.0;26237
275096;none;all;1;0;0.0;28627
288851;all;all;1;0;0.0;29788
292255;none;all;1;0;0.0;30029
316383;all;all;1;0;0.0;31826
320896;all;all;1;0;0.0;32065
241544;all;all;1;0;0.0;24949
241545;none;all;1;0;0.0;24949
245954;all;all;1;0;0.0;25628
246843;none;all;1;0;0.0;25866
248185;all;none;1;0;0.0;25956
256645;all;none;1;0;0.0;26507
257732;all;all;1;0;0.0;26798
264688;none;all;1;0;0.0;27437
273787;all;none;1;0;0.0;28306
313268;all;none;1;0;0.0;31588
323205;none;all;1;0;0.0;32398
328975;all;all;1;0;0.0;32758
241576;all;all;1;5;0.0;24950
312280;all;all;1;5;0.0;31581
241578;all;all;1;0;0.0;24950
241607;none;all;1;3;0.0;24951
270010;none;all;1;3;0.0;27821
272276;none;all;1;3;0.0;28063
287587;all;all;1;3;0.0;29660
241608;none;all;1;0;0.0;24951
305524;all;all;1;0;0.0;31023
241613;all;all;1;1;0.0;24951
290648;all;all;1;1;0.0;29870
292683;all;all;1;1;0.0;30063
241669;all;none;1;2;0.0;24953
320458;none;all;1;2;0.0;31982
241687;all;all;1;4;0.0;24954
241691;all;all;1;0;0.0;24954
287886;all;all;1;0;0.0;29700
322308;all;all;1;0;0.0;32304
333242;all;all;1;0;0.0;33104
241696;none;all;1;2;0.0;24954
250244;all;none;1;2;0.0;26060
282076;none;all;1;2;0.0;29073
306632;all;all;1;2;0.0;31264
328013;none;none;1;2;0.0;32674
241699;all;all;1;0;0.0;24954
241708;all;all;1;1;0.0;24954
241710;all;all;1;3;0.0;24954
241712;all;all;1;2;0.0;24955
276245;all;all;1;2;0.0;28705
241739;all;all;1;0;0.0;24956
284973;all;none;1;0;0.0;29196
241789;all;all;1;0;0.0;24958
241806;none;all;1;0;0.0;24959
245862;all;none;1;0;0.0;25597
247315;all;all;1;0;0.0;25918
252145;all;none;1;0;0.0;26105
263183;all;all;1;0;0.0;27306
263789;all;all;1;0;0.0;27346
273822;all;none;1;0;0.0;28315
316089;all;all;1;0;0.0;31789
241795;all;all;1;1;0.0;24959
259846;all;all;1;1;0.0;27039
279401;all;all;1;1;0.0;28826
279989;all;all;1;1;0.0;28836
301622;all;all;1;1;0.0;30625
317609;all;all;1;1;0.0;31865
241813;all;all;1;0;0.0;24959
284732;all;none;1;0;0.0;29187
295709;all;all;1;0;0.0;30386
313800;all;all;1;0;0.0;31596
241849;all;all;1;1;0.0;24961
260464;all;all;1;1;0.0;27084
241866;none;all;1;0;0.0;24962
262839;all;all;1;0;0.0;27282
265084;all;all;1;0;0.0;27560
316176;all;all;1;0;0.0;31801
331319;all;all;1;0;0.0;32920
241883;all;all;1;2;0.0;24963
314037;none;all;1;2;0.0;31601
319234;none;all;1;2;0.0;31933
241888;all;all;1;2;0.0;24963
241922;all;all;1;0;0.0;24965
255342;all;all;1;0;0.0;26405
266371;all;all;1;0;0.0;27659
241965;all;all;1;0;0.0;24970
242656;all;all;1;0;0.0;25081
285207;none;all;1;0;0.0;29212
242016;none;all;1;3;0.0;24981
303479;all;all;1;3;0.0;30781
321020;all;none;1;3;0.0;32100
242049;all;none;1;3;0.0;24984
242081;all;all;1;0;0.0;24987
242572;all;all;1;0;0.0;25065
242882;none;all;1;0;0.0;25106
250765;all;all;1;0;0.0;26065
251127;all;all;1;0;0.0;26069
251495;all;all;1;0;0.0;26078
279438;all;none;1;0;0.0;28827
290856;all;none;1;0;0.0;29878
309199;all;all;1;0;0.0;31469
317643;all;all;1;0;0.0;31866
242098;none;all;1;1;0.0;24989
244218;none;all;1;1;0.0;25265
247244;all;all;1;1;0.0;25906
250791;all;all;1;1;0.0;26065
250833;none;all;1;1;0.0;26065
261262;all;all;1;1;0.0;27108
262693;all;all;1;1;0.0;27265
269218;all;none;1;1;0.0;27717
269219;all;all;1;1;0.0;27717
280823;all;none;1;1;0.0;28877
294739;all;all;1;1;0.0;30269
315699;all;all;1;1;0.0;31746
316381;all;all;1;1;0.0;31826
321320;none;all;1;1;0.0;32148
242155;all;none;1;2;0.0;25000
320936;none;all;1;2;0.0;32080
242174;all;all;1;0;0.0;25002
242184;all;all;1;0;0.0;25002
300173;all;all;1;0;0.0;30480
242216;all;none;1;1;0.0;25005
243232;all;all;1;1;0.0;25165
246671;all;all;1;1;0.0;25845
255428;all;all;1;1;0.0;26407
255441;all;all;1;1;0.0;26407
275380;all;all;1;1;0.0;28658
291384;all;all;1;1;0.0;29929
291792;all;all;1;1;0.0;29977
242222;all;none;1;0;0.0;25006
245358;none;all;1;0;0.0;25489
245906;all;all;1;0;0.0;25608
249956;all;all;1;0;0.0;26049
249984;none;all;1;0;0.0;26049
250148;all;all;1;0;0.0;26057
251787;all;all;1;0;0.0;26085
257626;all;all;1;0;0.0;26768
258218;none;all;1;0;0.0;26859
259363;all;all;1;0;0.0;27006
265252;all;all;1;0;0.0;27565
265289;all;all;1;0;0.0;27568
273737;all;all;1;0;0.0;28299
278019;all;all;1;0;0.0;28805
278094;all;all;1;0;0.0;28806
278247;all;all;1;0;0.0;28808
278632;all;all;1;0;0.0;28819
282530;none;none;1;0;0.0;29087
283441;all;all;1;0;0.0;29125
286070;none;all;1;0;0.0;29406
296218;all;all;1;0;0.0;30406
303264;all;all;1;0;0.0;30765
304102;all;all;1;0;0.0;30845
304111;none;all;1;0;0.0;30847
306219;all;all;1;0;0.0;31126
306363;all;all;1;0;0.0;31165
307022;all;all;1;0;0.0;31325
311552;all;all;1;0;0.0;31568
311598;all;all;1;0;0.0;31568
316265;all;all;1;0;0.0;31808
324557;all;all;1;0;0.0;32527
324703;none;all;1;0;0.0;32537
242282;none;none;1;2;0.0;25021
242287;none;none;1;2;0.0;25022
242304;all;all;1;0;0.0;25023
242317;all;all;1;0;0.0;25024
284906;all;all;1;0;0.0;29193
324798;all;all;1;0;0.0;32541
242324;all;all;1;1;0.0;25025
246342;all;all;1;1;0.0;25785
250761;all;all;1;1;0.0;26065
268878;all;all;1;1;0.0;27708
271404;all;all;1;1;0.0;27986
312992;all;all;1;1;0.0;31585
312997;all;all;1;1;0.0;31585
242348;all;all;1;3;0.0;25029
242349;all;none;1;0;0.0;25029
250986;all;all;1;0;0.0;26067
257018;all;all;1;0;0.0;26625
257370;all;all;1;0;0.0;26709
261231;all;all;1;0;0.0;27107
313236;all;none;1;0;0.0;31588
323928;none;all;1;0;0.0;32479
324135;none;none;1;0;0.0;32507
242398;all;all;1;0;0.0;25041
249027;all;all;1;0;0.0;26041
258386;all;all;1;0;0.0;26881
260118;all;all;1;0;0.0;27080
263465;all;all;1;0;0.0;27324
267269;all;all;1;0;0.0;27682
285100;none;all;1;0;0.0;29203
292326;all;none;1;0;0.0;30040
294476;all;all;1;0;0.0;30200
297680;none;none;1;0;0.0;30443
298285;all;all;1;0;0.0;30450
304346;all;all;1;0;0.0;30893
308562;all;all;1;0;0.0;31444
310369;all;all;1;0;0.0;31560
322784;all;all;1;0;0.0;32360
332617;all;all;1;0;0.0;33042
242523;all;all;1;3;0.0;25060
246551;all;all;1;3;0.0;25834
268595;all;all;1;3;0.0;27704
281767;all;all;1;3;0.0;29024
281987;all;all;1;3;0.0;29060
299990;all;all;1;3;0.0;30474
242532;all;all;1;2;0.0;25061
254174;all;all;1;2;0.0;26343
268312;none;all;1;2;0.0;27702
242555;all;all;1;2;0.0;25063
250396;all;all;1;2;0.0;26061
242567;all;all;1;8;0.0;25064
275472;none;all;1;8;0.0;28664
242568;all;all;1;2;0.0;25065
252201;all;all;1;2;0.0;26108
252217;all;all;1;2;0.0;26108
252226;all;all;1;2;0.0;26109
254289;all;all;1;2;0.0;26345
258826;all;all;1;2;0.0;26946
258829;all;all;1;2;0.0;26947
259672;all;none;1;2;0.0;27025
261476;all;all;1;2;0.0;27117
264677;all;all;1;2;0.0;27435
293419;all;all;1;2;0.0;30105
309189;all;all;1;2;0.0;31469
242574;all;all;1;2;0.0;25066
264558;all;none;1;2;0.0;27426
303723;all;none;1;2;0.0;30788
313856;all;all;1;2;0.0;31598
242587;all;all;1;0;0.0;25068
288965;none;none;1;0;0.0;29795
328899;all;all;1;0;0.0;32748
329340;all;all;1;0;0.0;32787
242589;all;all;1;0;0.0;25068
308228;all;all;1;0;0.0;31438
322316;all;all;1;0;0.0;32306
325165;all;none;1;0;0.0;32557
242590;all;all;1;0;0.0;25068
242615;all;all;1;0;0.0;25074
247936;all;none;1;0;0.0;25943
242660;all;all;1;0;0.0;25081
324314;all;all;1;0;0.0;32521
242662;all;all;1;3;0.0;25081
286837;all;all;1;3;0.0;29562
305977;all;none;1;3;0.0;31080
307679;all;all;1;3;0.0;31400
316284;all;all;1;3;0.0;31812
242675;all;all;1;2;0.0;25082
242693;all;all;1;2;0.0;25083
260171;all;none;1;2;0.0;27081
328686;all;all;1;2;0.0;32724
242695;none;all;1;0;0.0;25083
242725;none;all;1;1;0.0;25084
263576;none;none;1;1;0.0;27331
242778;all;all;1;0;0.0;25090
262535;all;all;1;0;0.0;27243
325662;all;none;1;0;0.0;32601
326476;all;all;1;0;0.0;32614
242804;all;all;1;2;0.0;25100
296572;all;none;1;2;0.0;30422
242809;all;all;1;1;0.0;25100
242849;all;all;1;1;0.0;25103
305679;none;none;1;1;0.0;31033
242844;all;all;1;2;0.0;25102
242856;all;all;1;0;0.0;25103
277094;all;all;1;0;0.0;28794
242868;all;all;1;0;0.0;25104
257542;all;all;1;0;0.0;26750
242915;all;all;1;1;0.0;25109
252921;all;all;1;1;0.0;26227
253381;all;all;1;1;0.0;26308
253392;all;all;1;1;0.0;26309
264684;all;all;1;1;0.0;27436
305120;none;none;1;1;0.0;30995
306871;all;all;1;1;0.0;31306
324943;all;all;1;1;0.0;32545
242935;all;none;1;0;0.0;25113
243320;all;all;1;0;0.0;25181
244206;all;all;1;0;0.0;25264
244435;all;all;1;0;0.0;25303
326823;all;all;1;0;0.0;32622
242948;all;all;1;0;0.0;25117
273976;all;all;1;0;0.0;28356
280693;all;all;1;0;0.0;28867
290531;none;all;1;0;0.0;29867
328549;all;all;1;0;0.0;32717
242959;all;all;1;3;0.0;25120
310448;all;all;1;3;0.0;31561
242983;all;all;1;2;0.0;25122
260143;all;all;1;2;0.0;27081
295044;all;all;1;2;0.0;30324
243001;all;all;1;0;0.0;25124
243009;none;all;1;0;0.0;25125
258718;all;none;1;0;0.0;26928
264297;all;none;1;0;0.0;27406
272238;all;all;1;0;0.0;28047
274947;all;all;1;0;0.0;28608
278602;all;all;1;0;0.0;28818
280482;all;none;1;0;0.0;28858
305801;all;all;1;0;0.0;31045
309496;all;all;1;0;0.0;31487
329701;none;all;1;0;0.0;32807
243017;all;all;1;0;0.0;25127
249869;all;all;1;0;0.0;26048
251811;all;all;1;0;0.0;26086
251812;all;all;1;0;0.0;26086
256364;all;none;1;0;0.0;26447
260589;all;all;1;0;0.0;27086
263974;all;none;1;0;0.0;27367
267789;all;all;1;0;0.0;27689
273882;all;all;1;0;0.0;28326
276048;all;all;1;0;0.0;28698
285455;all;all;1;0;0.0;29245
287828;all;all;1;0;0.0;29687
288471;none;all;1;0;0.0;29765
289732;all;all;1;0;0.0;29845
307376;all;all;1;0;0.0;31365
308587;all;all;1;0;0.0;31445
308624;none;all;1;0;0.0;31446
332986;all;none;1;0;0.0;33085
243035;all;all;1;0;0.0;25139
246673;all;none;1;0;0.0;25845
259926;none;all;1;0;0.0;27047
264275;all;all;1;0;0.0;27405
243038;none;none;1;4;0.0;25140
243047;all;all;1;2;0.0;25141
284619;all;all;1;2;0.0;29184
243080;all;all;1;0;0.0;25146
266847;all;all;1;0;0.0;27678
243082;all;all;1;1;0.0;25147
248014;all;all;1;1;0.0;25946
248367;all;all;1;1;0.0;25988
243128;all;all;1;4;0.0;25160
243154;all;all;1;1;0.0;25161
243224;all;none;1;5;0.0;25164
277792;all;all;1;5;0.0;28803
292865;all;all;1;5;0.0;30080
295875;all;none;1;5;0.0;30401
297546;all;all;1;5;0.0;30442
327700;none;none;1;5;0.0;32643
243245;all;all;1;1;0.0;25166
252590;all;all;1;1;0.0;26166
312047;all;all;1;1;0.0;31579
314267;all;none;1;1;0.0;31607
243306;none;all;1;4;0.0;25180
243319;all;all;1;0;0.0;25181
243330;all;all;1;1;0.0;25181
243343;all;all;1;4;0.0;25182
251213;all;all;1;4;0.0;26070
257222;all;all;1;4;0.0;26673
285247;all;all;1;4;0.0;29220
287988;all;all;1;4;0.0;29711
293328;all;none;1;4;0.0;30102
313482;all;none;1;4;0.0;31591
315035;all;all;1;4;0.0;31664
323064;all;all;1;4;0.0;32383
330734;all;all;1;4;0.0;32862
331949;all;all;1;4;0.0;32944
243347;all;all;1;5;0.0;25182
243365;all;all;1;1;0.0;25183
243397;all;all;1;1;0.0;25186
246112;all;all;1;1;0.0;25709
266621;all;all;1;1;0.0;27665
269548;all;all;1;1;0.0;27748
279267;all;all;1;1;0.0;28825
286375;all;all;1;1;0.0;29467
294319;none;all;1;1;0.0;30187
297028;all;all;1;1;0.0;30436
306310;all;all;1;1;0.0;31155
309694;all;all;1;1;0.0;31517
317951;all;all;1;1;0.0;31876
243447;all;all;1;2;0.0;25192
325038;all;all;1;2;0.0;32550
243464;all;all;1;0;0.0;25196
257523;all;all;1;0;0.0;26746
243496;none;all;1;2;0.0;25201
274807;none;all;1;2;0.0;28600
243497;all;all;1;1;0.0;25201
283881;all;all;1;1;0.0;29162
243501;all;all;1;2;0.0;25201
260238;all;all;1;2;0.0;27082
292569;all;all;1;2;0.0;30053
308709;all;all;1;2;0.0;31451
315809;all;all;1;2;0.0;31761
328244;none;all;1;2;0.0;32690
243502;none;all;1;2;0.0;25201
248502;all;all;1;2;0.0;26004
256283;all;all;1;2;0.0;26442
243514;all;all;1;0;0.0;25202
243521;all;all;1;2;0.0;25202
243532;all;all;1;0;0.0;25203
243583;all;all;1;0;0.0;25209
245818;all;all;1;0;0.0;25575
257129;all;all;1;0;0.0;26646
266198;all;all;1;0;0.0;27647
272549;all;all;1;0;0.0;28127
276054;all;all;1;0;0.0;28699
276894;all;all;1;0;0.0;28767
283474;all;all;1;0;0.0;29128
286304;none;all;1;0;0.0;29455
287236;all;all;1;0;0.0;29608
288542;all;none;1;0;0.0;29769
289762;all;all;1;0;0.0;29846
293967;all;all;1;0;0.0;30165
294022;all;none;1;0;0.0;30168
298120;all;all;1;0;0.0;30446
309485;all;all;1;0;0.0;31485
327756;none;none;1;0;0.0;32647
332988;all;none;1;0;0.0;33085
243587;all;all;1;3;0.0;25210
259887;none;all;1;3;0.0;27043
277257;all;none;1;3;0.0;28800
332772;none;all;1;3;0.0;33080
243588;all;all;1;0;0.0;25210
285658;all;all;1;0;0.0;29320
320161;none;all;1;0;0.0;31960
243646;all;all;1;0;0.0;25223
243726;all;all;1;0;0.0;25235
283033;all;all;1;0;0.0;29106
243731;all;all;1;1;0.0;25237
244275;all;all;1;1;0.0;25268
279327;all;none;1;1;0.0;28826
313001;all;all;1;1;0.0;31585
243739;all;all;1;0;0.0;25240
246208;all;none;1;0;0.0;25761
248950;all;all;1;0;0.0;26041
255207;all;all;1;0;0.0;26403
267826;all;all;1;0;0.0;27690
278376;all;all;1;0;0.0;28811
293221;all;all;1;0;0.0;30094
301390;all;all;1;0;0.0;30604
305400;all;all;1;0;0.0;31013
316663;all;all;1;0;0.0;31842
317082;all;all;1;0;0.0;31850
325268;none;all;1;0;0.0;32564
329606;none;none;1;0;0.0;32803
243781;all;all;1;0;0.0;25241
270522;all;all;1;0;0.0;27881
243843;all;all;1;2;0.0;25242
243846;all;all;1;2;0.0;25242
243847;all;all;1;2;0.0;25242
243853;all;all;1;2;0.0;25242
245765;all;all;1;2;0.0;25560
267261;all;all;1;2;0.0;27682
302613;all;all;1;2;0.0;30722
325546;all;all;1;2;0.0;32600
243862;all;all;1;0;0.0;25243
248818;all;all;1;0;0.0;26040
297505;all;all;1;0;0.0;30442
297746;all;all;1;0;0.0;30443
306047;none;all;1;0;0.0;31090
309850;all;all;1;0;0.0;31524
310418;none;all;1;0;0.0;31561
316486;all;all;1;0;0.0;31840
316489;all;all;1;0;0.0;31840
243901;all;all;1;3;0.0;25244
243918;all;all;1;2;0.0;25244
302581;all;all;1;2;0.0;30721
243919;all;all;1;1;0.0;25244
245016;all;all;1;1;0.0;25441
275228;all;all;1;1;0.0;28642
275665;all;none;1;1;0.0;28681
277206;all;all;1;1;0.0;28800
314190;all;all;1;1;0.0;31604
243985;none;all;1;2;0.0;25247
256342;all;all;1;2;0.0;26445
262271;all;all;1;2;0.0;27206
264291;all;all;1;2;0.0;27406
275960;all;all;1;2;0.0;28689
305339;all;all;1;2;0.0;31007
319060;none;all;1;2;0.0;31927
330449;all;all;1;2;0.0;32845
243987;all;all;1;0;0.0;25247
252605;all;all;1;0;0.0;26168
258734;all;all;1;0;0.0;26929
264385;all;none;1;0;0.0;27416
275327;all;all;1;0;0.0;28648
278576;all;all;1;0;0.0;28816
280408;all;none;1;0;0.0;28849
281393;all;all;1;0;0.0;28969
284128;all;all;1;0;0.0;29166
284144;all;all;1;0;0.0;29167
289851;none;all;1;0;0.0;29849
294664;none;none;1;0;0.0;30248
298046;none;all;1;0;0.0;30445
302266;all;all;1;0;0.0;30695
304605;all;all;1;0;0.0;30928
311492;none;all;1;0;0.0;31567
317020;all;all;1;0;0.0;31847
319278;all;all;1;0;0.0;31935
324542;all;all;1;0;0.0;32526
244000;all;all;1;0;0.0;25248
258716;all;all;1;0;0.0;26927
259428;all;all;1;0;0.0;27009
272406;all;none;1;0;0.0;28096
272772;all;none;1;0;0.0;28169
283458;all;all;1;0;0.0;29127
309864;all;all;1;0;0.0;31526
326193;all;none;1;0;0.0;32606
244015;all;all;1;1;0.0;25249
322530;all;all;1;1;0.0;32329
244033;all;all;1;2;0.0;25251
244055;all;all;1;2;0.0;25254
260295;none;all;1;2;0.0;27082
244066;all;none;1;1;0.0;25258
249794;all;all;1;1;0.0;26047
244075;all;all;1;2;0.0;25260
244088;all;all;1;2;0.0;25260
244108;all;all;1;4;0.0;25261
244162;all;all;1;0;0.0;25263
244166;all;all;1;0;0.0;25263
258336;all;all;1;0;0.0;26871
244181;all;all;1;0;0.0;25264
244192;all;none;1;0;0.0;25264
244228;all;all;1;0;0.0;25266
246925;all;all;1;0;0.0;25879
262067;all;all;1;0;0.0;27185
265864;all;all;1;0;0.0;27639
268837;all;none;1;0;0.0;27708
279443;all;all;1;0;0.0;28827
300078;all;none;1;0;0.0;30476
303689;all;all;1;0;0.0;30786
313220;all;all;1;0;0.0;31588
321078;all;all;1;0;0.0;32108
325158;none;none;1;0;0.0;32557
244277;all;all;1;0;0.0;25269
255910;all;all;1;0;0.0;26425
260009;all;all;1;0;0.0;27068
263784;all;all;1;0;0.0;27346
302478;all;all;1;0;0.0;30709
319838;all;all;1;0;0.0;31948
320550;all;none;1;0;0.0;31988
321879;all;all;1;0;0.0;32236
244326;all;all;1;0;0.0;25273
282014;all;all;1;0;0.0;29063
282805;all;all;1;0;0.0;29101
244382;all;all;1;4;0.0;25282
316457;all;all;1;4;0.0;31840
323947;none;none;1;4;0.0;32480
244391;all;all;1;1;0.0;25283
264380;all;none;1;1;0.0;27414
264881;all;all;1;1;0.0;27491
305790;all;all;1;1;0.0;31044
321935;all;all;1;1;0.0;32243
329120;all;all;1;1;0.0;32764
244417;all;none;1;2;0.0;25293
244427;all;all;1;0;0.0;25301
252076;all;all;1;0;0.0;26103
244436;none;all;1;2;0.0;25303
298814;all;all;1;2;0.0;30461
244485;none;all;1;2;0.0;25321
244499;all;all;1;1;0.0;25322
269311;all;none;1;1;0.0;27721
277556;all;all;1;1;0.0;28802
282271;all;all;1;1;0.0;29082
303886;all;all;1;1;0.0;30800
244506;all;all;1;4;0.0;25323
244557;none;all;1;0;0.0;25333
303904;all;all;1;0;0.0;30802
244562;all;none;1;0;0.0;25336
278066;all;all;1;0;0.0;28806
244580;all;none;1;2;0.0;25341
248156;all;all;1;2;0.0;25953
252514;all;none;1;2;0.0;26153
262651;none;all;1;2;0.0;27261
288166;none;none;1;2;0.0;29744
244591;all;all;1;2;0.0;25343
244600;none;all;1;1;0.0;25344
244603;none;all;1;1;0.0;25344
322015;all;all;1;1;0.0;32260
322636;all;all;1;1;0.0;32343
244619;none;none;1;1;0.0;25348
248108;all;all;1;1;0.0;25949
303696;all;all;1;1;0.0;30786
313897;all;all;1;1;0.0;31599
244623;all;all;1;1;0.0;25348
268707;all;all;1;1;0.0;27706
280007;all;all;1;1;0.0;28837
284724;all;all;1;1;0.0;29187
292252;none;all;1;1;0.0;30029
294333;all;all;1;1;0.0;30188
295404;none;all;1;1;0.0;30357
296757;all;all;1;1;0.0;30425
317945;all;all;1;1;0.0;31875
323193;none;all;1;1;0.0;32396
244663;all;all;1;1;0.0;25362
244665;all;all;1;1;0.0;25362
261572;none;none;1;1;0.0;27123
284316;none;all;1;1;0.0;29174
306238;all;all;1;1;0.0;31133
311025;all;all;1;1;0.0;31563
244671;none;none;1;1;0.0;25363
244680;all;all;1;1;0.0;25364
329659;all;none;1;1;0.0;32804
244698;all;all;1;0;0.0;25370
244717;all;all;1;2;0.0;25381
274068;all;all;1;2;0.0;28383
284539;all;all;1;2;0.0;29183
323185;all;all;1;2;0.0;32394
244723;all;all;1;4;0.0;25382
244752;all;all;1;1;0.0;25390
244761;none;all;1;1;0.0;25395
269237;all;all;1;1;0.0;27718
286158;all;all;1;1;0.0;29426
244796;all;all;1;0;0.0;25402
302216;all;all;1;0;0.0;30690
244799;all;all;1;0;0.0;25402
244829;all;all;1;2;0.0;25404
330560;all;all;1;2;0.0;32852
244862;all;all;1;0;0.0;25409
249657;all;all;1;0;0.0;26045
255532;none;all;1;0;0.0;26409
256394;all;all;1;0;0.0;26449
257849;all;all;1;0;0.0;26806
257867;all;none;1;0;0.0;26808
263547;all;none;1;0;0.0;27328
263560;none;all;1;0;0.0;27329
267703;none;all;1;0;0.0;27687
271719;all;all;1;0;0.0;28006
271733;all;none;1;0;0.0;28007
276640;all;all;1;0;0.0;28738
278282;none;all;1;0;0.0;28809
280338;all;all;1;0;0.0;28845
307071;all;all;1;0;0.0;31338
315204;none;all;1;0;0.0;31686
333006;none;all;1;0;0.0;33087
244865;all;all;1;0;0.0;25409
247625;all;all;1;0;0.0;25925
256339;none;all;1;0;0.0;26445
290024;none;none;1;0;0.0;29855
244871;all;all;1;2;0.0;25411
293740;all;all;1;2;0.0;30160
244962;all;all;1;1;0.0;25429
251425;all;all;1;1;0.0;26076
263797;none;all;1;1;0.0;27347
266598;all;none;1;1;0.0;27665
245005;all;all;1;0;0.0;25441
324342;none;all;1;0;0.0;32522
245014;all;all;1;0;0.0;25441
245038;all;all;1;0;0.0;25443
271792;all;all;1;0;0.0;28011
283435;all;none;1;0;0.0;29124
245058;all;all;1;0;0.0;25445
247658;all;all;1;0;0.0;25926
262968;all;all;1;0;0.0;27286
278268;all;all;1;0;0.0;28809
282595;all;all;1;0;0.0;29089
295173;all;all;1;0;0.0;30338
311567;all;none;1;0;0.0;31568
245112;all;none;1;1;0.0;25461
246784;all;all;1;1;0.0;25862
313556;none;all;1;1;0.0;31592
245126;all;all;1;4;0.0;25463
296569;all;all;1;4;0.0;30422
245160;all;all;1;0;0.0;25468
252178;all;all;1;0;0.0;26107
275150;all;all;1;0;0.0;28636
277121;all;all;1;0;0.0;28799
283268;all;all;1;0;0.0;29115
296779;all;none;1;0;0.0;30425
302962;none;all;1;0;0.0;30756
319852;all;all;1;0;0.0;31948
328904;all;all;1;0;0.0;32749
330103;all;all;1;0;0.0;32835
245196;all;all;1;0;0.0;25480
258748;all;none;1;0;0.0;26934
245197;all;all;1;0;0.0;25480
254620;all;all;1;0;0.0;26362
273730;all;none;1;0;0.0;28294
277173;all;all;1;0;0.0;28800
289537;all;all;1;0;0.0;29843
306028;all;all;1;0;0.0;31084
320208;none;all;1;0;0.0;31962
245210;all;none;1;0;0.0;25481
318734;all;all;1;0;0.0;31922
245228;all;all;1;1;0.0;25481
324466;all;all;1;1;0.0;32524
245269;all;all;1;0;0.0;25483
289358;none;all;1;0;0.0;29841
245275;all;all;1;1;0.0;25483
248743;all;all;1;1;0.0;26040
281881;all;all;1;1;0.0;29041
318912;none;all;1;1;0.0;31924
245292;all;all;1;2;0.0;25484
271636;none;all;1;2;0.0;28003
285677;all;all;1;2;0.0;29322
245362;all;all;1;1;0.0;25489
289821;all;all;1;1;0.0;29848
245369;none;all;1;2;0.0;25491
245373;all;all;1;2;0.0;25492
253269;all;all;1;2;0.0;26284
245445;none;all;1;1;0.0;25502
333236;all;all;1;1;0.0;33104
245471;all;all;1;2;0.0;25504
245509;all;all;1;0;0.0;25507
269191;all;all;1;0;0.0;27716
300083;all;all;1;0;0.0;30476
328474;all;none;1;0;0.0;32709
245573;all;all;1;0;0.0;25516
245588;all;all;1;4;0.0;25520
325247;none;all;1;4;0.0;32563
245614;all;all;1;0;0.0;25522
302265;all;all;1;0;0.0;30694
315801;all;all;1;0;0.0;31760
245636;all;all;1;2;0.0;25524
249445;none;all;1;2;0.0;26044
263452;all;all;1;2;0.0;27324
280290;all;all;1;2;0.0;28844
297294;all;all;1;2;0.0;30441
297435;all;all;1;2;0.0;30441
308240;all;all;1;2;0.0;31440
310422;all;all;1;2;0.0;31561
321665;all;all;1;2;0.0;32203
245646;all;all;1;0;0.0;25526
255478;all;all;1;0;0.0;26408
267792;all;all;1;0;0.0;27689
274447;none;all;1;0;0.0;28526
278215;none;all;1;0;0.0;28808
281383;all;all;1;0;0.0;28968
282492;all;all;1;0;0.0;29086
287838;all;none;1;0;0.0;29689
288620;none;all;1;0;0.0;29776
289087;all;all;1;0;0.0;29808
294512;none;all;1;0;0.0;30205
302213;all;none;1;0;0.0;30689
303425;all;all;1;0;0.0;30778
305422;all;all;1;0;0.0;31015
324702;all;none;1;0;0.0;32537
245656;all;all;1;2;0.0;25528
247084;all;all;1;2;0.0;25886
249602;all;none;1;2;0.0;26045
251783;all;all;1;2;0.0;26085
257619;all;all;1;2;0.0;26766
260521;all;none;1;2;0.0;27085
267779;all;all;1;2;0.0;27689
280327;none;all;1;2;0.0;28845
281378;all;all;1;2;0.0;28967
291425;all;all;1;2;0.0;29935
291736;none;none;1;2;0.0;29965
298138;all;all;1;2;0.0;30447
298250;all;all;1;2;0.0;30449
301081;all;all;1;2;0.0;30578
309870;all;none;1;2;0.0;31526
312060;none;all;1;2;0.0;31579
314273;all;all;1;2;0.0;31607
316271;all;all;1;2;0.0;31809
316941;all;all;1;2;0.0;31845
317018;all;all;1;2;0.0;31847
326140;all;none;1;2;0.0;32605
333030;all;all;1;2;0.0;33089
245686;all;all;1;0;0.0;25540
269566;all;all;1;0;0.0;27751
245711;all;all;1;2;0.0;25544
245744;all;all;1;0;0.0;25552
250400;all;all;1;0;0.0;26061
252069;all;all;1;0;0.0;26103
313676;all;all;1;0;0.0;31594
245769;all;all;1;1;0.0;25561
251536;all;all;1;1;0.0;26080
289966;all;all;1;1;0.0;29853
311094;all;all;1;1;0.0;31563
318846;all;all;1;1;0.0;31923
245771;none;all;1;1;0.0;25561
245817;all;none;1;2;0.0;25574
295014;all;all;1;2;0.0;30323
304523;all;all;1;2;0.0;30922
245881;all;all;1;4;0.0;25602
253003;all;none;1;4;0.0;26242
332837;all;all;1;4;0.0;33081
245916;all;all;1;0;0.0;25614
245925;all;none;1;2;0.0;25621
271121;none;all;1;2;0.0;27954
281996;all;all;1;2;0.0;29061
296926;all;none;1;2;0.0;30431
299124;all;all;1;2;0.0;30463
299952;all;all;1;2;0.0;30473
300799;all;all;1;2;0.0;30542
306271;all;all;1;2;0.0;31143
309018;all;all;1;2;0.0;31463
323387;all;all;1;2;0.0;32420
327291;all;all;1;2;0.0;32630
245936;all;all;1;2;0.0;25623
245988;all;all;1;2;0.0;25643
245992;all;all;1;5;0.0;25643
264110;none;none;1;5;0.0;27401
273898;all;all;1;5;0.0;28332
275217;all;all;1;5;0.0;28642
277810;all;none;1;5;0.0;28804
302652;all;all;1;5;0.0;30723
320238;all;all;1;5;0.0;31962
323561;all;all;1;5;0.0;32441
245994;all;none;1;4;0.0;25644
282649;all;all;1;4;0.0;29092
246026;all;none;1;2;0.0;25661
246109;all;all;1;1;0.0;25707
252190;all;all;1;1;0.0;26107
300097;all;all;1;1;0.0;30477
246148;all;all;1;0;0.0;25725
246461;none;all;1;0;0.0;25808
249656;all;all;1;0;0.0;26045
254714;all;all;1;0;0.0;26368
276039;none;all;1;0;0.0;28697
281154;all;all;1;0;0.0;28937
288479;none;all;1;0;0.0;29765
321707;all;all;1;0;0.0;32207
325295;none;all;1;0;0.0;32568
326157;all;all;1;0;0.0;32605
246239;all;all;1;1;0.0;25763
259224;all;all;1;1;0.0;27002
293023;none;all;1;1;0.0;30083
246284;all;none;1;2;0.0;25771
251757;all;all;1;2;0.0;26084
283878;none;none;1;2;0.0;29162
310699;none;all;1;2;0.0;31562
246397;all;all;1;0;0.0;25800
265960;all;all;1;0;0.0;27641
246430;all;all;1;0;0.0;25803
283380;all;all;1;0;0.0;29122
246481;all;all;1;0;0.0;25820
246519;all;all;1;1;0.0;25825
255999;all;none;1;1;0.0;26427
268747;none;all;1;1;0.0;27706
272964;all;none;1;1;0.0;28195
279581;all;all;1;1;0.0;28828
290816;all;all;1;1;0.0;29876
306163;all;all;1;1;0.0;31118
246527;none;none;1;3;0.0;25827
248066;none;all;1;3;0.0;25948
251075;none;all;1;3;0.0;26068
265466;all;all;1;3;0.0;27586
272891;all;all;1;3;0.0;28185
295278;all;all;1;3;0.0;30345
321579;all;all;1;3;0.0;32189
330915;all;all;1;3;0.0;32868
246538;all;all;1;0;0.0;25829
246846;all;all;1;0;0.0;25866
261744;none;none;1;0;0.0;27147
262754;all;all;1;0;0.0;27275
266707;all;all;1;0;0.0;27669
268890;all;all;1;0;0.0;27709
279332;none;all;1;0;0.0;28826
289189;all;none;1;0;0.0;29829
291864;none;all;1;0;0.0;29985
302441;all;all;1;0;0.0;30706
304451;all;all;1;0;0.0;30919
308115;all;all;1;0;0.0;31426
312952;all;all;1;0;0.0;31585
327516;none;all;1;0;0.0;32635
328556;all;all;1;0;0.0;32718
332024;none;all;1;0;0.0;32947
246581;none;all;1;0;0.0;25840
258739;all;all;1;0;0.0;26931
246586;all;all;1;1;0.0;25841
246601;all;all;1;0;0.0;25841
258638;all;all;1;0;0.0;26922
292406;all;all;1;0;0.0;30042
315119;all;all;1;0;0.0;31680
246613;all;all;1;3;0.0;25842
273268;all;none;1;3;0.0;28243
296361;all;all;1;3;0.0;30413
308742;all;all;1;3;0.0;31452
246640;none;all;1;1;0.0;25843
246652;all;all;1;2;0.0;25844
323998;none;none;1;2;0.0;32483
246659;all;all;1;2;0.0;25844
255307;none;all;1;2;0.0;26404
280123;all;all;1;2;0.0;28840
293166;all;all;1;2;0.0;30090
246702;all;all;1;1;0.0;25848
249758;all;all;1;1;0.0;26047
267579;none;all;1;1;0.0;27685
271250;all;all;1;1;0.0;27965
271712;all;all;1;1;0.0;28005
275314;all;all;1;1;0.0;28647
292512;all;all;1;1;0.0;30047
295099;all;all;1;1;0.0;30328
311335;all;all;1;1;0.0;31565
311637;all;all;1;1;0.0;31569
312045;all;all;1;1;0.0;31578
320840;all;all;1;1;0.0;32046
326221;all;all;1;1;0.0;32607
246730;all;all;1;0;0.0;25853
260740;none;all;1;0;0.0;27092
262252;none;all;1;0;0.0;27204
286255;all;all;1;0;0.0;29444
293838;all;all;1;0;0.0;30162
297486;all;all;1;0;0.0;30442
321005;all;all;1;0;0.0;32092
324402;all;none;1;0;0.0;32523
328047;none;all;1;0;0.0;32680
246750;all;all;1;2;0.0;25860
246756;all;all;1;2;0.0;25860
290199;all;all;1;2;0.0;29862
330772;all;all;1;2;0.0;32863
246877;all;none;1;0;0.0;25869
256584;all;all;1;0;0.0;26479
262711;all;all;1;0;0.0;27267
295331;all;none;1;0;0.0;30349
301938;none;all;1;0;0.0;30665
246938;all;none;1;3;0.0;25880
262931;all;none;1;3;0.0;27284
246965;none;all;1;1;0.0;25881
251548;all;all;1;1;0.0;26080
303020;none;all;1;1;0.0;30760
246981;all;none;1;0;0.0;25881
253951;all;all;1;0;0.0;26331
309461;all;all;1;0;0.0;31484
246993;all;all;1;1;0.0;25882
295853;all;all;1;1;0.0;30400
247007;all;all;1;2;0.0;25882
247008;all;all;1;4;0.0;25883
252966;all;none;1;4;0.0;26240
285059;all;all;1;4;0.0;29201
324246;all;all;1;4;0.0;32520
247033;all;all;1;3;0.0;25883
271531;all;all;1;3;0.0;28001
247034;all;all;1;3;0.0;25883
248793;none;all;1;3;0.0;26040
247125;all;all;1;1;0.0;25889
306038;all;all;1;1;0.0;31087
311367;all;all;1;1;0.0;31565
331630;all;all;1;1;0.0;32928
247135;none;all;1;1;0.0;25892
247214;all;none;1;0;0.0;25904
269066;all;all;1;0;0.0;27712
247237;all;all;1;1;0.0;25906
319707;all;none;1;1;0.0;31945
325462;all;all;1;1;0.0;32598
247242;all;all;1;3;0.0;25906
253368;all;all;1;3;0.0;26305
279460;all;all;1;3;0.0;28827
288854;all;all;1;3;0.0;29788
247293;all;none;1;2;0.0;25913
257189;all;all;1;2;0.0;26664
259784;all;all;1;2;0.0;27032
294851;all;all;1;2;0.0;30301
247324;all;all;1;1;0.0;25920
284039;all;all;1;1;0.0;29164
247335;all;all;1;0;0.0;25920
247380;all;all;1;0;0.0;25921
247402;all;all;1;3;0.0;25921
267156;all;none;1;3;0.0;27682
277313;all;none;1;3;0.0;28801
277807;all;all;1;3;0.0;28803
277860;none;all;1;3;0.0;28804
282104;all;all;1;3;0.0;29080
288045;none;none;1;3;0.0;29721
293049;all;all;1;3;0.0;30084
303006;all;all;1;3;0.0;30760
305306;all;all;1;3;0.0;31004
315583;all;all;1;3;0.0;31734
323266;none;all;1;3;0.0;32402
328102;all;all;1;3;0.0;32682
247429;all;all;1;0;0.0;25921
247446;all;all;1;0;0.0;25922
271565;all;all;1;0;0.0;28001
275350;none;all;1;0;0.0;28651
325533;none;none;1;0;0.0;32600
247455;all;all;1;3;0.0;25922
247457;all;all;1;1;0.0;25922
277588;none;all;1;1;0.0;28802
320834;all;all;1;1;0.0;32044
247463;all;all;1;2;0.0;25922
327808;none;none;1;2;0.0;32654
247480;none;all;1;3;0.0;25922
247484;all;all;1;1;0.0;25922
247498;all;all;1;0;0.0;25923
251646;all;all;1;0;0.0;26082
247512;all;all;1;0;0.0;25923
309518;all;none;1;0;0.0;31490
309757;all;all;1;0;0.0;31521
316533;all;all;1;0;0.0;31840
247587;all;all;1;0;0.0;25924
247597;all;all;1;2;0.0;25924
318609;all;all;1;2;0.0;31921
247623;all;all;1;5;0.0;25925
265297;all;all;1;5;0.0;27569
281671;all;all;1;5;0.0;29007
282557;all;all;1;5;0.0;29088
284226;all;all;1;5;0.0;29169
286282;all;all;1;5;0.0;29448
292500;all;all;1;5;0.0;30046
300313;all;all;1;5;0.0;30488
309937;all;all;1;5;0.0;31535
314944;all;none;1;5;0.0;31645
330467;all;all;1;5;0.0;32846
247687;none;all;1;0;0.0;25928
274956;all;all;1;0;0.0;28609
287212;all;all;1;0;0.0;29605
320306;all;all;1;0;0.0;31965
247746;none;all;1;0;0.0;25930
247751;all;all;1;0;0.0;25931
286947;all;all;1;0;0.0;29573
302135;all;all;1;0;0.0;30683
247826;all;all;1;0;0.0;25940
324175;none;none;1;0;0.0;32514
247864;all;all;1;2;0.0;25941
254885;all;all;1;2;0.0;26393
257162;all;all;1;2;0.0;26660
262009;all;all;1;2;0.0;27181
279079;all;all;1;2;0.0;28823
293386;all;none;1;2;0.0;30104
296548;all;all;1;2;0.0;30421
317430;all;all;1;2;0.0;31862
324764;none;all;1;2;0.0;32541
326769;all;all;1;2;0.0;32622
247957;all;all;1;0;0.0;25944
261709;none;none;1;0;0.0;27143
272422;all;all;1;0;0.0;28101
290192;all;all;1;0;0.0;29861
290671;all;all;1;0;0.0;29871
290697;all;all;1;0;0.0;29872
247963;all;none;1;1;0.0;25944
313578;none;all;1;1;0.0;31592
247990;all;all;1;0;0.0;25945
256022;none;all;1;0;0.0;26428
265057;all;all;1;0;0.0;27547
288180;none;none;1;0;0.0;29746
248009;all;all;1;0;0.0;25946
253145;all;all;1;0;0.0;26266
248018;all;all;1;0;0.0;25946
251469;none;all;1;0;0.0;26077
262062;all;all;1;0;0.0;27185
264017;all;all;1;0;0.0;27387
268941;all;none;1;0;0.0;27709
329415;all;all;1;0;0.0;32795
333264;none;all;1;0;0.0;33105
248036;all;all;1;2;0.0;25947
264682;all;all;1;2;0.0;27436
268692;all;all;1;2;0.0;27706
248104;all;all;1;0;0.0;25949
283641;all;all;1;0;0.0;29149
248142;all;all;1;0;0.0;25952
278873;all;all;1;0;0.0;28821
248183;all;all;1;1;0.0;25956
248228;all;all;1;3;0.0;25961
248259;all;none;1;0;0.0;25964
265996;all;none;1;0;0.0;27642
278467;all;none;1;0;0.0;28813
248260;none;none;1;1;0.0;25964
290891;none;none;1;1;0.0;29880
248310;all;all;1;1;0.0;25980
256154;all;all;1;1;0.0;26434
248319;none;all;1;2;0.0;25981
255643;all;all;1;2;0.0;26420
255858;all;none;1;2;0.0;26424
264531;all;none;1;2;0.0;27424
268173;all;all;1;2;0.0;27700
269846;none;all;1;2;0.0;27792
272436;all;all;1;2;0.0;28103
280540;all;all;1;2;0.0;28861
308083;none;all;1;2;0.0;31424
308086;all;all;1;2;0.0;31424
309265;all;all;1;2;0.0;31472
248321;all;all;1;1;0.0;25981
250386;all;all;1;1;0.0;26061
248361;none;all;1;2;0.0;25987
253152;all;all;1;2;0.0;26266
294728;none;all;1;2;0.0;30267
309073;all;all;1;2;0.0;31465
318378;all;all;1;2;0.0;31907
248374;all;none;1;1;0.0;25989
310095;all;all;1;1;0.0;31549
248378;all;all;1;0;0.0;25989
257065;all;all;1;0;0.0;26636
268685;all;all;1;0;0.0;27706
248407;all;none;1;0;0.0;26000
255169;none;all;1;0;0.0;26403
325617;none;all;1;0;0.0;32601
331138;all;none;1;0;0.0;32883
248565;all;all;1;1;0.0;26010
248574;all;all;1;6;0.0;26013
251657;all;all;1;6;0.0;26082
248578;all;all;1;2;0.0;26014
269364;all;all;1;2;0.0;27724
308505;all;all;1;2;0.0;31443
248640;all;all;1;3;0.0;26024
248668;all;all;1;0;0.0;26026
248708;all;all;1;2;0.0;26031
248716;all;all;1;1;0.0;26033
274513;all;all;1;1;0.0;28543
279847;none;none;1;1;0.0;28833
248718;all;all;1;2;0.0;26033
248740;all;all;1;0;0.0;26039
269214;all;all;1;0;0.0;27717
288959;all;none;1;0;0.0;29795
292223;all;all;1;0;0.0;30025
299406;all;all;1;0;0.0;30465
305077;all;none;1;0;0.0;30986
309350;all;all;1;0;0.0;31477
309698;all;all;1;0;0.0;31519
313798;all;all;1;0;0.0;31596
314679;all;all;1;0;0.0;31627
320081;none;all;1;0;0.0;31956
320909;none;all;1;0;0.0;32069
323864;none;all;1;0;0.0;32468
248761;none;all;1;2;0.0;26040
248772;all;all;1;0;0.0;26040
248777;all;all;1;0;0.0;26040
248781;all;all;1;5;0.0;26040
264225;all;none;1;5;0.0;27404
316682;all;all;1;5;0.0;31842
318717;none;all;1;5;0.0;31922
248796;all;all;1;0;0.0;26040
260074;all;all;1;0;0.0;27080
248798;all;all;1;0;0.0;26040
318624;all;all;1;0;0.0;31921
248800;none;all;1;1;0.0;26040
294509;all;all;1;1;0.0;30204
301357;all;all;1;1;0.0;30603
248823;all;all;1;5;0.0;26040
325886;all;all;1;5;0.0;32603
248832;all;all;1;0;0.0;26040
254642;all;all;1;0;0.0;26363
300358;all;all;1;0;0.0;30494
248891;all;none;1;2;0.0;26040
248892;all;all;1;8;0.0;26040
301289;none;all;1;8;0.0;30601
248913;none;all;1;3;0.0;26041
293896;none;all;1;3;0.0;30163
248919;all;all;1;5;0.0;26041
272250;all;all;1;5;0.0;28053
275615;all;all;1;5;0.0;28680
316890;all;all;1;5;0.0;31844
248985;all;all;1;2;0.0;26041
305762;all;all;1;2;0.0;31042
248992;all;all;1;3;0.0;26041
271500;all;all;1;3;0.0;28000
249008;all;none;1;0;0.0;26041
318834;all;all;1;0;0.0;31923
326079;all;all;1;0;0.0;32604
249026;all;all;1;2;0.0;26041
266910;all;all;1;2;0.0;27680
249036;all;all;1;4;0.0;26041
249053;all;all;1;2;0.0;26041
270218;all;all;1;2;0.0;27844
293044;none;all;1;2;0.0;30084
249079;all;all;1;2;0.0;26041
300168;all;all;1;2;0.0;30480
311191;all;all;1;2;0.0;31564
249088;all;all;1;2;0.0;26042
293064;all;all;1;2;0.0;30084
317143;all;all;1;2;0.0;31852
249215;none;all;1;3;0.0;26042
306565;all;all;1;3;0.0;31241
249230;all;all;1;2;0.0;26042
292959;all;all;1;2;0.0;30082
249293;all;all;1;0;0.0;26043
316200;all;all;1;0;0.0;31802
249321;all;all;1;0;0.0;26043
249325;all;all;1;3;0.0;26043
255270;none;all;1;3;0.0;26404
278440;all;none;1;3;0.0;28812
285065;all;all;1;3;0.0;29201
293833;all;all;1;3;0.0;30162
327779;none;none;1;3;0.0;32650
249344;all;all;1;0;0.0;26043
249394;all;all;1;0;0.0;26043
269682;all;all;1;0;0.0;27764
307301;all;none;1;0;0.0;31362
249422;all;all;1;2;0.0;26044
253977;all;all;1;2;0.0;26333
318754;all;all;1;2;0.0;31922
318918;all;all;1;2;0.0;31924
249430;none;all;1;1;0.0;26044
249433;all;all;1;2;0.0;26044
249474;all;all;1;1;0.0;26044
250057;all;all;1;1;0.0;26052
251601;all;all;1;1;0.0;26081
256776;none;all;1;1;0.0;26562
258370;all;all;1;1;0.0;26880
249505;none;all;1;1;0.0;26044
258143;all;all;1;1;0.0;26844
269333;all;all;1;1;0.0;27722
273999;none;all;1;1;0.0;28362
304623;all;all;1;1;0.0;30931
249515;all;all;1;2;0.0;26044
305195;all;all;1;2;0.0;31001
249595;all;all;1;0;0.0;26045
264744;all;all;1;0;0.0;27445
249628;none;all;1;3;0.0;26045
274931;all;none;1;3;0.0;28606
309857;all;all;1;3;0.0;31525
249775;all;all;1;1;0.0;26047
259426;none;all;1;1;0.0;27009
262583;all;none;1;1;0.0;27247
295551;none;all;1;1;0.0;30367
316998;none;all;1;1;0.0;31847
326216;all;none;1;1;0.0;32607
249977;all;all;1;0;0.0;26049
261640;none;none;1;0;0.0;27129
265682;all;all;1;0;0.0;27608
266167;none;all;1;0;0.0;27645
266207;all;all;1;0;0.0;27647
267620;all;all;1;0;0.0;27686
270260;all;all;1;0;0.0;27849
284345;all;all;1;0;0.0;29177
292514;all;all;1;0;0.0;30047
292588;all;none;1;0;0.0;30055
315900;all;none;1;0;0.0;31766
249994;all;none;1;0;0.0;26049
253818;all;all;1;0;0.0;26326
271710;all;all;1;0;0.0;28005
276584;all;all;1;0;0.0;28725
276603;all;all;1;0;0.0;28728
284093;all;all;1;0;0.0;29165
250107;all;all;1;5;0.0;26054
267151;all;all;1;5;0.0;27682
303246;all;all;1;5;0.0;30764
303384;all;all;1;5;0.0;30773
309517;all;all;1;5;0.0;31490
316612;all;all;1;5;0.0;31841
324393;all;all;1;5;0.0;32523
332401;all;all;1;5;0.0;33001
250108;none;all;1;1;0.0;26054
250119;all;all;1;2;0.0;26054
307684;all;all;1;2;0.0;31400
250127;all;all;1;2;0.0;26055
252436;all;all;1;2;0.0;26129
262257;all;all;1;2;0.0;27205
270863;all;all;1;2;0.0;27927
276031;all;all;1;2;0.0;28695
276885;all;all;1;2;0.0;28766
250160;all;all;1;0;0.0;26058
263512;none;none;1;0;0.0;27326
250196;none;all;1;0;0.0;26060
250229;all;all;1;2;0.0;26060
250270;all;all;1;0;0.0;26060
270011;all;all;1;0;0.0;27821
250274;all;all;1;0;0.0;26060
270450;none;all;1;0;0.0;27870
250302;all;none;1;3;0.0;26061
250359;all;all;1;1;0.0;26061
306261;all;all;1;1;0.0;31141
306833;none;all;1;1;0.0;31302
250367;all;all;1;5;0.0;26061
250462;all;all;1;0;0.0;26062
299917;none;all;1;0;0.0;30472
314464;all;all;1;0;0.0;31621
250464;all;all;1;0;0.0;26062
293360;all;all;1;0;0.0;30103
306153;all;all;1;0;0.0;31113
312520;all;all;1;0;0.0;31582
327041;all;all;1;0;0.0;32624
250474;all;all;1;4;0.0;26062
305645;all;all;1;4;0.0;31030
319484;all;all;1;4;0.0;31942
250502;all;all;1;0;0.0;26062
256831;all;all;1;0;0.0;26583
278948;all;all;1;0;0.0;28822
313418;all;all;1;0;0.0;31590
250504;all;all;1;4;0.0;26062
250510;none;all;1;0;0.0;26062
250535;all;all;1;0;0.0;26063
266415;all;all;1;0;0.0;27660
270005;all;all;1;0;0.0;27820
305500;all;all;1;0;0.0;31022
250555;all;all;1;4;0.0;26063
295673;all;all;1;4;0.0;30383
303504;all;all;1;4;0.0;30781
250560;all;all;1;0;0.0;26063
250622;all;all;1;0;0.0;26063
251251;all;all;1;0;0.0;26071
273963;all;all;1;0;0.0;28350
302834;all;all;1;0;0.0;30743
250667;all;all;1;3;0.0;26064
276183;all;all;1;3;0.0;28703
250674;none;all;1;1;0.0;26064
250678;all;all;1;2;0.0;26064
281773;none;all;1;2;0.0;29024
250679;all;all;1;4;0.0;26064
250688;all;all;1;1;0.0;26064
305847;all;all;1;1;0.0;31060
315760;all;none;1;1;0.0;31754
250709;all;all;1;0;0.0;26064
250717;all;all;1;0;0.0;26064
299327;none;all;1;0;0.0;30464
299979;all;all;1;0;0.0;30473
320422;all;all;1;0;0.0;31980
250727;all;all;1;2;0.0;26064
304707;all;all;1;2;0.0;30942
250732;all;all;1;0;0.0;26064
263148;all;all;1;0;0.0;27304
294421;all;none;1;0;0.0;30194
295271;all;none;1;0;0.0;30344
300777;all;all;1;0;0.0;30541
312367;all;all;1;0;0.0;31581
315998;all;all;1;0;0.0;31782
250740;none;all;1;1;0.0;26064
312175;all;all;1;1;0.0;31580
330088;all;all;1;1;0.0;32834
250742;all;all;1;0;0.0;26064
250748;all;all;1;2;0.0;26064
250771;all;all;1;0;0.0;26065
276246;all;all;1;0;0.0;28705
296850;all;all;1;0;0.0;30428
304784;all;all;1;0;0.0;30946
313200;all;all;1;0;0.0;31587
250808;all;all;1;2;0.0;26065
280031;all;all;1;2;0.0;28837
288832;none;all;1;2;0.0;29787
296774;all;all;1;2;0.0;30425
303751;all;all;1;2;0.0;30789
305593;none;all;1;2;0.0;31026
250834;all;all;1;2;0.0;26065
269203;none;all;1;2;0.0;27716
317739;all;all;1;2;0.0;31868
250878;all;all;1;0;0.0;26066
285405;all;all;1;0;0.0;29238
250899;all;all;1;0;0.0;26066
258302;none;none;1;0;0.0;26866
262381;all;all;1;0;0.0;27226
264019;all;all;1;0;0.0;27388
266699;all;all;1;0;0.0;27668
270111;all;all;1;0;0.0;27835
272464;all;all;1;0;0.0;28108
273556;all;all;1;0;0.0;28268
284783;all;all;1;0;0.0;29188
290586;all;all;1;0;0.0;29869
290601;all;all;1;0;0.0;29869
297034;all;all;1;0;0.0;30436
299414;all;all;1;0;0.0;30465
302436;all;none;1;0;0.0;30706
304210;all;none;1;0;0.0;30866
307195;all;none;1;0;0.0;31355
307673;all;all;1;0;0.0;31398
313013;all;all;1;0;0.0;31585
313391;all;all;1;0;0.0;31589
318386;all;all;1;0;0.0;31907
327547;all;none;1;0;0.0;32637
331258;none;all;1;0;0.0;32915
250999;none;all;1;0;0.0;26067
251056;all;all;1;0;0.0;26068
251002;all;none;1;0;0.0;26067
261283;none;all;1;0;0.0;27108
262094;none;all;1;0;0.0;27188
268816;all;all;1;0;0.0;27707
283262;all;all;1;0;0.0;29115
284978;all;all;1;0;0.0;29196
306885;all;all;1;0;0.0;31308
315706;all;all;1;0;0.0;31747
318355;all;all;1;0;0.0;31905
322100;all;all;1;0;0.0;32269
323089;all;all;1;0;0.0;32385
330017;all;all;1;0;0.0;32829
332016;all;all;1;0;0.0;32947
251018;all;all;1;0;0.0;26067
296841;all;all;1;0;0.0;30428
327543;all;none;1;0;0.0;32637
251025;none;all;1;0;0.0;26067
266816;all;all;1;0;0.0;27675
280719;all;all;1;0;0.0;28868
287380;none;all;1;0;0.0;29627
251057;all;none;1;1;0.0;26068
290438;all;all;1;1;0.0;29865
324949;all;all;1;1;0.0;32545
251101;all;all;1;0;0.0;26068
256067;all;all;1;0;0.0;26429
276296;all;all;1;0;0.0;28707
281009;all;all;1;0;0.0;28909
288021;all;all;1;0;0.0;29719
291631;none;all;1;0;0.0;29959
294349;all;none;1;0;0.0;30189
301180;all;all;1;0;0.0;30586
303855;all;all;1;0;0.0;30796
308142;all;all;1;0;0.0;31428
309125;none;none;1;0;0.0;31466
329989;none;all;1;0;0.0;32827
251156;all;all;1;0;0.0;26069
254854;none;all;1;0;0.0;26388
274744;all;all;1;0;0.0;28585
290790;all;all;1;0;0.0;29875
305927;all;all;1;0;0.0;31068
330911;all;all;1;0;0.0;32867
251186;all;all;1;0;0.0;26069
251255;all;none;1;1;0.0;26071
288654;all;none;1;1;0.0;29780
251273;all;all;1;2;0.0;26071
255694;none;all;1;2;0.0;26421
251300;all;all;1;2;0.0;26072
326962;all;all;1;2;0.0;32624
251332;all;all;1;1;0.0;26073
305886;all;all;1;1;0.0;31063
326616;all;all;1;1;0.0;32620
251335;all;all;1;3;0.0;26073
273450;all;all;1;3;0.0;28261
279092;all;all;1;3;0.0;28823
300431;all;none;1;3;0.0;30502
251374;all;all;1;2;0.0;26074
251422;all;all;1;0;0.0;26076
251449;none;all;1;0;0.0;26077
323526;all;all;1;0;0.0;32438
251531;none;all;1;0;0.0;26079
254265;all;all;1;0;0.0;26345
256189;all;all;1;0;0.0;26437
259681;none;all;1;0;0.0;27026
290886;all;none;1;0;0.0;29879
251537;all;all;1;0;0.0;26080
251540;all;all;1;1;0.0;26080
254603;all;all;1;1;0.0;26361
288599;all;all;1;1;0.0;29774
329019;all;all;1;1;0.0;32761
331540;all;none;1;1;0.0;32924
251544;none;all;1;0;0.0;26080
301302;all;all;1;0;0.0;30601
251565;all;all;1;4;0.0;26080
251579;all;all;1;1;0.0;26080
266040;all;none;1;1;0.0;27642
251622;all;all;1;5;0.0;26081
272200;all;none;1;5;0.0;28040
251626;all;all;1;0;0.0;26081
289457;all;all;1;0;0.0;29842
251659;all;all;1;3;0.0;26082
251679;all;all;1;0;0.0;26082
255162;all;all;1;0;0.0;26402
251688;all;all;1;4;0.0;26083
252758;all;all;1;4;0.0;26202
251690;all;all;1;1;0.0;26083
251710;all;none;1;1;0.0;26083
305272;all;all;1;1;0.0;31003
305393;all;none;1;1;0.0;31012
308424;all;all;1;1;0.0;31442
329093;all;all;1;1;0.0;32763
251745;all;all;1;1;0.0;26084
263316;all;all;1;1;0.0;27320
280278;all;all;1;1;0.0;28843
281975;none;all;1;1;0.0;29053
251795;all;all;1;0;0.0;26085
278168;all;all;1;0;0.0;28807
284150;all;all;1;0;0.0;29167
251928;none;all;1;0;0.0;26093
323234;none;all;1;0;0.0;32401
251981;all;all;1;0;0.0;26100
251998;all;all;1;2;0.0;26101
252630;all;all;1;2;0.0;26180
299866;none;all;1;2;0.0;30472
302488;none;all;1;2;0.0;30710
312744;all;all;1;2;0.0;31583
252015;all;all;1;2;0.0;26101
252019;none;all;1;0;0.0;26101
327968;none;none;1;0;0.0;32670
252146;all;all;1;1;0.0;26105
255954;all;all;1;1;0.0;26426
252189;all;all;1;0;0.0;26107
303850;all;all;1;0;0.0;30796
252257;all;all;1;0;0.0;26110
252275;all;all;1;2;0.0;26112
278924;all;all;1;2;0.0;28822
299932;all;all;1;2;0.0;30473
252329;all;all;1;1;0.0;26118
299739;all;all;1;1;0.0;30469
313188;all;all;1;1;0.0;31587
252335;none;all;1;2;0.0;26119
253372;all;all;1;2;0.0;26306
268715;all;all;1;2;0.0;27706
313824;none;all;1;2;0.0;31597
333396;all;all;1;2;0.0;33115
252359;all;all;1;2;0.0;26121
252360;all;all;1;1;0.0;26121
263295;none;all;1;1;0.0;27320
303068;none;all;1;1;0.0;30761
252367;none;all;1;2;0.0;26121
252370;none;all;1;3;0.0;26122
257254;all;all;1;3;0.0;26682
269980;all;all;1;3;0.0;27812
287208;all;none;1;3;0.0;29604
252374;none;all;1;1;0.0;26122
258679;all;all;1;1;0.0;26924
295857;all;all;1;1;0.0;30400
252388;all;all;1;0;0.0;26123
252398;all;all;1;0;0.0;26124
259229;none;all;1;0;0.0;27003
266302;all;all;1;0;0.0;27652
270907;all;all;1;0;0.0;27933
272535;all;all;1;0;0.0;28124
275251;all;all;1;0;0.0;28643
289666;all;all;1;0;0.0;29844
303083;none;all;1;0;0.0;30761
321962;all;all;1;0;0.0;32244
321999;all;all;1;0;0.0;32252
329631;all;all;1;0;0.0;32804
252437;all;all;1;1;0.0;26129
252443;none;all;1;2;0.0;26133
265921;all;all;1;2;0.0;27640
306193;all;all;1;2;0.0;31122
308384;none;all;1;2;0.0;31442
310936;all;all;1;2;0.0;31563
252457;all;all;1;3;0.0;26141
293545;all;all;1;3;0.0;30113
319377;none;all;1;3;0.0;31940
331206;all;all;1;3;0.0;32902
252460;all;all;1;4;0.0;26141
261364;all;all;1;4;0.0;27111
252500;all;none;1;0;0.0;26148
275498;all;all;1;0;0.0;28666
288008;none;all;1;0;0.0;29715
297056;none;all;1;0;0.0;30439
252508;all;all;1;2;0.0;26150
252572;all;all;1;0;0.0;26164
303084;all;all;1;0;0.0;30761
309456;all;all;1;0;0.0;31483
252611;all;all;1;0;0.0;26169
252644;all;all;1;2;0.0;26182
252645;all;all;1;3;0.0;26182
287608;all;all;1;3;0.0;29662
301896;all;none;1;3;0.0;30661
252655;all;none;1;1;0.0;26183
331964;all;all;1;1;0.0;32944
252662;all;all;1;1;0.0;26184
252694;all;all;1;1;0.0;26189
252701;all;none;1;4;0.0;26191
299949;all;none;1;4;0.0;30473
252750;all;all;1;2;0.0;26201
252780;all;all;1;0;0.0;26203
311741;all;all;1;0;0.0;31571
252852;all;all;1;2;0.0;26218
253817;all;all;1;2;0.0;26326
262977;all;all;1;2;0.0;27286
252856;all;all;1;1;0.0;26220
252857;all;none;1;2;0.0;26220
252874;all;all;1;0;0.0;26222
312308;none;all;1;0;0.0;31581
252886;all;all;1;1;0.0;26223
252926;all;all;1;2;0.0;26228
288191;none;none;1;2;0.0;29748
292756;all;all;1;2;0.0;30068
299542;all;all;1;2;0.0;30466
252931;none;all;1;0;0.0;26229
254277;none;all;1;0;0.0;26345
261129;all;all;1;0;0.0;27105
314703;none;all;1;0;0.0;31628
252933;all;all;1;0;0.0;26229
266655;all;none;1;0;0.0;27667
288826;all;all;1;0;0.0;29787
253075;all;all;1;2;0.0;26260
253129;all;all;1;5;0.0;26264
253140;all;all;1;1;0.0;26265
265511;all;all;1;1;0.0;27589
306132;none;all;1;1;0.0;31108
253186;all;all;1;0;0.0;26271
266518;all;all;1;0;0.0;27663
325436;none;all;1;0;0.0;32592
253242;all;all;1;1;0.0;26282
253278;none;all;1;2;0.0;26284
311129;all;all;1;2;0.0;31564
253327;none;all;1;3;0.0;26300
253377;all;all;1;0;0.0;26307
332537;all;none;1;0;0.0;33026
253394;all;all;1;3;0.0;26310
253413;all;none;1;1;0.0;26318
332740;none;all;1;1;0.0;33069
253467;none;all;1;0;0.0;26320
315507;all;all;1;0;0.0;31724
253478;none;all;1;0;0.0;26320
253479;all;all;1;3;0.0;26320
302146;all;all;1;3;0.0;30684
331415;all;none;1;3;0.0;32922
253481;all;all;1;3;0.0;26320
300983;all;all;1;3;0.0;30563
253498;all;all;1;6;0.0;26321
253511;all;all;1;3;0.0;26321
297831;all;all;1;3;0.0;30443
253525;all;all;1;3;0.0;26321
253556;all;none;1;0;0.0;26322
253596;all;all;1;2;0.0;26322
253666;none;none;1;1;0.0;26323
253681;all;all;1;0;0.0;26323
260066;none;all;1;0;0.0;27080
262868;all;all;1;0;0.0;27282
267350;all;all;1;0;0.0;27683
291347;all;all;1;0;0.0;29924
300334;none;all;1;0;0.0;30491
321414;all;all;1;0;0.0;32163
322417;all;none;1;0;0.0;32322
323601;all;none;1;0;0.0;32442
253754;all;all;1;4;0.0;26324
254666;all;all;1;4;0.0;26364
259153;all;none;1;4;0.0;27001
253766;all;all;1;0;0.0;26324
296162;all;all;1;0;0.0;30404
332477;all;all;1;0;0.0;33013
253816;none;all;1;0;0.0;26326
257847;all;all;1;0;0.0;26806
259484;all;all;1;0;0.0;27016
260677;all;all;1;0;0.0;27089
261951;all;none;1;0;0.0;27169
274935;all;all;1;0;0.0;28607
293236;all;all;1;0;0.0;30097
308644;all;all;1;0;0.0;31447
308679;none;all;1;0;0.0;31449
330456;all;all;1;0;0.0;32845
253841;all;all;1;0;0.0;26327
284194;all;all;1;0;0.0;29168
253872;all;all;1;1;0.0;26328
258713;all;all;1;1;0.0;26927
272242;all;all;1;1;0.0;28049
272255;all;all;1;1;0.0;28056
286310;all;all;1;1;0.0;29458
292139;none;none;1;1;0.0;30017
296187;all;all;1;1;0.0;30405
319283;all;all;1;1;0.0;31936
321016;all;all;1;1;0.0;32097
323677;all;all;1;1;0.0;32446
328710;all;all;1;1;0.0;32727
331636;all;all;1;1;0.0;32928
253935;none;all;1;0;0.0;26329
253943;all;all;1;2;0.0;26330
270520;all;all;1;2;0.0;27881
300207;none;all;1;2;0.0;30481
302007;all;all;1;2;0.0;30680
254025;all;all;1;2;0.0;26340
259541;all;all;1;2;0.0;27021
308870;all;none;1;2;0.0;31461
254040;all;all;1;0;0.0;26340
268194;all;all;1;0;0.0;27701
254057;all;none;1;0;0.0;26340
254058;all;all;1;4;0.0;26340
261678;none;none;1;4;0.0;27141
307124;all;all;1;4;0.0;31343
254080;all;all;1;2;0.0;26341
254101;none;all;1;1;0.0;26341
254127;none;all;1;0;0.0;26342
326702;all;all;1;0;0.0;32621
254130;all;none;1;0;0.0;26342
254134;all;all;1;4;0.0;26342
325043;none;all;1;4;0.0;32550
254149;all;all;1;3;0.0;26342
285371;all;all;1;3;0.0;29231
254181;all;all;1;3;0.0;26343
254213;all;none;1;0;0.0;26344
308033;all;all;1;0;0.0;31422
254224;all;all;1;2;0.0;26344
254247;all;all;1;1;0.0;26344
285991;all;all;1;1;0.0;29394
254276;all;all;1;0;0.0;26345
254312;all;all;1;2;0.0;26346
266734;all;all;1;2;0.0;27669
283321;all;all;1;2;0.0;29119
283693;all;all;1;2;0.0;29158
294276;all;all;1;2;0.0;30185
322133;all;all;1;2;0.0;32278
254317;all;all;1;1;0.0;26346
254341;none;all;1;1;0.0;26347
303999;all;all;1;1;0.0;30827
254371;all;all;1;0;0.0;26348
254453;all;all;1;3;0.0;26350
254476;all;all;1;1;0.0;26352
254488;all;all;1;0;0.0;26352
256996;none;all;1;0;0.0;26622
282879;all;all;1;0;0.0;29103
314815;all;none;1;0;0.0;31634
254538;all;none;1;0;0.0;26356
255973;none;all;1;0;0.0;26427
259731;all;all;1;0;0.0;27028
268701;all;all;1;0;0.0;27706
283294;all;none;1;0;0.0;29117
294574;all;all;1;0;0.0;30227
295303;none;all;1;0;0.0;30347
313253;all;all;1;0;0.0;31588
254585;none;all;1;3;0.0;26360
321384;all;all;1;3;0.0;32161
254653;none;all;1;0;0.0;26363
254709;all;all;1;1;0.0;26368
267624;all;all;1;1;0.0;27686
274697;all;all;1;1;0.0;28579
308778;all;all;1;1;0.0;31455
314259;all;all;1;1;0.0;31607
254729;all;all;1;3;0.0;26370
318841;all;all;1;3;0.0;31923
330200;all;all;1;3;0.0;32841
254746;all;all;1;0;0.0;26378
256392;none;none;1;0;0.0;26449
263567;all;none;1;0;0.0;27329
276895;all;all;1;0;0.0;28768
308628;all;all;1;0;0.0;31447
317237;all;all;1;0;0.0;31859
321744;none;all;1;0;0.0;32216
324571;all;all;1;0;0.0;32528
326263;all;all;1;0;0.0;32608
254770;all;all;1;0;0.0;26381
254780;all;all;1;0;0.0;26382
254783;all;all;1;2;0.0;26382
254790;all;all;1;2;0.0;26383
276199;all;all;1;2;0.0;28703
254875;all;all;1;2;0.0;26390
281190;all;all;1;2;0.0;28943
294163;all;none;1;2;0.0;30181
254882;all;none;1;0;0.0;26392
254892;all;all;1;3;0.0;26394
290676;all;all;1;3;0.0;29871
255001;all;all;1;2;0.0;26401
255003;all;all;1;0;0.0;26401
255045;all;all;1;1;0.0;26401
255146;all;all;1;0;0.0;26402
255172;none;all;1;1;0.0;26403
255180;all;all;1;3;0.0;26403
255215;all;all;1;2;0.0;26403
265315;all;all;1;2;0.0;27572
328660;none;all;1;2;0.0;32723
255234;none;all;1;0;0.0;26403
267265;all;all;1;0;0.0;27682
304522;all;all;1;0;0.0;30922
325748;all;all;1;0;0.0;32602
255267;all;none;1;1;0.0;26404
294487;all;all;1;1;0.0;30202
255305;all;all;1;1;0.0;26404
277890;all;all;1;1;0.0;28804
255335;all;all;1;2;0.0;26404
255448;none;all;1;0;0.0;26407
259391;all;none;1;0;0.0;27007
262267;all;all;1;0;0.0;27206
277982;none;all;1;0;0.0;28805
278135;all;all;1;0;0.0;28807
305340;all;none;1;0;0.0;31007
309513;none;all;1;0;0.0;31489
311453;none;all;1;0;0.0;31566
311571;none;none;1;0;0.0;31568
255451;all;all;1;0;0.0;26407
271276;all;all;1;0;0.0;27968
275292;all;all;1;0;0.0;28645
301026;none;all;1;0;0.0;30565
255473;all;all;1;1;0.0;26408
255613;none;all;1;1;0.0;26416
285599;all;all;1;1;0.0;29295
307861;none;none;1;1;0.0;31406
255561;all;all;1;3;0.0;26411
257574;all;all;1;3;0.0;26761
260741;all;none;1;3;0.0;27092
255568;all;all;1;4;0.0;26411
255575;none;all;1;4;0.0;26412
255596;all;all;1;3;0.0;26414
270882;all;all;1;3;0.0;27930
286953;all;all;1;3;0.0;29574
255597;all;all;1;0;0.0;26414
303939;all;all;1;0;0.0;30810
255642;none;all;1;0;0.0;26420
255656;none;none;1;1;0.0;26420
315297;all;none;1;1;0.0;31703
255695;all;all;1;1;0.0;26421
270007;all;all;1;1;0.0;27820
255702;all;all;1;2;0.0;26421
255703;all;all;1;2;0.0;26421
259507;none;all;1;2;0.0;27020
274717;all;all;1;2;0.0;28582
255722;none;all;1;1;0.0;26421
279203;all;all;1;1;0.0;28824
293375;all;all;1;1;0.0;30104
255753;none;all;1;2;0.0;26422
255801;all;none;1;2;0.0;26423
301565;all;all;1;2;0.0;30622
255816;all;all;1;2;0.0;26423
255820;all;all;1;2;0.0;26423
255865;all;all;1;0;0.0;26424
269115;none;all;1;0;0.0;27714
269458;all;all;1;0;0.0;27740
282815;all;all;1;0;0.0;29101
333196;all;all;1;0;0.0;33102
255874;all;all;1;2;0.0;26424
255913;all;all;1;0;0.0;26425
266642;none;none;1;0;0.0;27666
303848;all;all;1;0;0.0;30795
256010;all;all;1;0;0.0;26428
290435;none;all;1;0;0.0;29865
300876;none;all;1;0;0.0;30549
306439;all;all;1;0;0.0;31188
313765;all;all;1;0;0.0;31595
313901;all;all;1;0;0.0;31599
256016;all;all;1;0;0.0;26428
263213;all;none;1;0;0.0;27309
300054;none;all;1;0;0.0;30475
315352;none;all;1;0;0.0;31709
256046;all;none;1;1;0.0;26429
279606;all;all;1;1;0.0;28829
317704;all;all;1;1;0.0;31867
256126;all;all;1;1;0.0;26432
291847;all;all;1;1;0.0;29983
322016;all;all;1;1;0.0;32260
256145;all;none;1;2;0.0;26434
256178;all;all;1;0;0.0;26436
266718;all;all;1;0;0.0;27669
292727;all;none;1;0;0.0;30066
256195;all;all;1;0;0.0;26437
272026;all;all;1;0;0.0;28026
327234;all;all;1;0;0.0;32629
256213;all;all;1;1;0.0;26439
290442;all;all;1;1;0.0;29865
300089;all;all;1;1;0.0;30476
303990;none;all;1;1;0.0;30825
256279;all;all;1;0;0.0;26442
285820;none;all;1;0;0.0;29361
330143;all;all;1;0;0.0;32840
256296;all;all;1;2;0.0;26443
262164;none;all;1;2;0.0;27200
262531;all;all;1;2;0.0;27243
256318;none;all;1;2;0.0;26444
256321;all;all;1;3;0.0;26444
256430;all;all;1;0;0.0;26460
266770;all;all;1;0;0.0;27672
256449;all;all;1;1;0.0;26462
256482;all;all;1;3;0.0;26464
276207;all;all;1;3;0.0;28704
327395;none;all;1;3;0.0;32632
329367;all;none;1;3;0.0;32790
256492;all;all;1;0;0.0;26465
309323;all;none;1;0;0.0;31475
256515;none;all;1;2;0.0;26467
264023;all;all;1;2;0.0;27389
300478;none;all;1;2;0.0;30505
309356;all;all;1;2;0.0;31478
320619;all;all;1;2;0.0;31998
256525;none;all;1;0;0.0;26468
273151;all;all;1;0;0.0;28229
305587;all;all;1;0;0.0;31025
256551;all;all;1;0;0.0;26471
256628;none;all;1;0;0.0;26501
256670;all;none;1;4;0.0;26521
267852;all;all;1;4;0.0;27691
288289;all;all;1;4;0.0;29761
256698;all;all;1;0;0.0;26526
273353;all;all;1;0;0.0;28249
317069;all;all;1;0;0.0;31849
318186;all;all;1;0;0.0;31888
324035;none;none;1;0;0.0;32489
256752;all;all;1;0;0.0;26552
271114;all;all;1;0;0.0;27953
292188;all;none;1;0;0.0;30023
313512;all;none;1;0;0.0;31591
327332;all;none;1;0;0.0;32631
256763;all;all;1;1;0.0;26560
301288;all;none;1;1;0.0;30601
311175;none;all;1;1;0.0;31564
256812;all;all;1;3;0.0;26574
282343;all;all;1;3;0.0;29083
289008;all;none;1;3;0.0;29800
332816;all;all;1;3;0.0;33081
256817;all;none;1;0;0.0;26580
256892;all;all;1;0;0.0;26602
256908;none;all;1;2;0.0;26603
256941;all;all;1;0;0.0;26607
293235;all;all;1;0;0.0;30096
257000;none;all;1;1;0.0;26623
257005;all;none;1;2;0.0;26623
312881;all;all;1;2;0.0;31584
317356;none;all;1;2;0.0;31861
257141;all;all;1;0;0.0;26648
259432;all;all;1;0;0.0;27009
274028;all;all;1;0;0.0;28367
329705;all;all;1;0;0.0;32808
257163;all;all;1;0;0.0;26660
257224;all;all;1;4;0.0;26674
257238;all;all;1;0;0.0;26680
257269;all;all;1;1;0.0;26683
329581;all;none;1;1;0.0;32803
257308;all;all;1;5;0.0;26691
257320;all;all;1;0;0.0;26700
257337;all;all;1;0;0.0;26703
257413;all;all;1;0;0.0;26721
257430;all;all;1;0;0.0;26723
257432;none;all;1;0;0.0;26723
282315;all;all;1;0;0.0;29083
257502;all;all;1;0;0.0;26743
298859;all;all;1;0;0.0;30461
326942;none;none;1;0;0.0;32624
257522;none;all;1;2;0.0;26746
259836;none;all;1;2;0.0;27038
302541;all;all;1;2;0.0;30717
328432;all;all;1;2;0.0;32705
328903;all;all;1;2;0.0;32748
333275;all;all;1;2;0.0;33106
257556;all;all;1;1;0.0;26757
257570;all;none;1;0;0.0;26761
257614;all;all;1;0;0.0;26765
327771;none;none;1;0;0.0;32649
257636;none;all;1;2;0.0;26770
283344;all;all;1;2;0.0;29120
303112;all;all;1;2;0.0;30762
257640;all;all;1;1;0.0;26773
257641;all;all;1;0;0.0;26774
325611;all;all;1;0;0.0;32601
257648;none;none;1;1;0.0;26780
314517;all;all;1;1;0.0;31622
257649;all;all;1;2;0.0;26780
275022;all;all;1;2;0.0;28621
257661;all;all;1;1;0.0;26782
257718;all;all;1;2;0.0;26792
257724;all;all;1;0;0.0;26794
257746;none;all;1;0;0.0;26800
289564;all;all;1;0;0.0;29843
297587;all;all;1;0;0.0;30442
257779;all;all;1;4;0.0;26802
285094;all;all;1;4;0.0;29202
289408;all;all;1;4;0.0;29841
257816;all;all;1;2;0.0;26804
308568;all;all;1;2;0.0;31444
257818;all;all;1;0;0.0;26804
286451;all;all;1;0;0.0;29482
257909;all;all;1;0;0.0;26820
257932;all;none;1;0;0.0;26822
324896;none;all;1;0;0.0;32544
257998;none;all;1;1;0.0;26828
261183;all;all;1;1;0.0;27106
269169;all;none;1;1;0.0;27715
285763;all;all;1;1;0.0;29345
289215;all;none;1;1;0.0;29836
305624;none;all;1;1;0.0;31028
313832;all;all;1;1;0.0;31597
258066;all;all;1;0;0.0;26840
319200;all;all;1;0;0.0;31932
258103;all;all;1;1;0.0;26842
259193;all;all;1;1;0.0;27002
258135;all;all;1;1;0.0;26843
316714;all;all;1;1;0.0;31842
258177;all;all;1;0;0.0;26847
264383;none;all;1;0;0.0;27415
278557;none;all;1;0;0.0;28815
324036;none;none;1;0;0.0;32489
258209;all;all;1;3;0.0;26852
305759;all;all;1;3;0.0;31042
258245;all;all;1;0;0.0;26862
279132;all;all;1;0;0.0;28824
323819;none;all;1;0;0.0;32464
258258;all;all;1;0;0.0;26862
326822;all;all;1;0;0.0;32622
258341;all;all;1;0;0.0;26873
258397;none;all;1;0;0.0;26882
258412;all;all;1;4;0.0;26883
277639;all;all;1;4;0.0;28803
258419;all;all;1;5;0.0;26883
258456;none;none;1;2;0.0;26888
287814;all;all;1;2;0.0;29685
311497;all;all;1;2;0.0;31567
258492;none;none;1;1;0.0;26901
305018;all;all;1;1;0.0;30981
312455;all;all;1;1;0.0;31582
323901;all;none;1;1;0.0;32473
258513;all;all;1;0;0.0;26903
258590;all;all;1;4;0.0;26920
258619;none;all;1;0;0.0;26921
267495;none;none;1;0;0.0;27684
277542;all;all;1;0;0.0;28802
294503;all;all;1;0;0.0;30204
301334;all;all;1;0;0.0;30602
316765;none;all;1;0;0.0;31843
323588;all;all;1;0;0.0;32442
332596;all;none;1;0;0.0;33041
258620;all;all;1;0;0.0;26921
311294;none;all;1;0;0.0;31564
258690;all;all;1;0;0.0;26924
270786;all;all;1;0;0.0;27922
258744;all;all;1;1;0.0;26933
258801;none;all;1;0;0.0;26943
258925;none;none;1;2;0.0;26964
260262;all;all;1;2;0.0;27082
262473;all;all;1;2;0.0;27241
267230;all;all;1;2;0.0;27682
271592;all;all;1;2;0.0;28002
297419;all;all;1;2;0.0;30441
316924;all;none;1;2;0.0;31844
325478;all;all;1;2;0.0;32600
258988;none;none;1;1;0.0;26982
259006;none;none;1;2;0.0;26984
259010;none;none;1;0;0.0;26985
268883;all;all;1;0;0.0;27708
281200;none;all;1;0;0.0;28945
301952;all;all;1;0;0.0;30668
259030;none;none;1;0;0.0;26988
259036;none;none;1;0;0.0;26989
275491;all;all;1;0;0.0;28666
259067;all;all;1;1;0.0;27000
259097;all;all;1;0;0.0;27000
259108;all;none;1;2;0.0;27000
271523;all;all;1;2;0.0;28000
294990;all;all;1;2;0.0;30322
314314;all;all;1;2;0.0;31610
318074;all;all;1;2;0.0;31882
324247;all;none;1;2;0.0;32520
259155;none;none;1;3;0.0;27001
259212;all;none;1;0;0.0;27002
259234;none;none;1;1;0.0;27003
266091;all;all;1;1;0.0;27643
266903;all;all;1;1;0.0;27680
315558;all;all;1;1;0.0;31730
259256;all;all;1;5;0.0;27003
259270;all;all;1;4;0.0;27003
319159;none;all;1;4;0.0;31930
259318;all;all;1;2;0.0;27004
259341;all;all;1;0;0.0;27005
300311;none;all;1;0;0.0;30487
320317;none;all;1;0;0.0;31966
259543;all;all;1;2;0.0;27021
300524;none;all;1;2;0.0;30510
308964;all;all;1;2;0.0;31462
312883;all;all;1;2;0.0;31584
259575;all;all;1;1;0.0;27022
259581;all;all;1;2;0.0;27022
259595;all;all;1;0;0.0;27023
259648;all;none;1;0;0.0;27024
315762;all;all;1;0;0.0;31754
259691;all;all;1;0;0.0;27026
261169;all;all;1;0;0.0;27106
259727;none;all;1;0;0.0;27028
259729;all;all;1;0;0.0;27028
279548;all;none;1;0;0.0;28828
285406;all;all;1;0;0.0;29238
292710;all;all;1;0;0.0;30065
259747;all;all;1;0;0.0;27029
291567;all;all;1;0;0.0;29949
327578;all;all;1;0;0.0;32638
259761;all;all;1;1;0.0;27030
259801;all;all;1;2;0.0;27033
307531;all;all;1;2;0.0;31382
259814;all;all;1;2;0.0;27035
259820;all;all;1;0;0.0;27035
275482;all;all;1;0;0.0;28665
259849;all;all;1;2;0.0;27040
298399;all;all;1;2;0.0;30452
259893;all;none;1;2;0.0;27043
289658;all;all;1;2;0.0;29844
293764;all;all;1;2;0.0;30160
294784;all;all;1;2;0.0;30282
304273;all;all;1;2;0.0;30880
324301;none;all;1;2;0.0;32521
259954;all;all;1;0;0.0;27060
260058;all;all;1;1;0.0;27080
271693;all;all;1;1;0.0;28004
310296;all;all;1;1;0.0;31560
260071;all;all;1;3;0.0;27080
260082;all;all;1;4;0.0;27080
260099;all;all;1;1;0.0;27080
260112;none;all;1;0;0.0;27080
292559;none;all;1;0;0.0;30052
260117;all;none;1;2;0.0;27080
260243;all;all;1;2;0.0;27082
265897;all;all;1;2;0.0;27640
298403;none;all;1;2;0.0;30452
260246;all;none;1;1;0.0;27082
260272;all;all;1;2;0.0;27082
260323;all;all;1;3;0.0;27082
323951;none;none;1;3;0.0;32481
260324;all;all;1;0;0.0;27082
304305;all;all;1;0;0.0;30883
332835;all;all;1;0;0.0;33081
260338;all;all;1;3;0.0;27083
267498;all;all;1;3;0.0;27684
284023;all;all;1;3;0.0;29164
322164;all;all;1;3;0.0;32281
260368;all;all;1;2;0.0;27083
265611;all;all;1;2;0.0;27602
277410;all;all;1;2;0.0;28801
292479;all;none;1;2;0.0;30044
260371;all;all;1;3;0.0;27083
260373;none;all;1;0;0.0;27083
302975;all;all;1;0;0.0;30760
331425;all;none;1;0;0.0;32922
260400;all;all;1;1;0.0;27083
262899;all;all;1;1;0.0;27283
260445;all;all;1;2;0.0;27084
265599;none;all;1;2;0.0;27601
260450;all;all;1;4;0.0;27084
277909;all;all;1;4;0.0;28804
288589;all;all;1;4;0.0;29773
260497;all;none;1;2;0.0;27084
275992;all;all;1;2;0.0;28692
283488;all;all;1;2;0.0;29130
300236;all;all;1;2;0.0;30482
301274;all;all;1;2;0.0;30600
322251;all;all;1;2;0.0;32293
331716;all;all;1;2;0.0;32933
332841;all;all;1;2;0.0;33081
260547;all;all;1;0;0.0;27085
260594;all;all;1;0;0.0;27086
274923;all;all;1;0;0.0;28605
319122;all;none;1;0;0.0;31929
260721;all;all;1;1;0.0;27091
262532;all;all;1;1;0.0;27243
277775;all;all;1;1;0.0;28803
260722;all;all;1;0;0.0;27091
260733;none;none;1;2;0.0;27092
316545;none;all;1;2;0.0;31841
324001;none;none;1;2;0.0;32484
260743;all;all;1;1;0.0;27092
260756;all;all;1;1;0.0;27094
260792;all;all;1;0;0.0;27100
279066;all;all;1;0;0.0;28823
324838;none;all;1;0;0.0;32542
260894;all;all;1;4;0.0;27101
260899;all;none;1;0;0.0;27101
260944;none;all;1;1;0.0;27102
301210;all;all;1;1;0.0;30591
260954;all;all;1;2;0.0;27102
313493;all;all;1;2;0.0;31591
261014;none;all;1;1;0.0;27103
295631;all;none;1;1;0.0;30381
261033;all;none;1;2;0.0;27103
304180;all;none;1;2;0.0;30862
261105;all;all;1;0;0.0;27104
270029;all;all;1;0;0.0;27822
261122;all;all;1;1;0.0;27104
279119;all;none;1;1;0.0;28824
284514;all;all;1;1;0.0;29182
299402;all;all;1;1;0.0;30464
327253;all;all;1;1;0.0;32630
261124;all;none;1;2;0.0;27104
261161;all;all;1;0;0.0;27105
265513;all;none;1;0;0.0;27589
294351;none;all;1;0;0.0;30189
301957;all;none;1;0;0.0;30669
261380;all;none;1;1;0.0;27112
261511;none;none;1;2;0.0;27120
331524;none;none;1;2;0.0;32924
261530;none;none;1;2;0.0;27121
261532;none;none;1;3;0.0;27121
274909;all;none;1;3;0.0;28604
287187;all;all;1;3;0.0;29603
311182;all;all;1;3;0.0;31564
261534;none;none;1;2;0.0;27121
276513;all;all;1;2;0.0;28720
261539;none;none;1;0;0.0;27121
269603;all;all;1;0;0.0;27760
289593;all;all;1;0;0.0;29843
261603;none;none;1;1;0.0;27124
280210;none;all;1;1;0.0;28842
292063;all;none;1;1;0.0;30004
316554;all;all;1;1;0.0;31841
317145;all;all;1;1;0.0;31852
318704;all;none;1;1;0.0;31922
320268;all;all;1;1;0.0;31963
324649;none;all;1;1;0.0;32532
326479;all;all;1;1;0.0;32614
332601;all;all;1;1;0.0;33041
261672;none;none;1;0;0.0;27141
261685;none;none;1;3;0.0;27142
261713;none;none;1;2;0.0;27144
265429;all;all;1;2;0.0;27584
261720;none;none;1;0;0.0;27144
261807;all;none;1;0;0.0;27160
261826;all;none;1;2;0.0;27161
261855;all;all;1;1;0.0;27162
292577;all;none;1;1;0.0;30054
310883;all;all;1;1;0.0;31563
316285;all;all;1;1;0.0;31812
261862;all;all;1;1;0.0;27162
283872;all;all;1;1;0.0;29162
307013;all;all;1;1;0.0;31324
331315;all;all;1;1;0.0;32920
261863;all;all;1;1;0.0;27162
262015;none;none;1;0;0.0;27182
262044;all;all;1;2;0.0;27183
262083;all;all;1;0;0.0;27187
280824;all;none;1;0;0.0;28877
284679;all;all;1;0;0.0;29186
284766;all;all;1;0;0.0;29188
293450;all;all;1;0;0.0;30107
296837;all;all;1;0;0.0;30427
262129;none;none;1;0;0.0;27192
290073;all;all;1;0;0.0;29860
262143;none;all;1;0;0.0;27195
307605;all;all;1;0;0.0;31388
313886;all;all;1;0;0.0;31598
262177;all;all;1;0;0.0;27200
262296;all;all;1;1;0.0;27211
262297;all;all;1;1;0.0;27211
276868;all;all;1;1;0.0;28764
297988;all;all;1;1;0.0;30444
262412;all;none;1;1;0.0;27230
262456;all;all;1;3;0.0;27240
264112;none;all;1;3;0.0;27401
264732;all;all;1;3;0.0;27443
262486;all;all;1;6;0.0;27241
281352;all;all;1;6;0.0;28964
262498;all;all;1;0;0.0;27242
328599;all;all;1;0;0.0;32721
262522;all;all;1;2;0.0;27243
301010;none;all;1;2;0.0;30564
262526;all;none;1;4;0.0;27243
265596;all;all;1;4;0.0;27601
262537;none;all;1;1;0.0;27243
280197;none;all;1;1;0.0;28842
321236;all;all;1;1;0.0;32134
262558;all;all;1;2;0.0;27244
293169;all;all;1;2;0.0;30090
302027;none;all;1;2;0.0;30680
326296;all;none;1;2;0.0;32610
262560;all;all;1;1;0.0;27244
283948;all;all;1;1;0.0;29163
287244;all;all;1;1;0.0;29610
262636;all;all;1;1;0.0;27260
262661;none;all;1;1;0.0;27262
322605;all;all;1;1;0.0;32341
333125;all;all;1;1;0.0;33100
262674;none;all;1;2;0.0;27263
306309;all;all;1;2;0.0;31154
262678;none;all;1;3;0.0;27263
262705;none;none;1;1;0.0;27266
262717;all;all;1;1;0.0;27268
270401;none;all;1;1;0.0;27865
285007;all;all;1;1;0.0;29198
285332;all;all;1;1;0.0;29227
301629;all;all;1;1;0.0;30626
302422;all;all;1;1;0.0;30705
328898;all;none;1;1;0.0;32748
262738;all;all;1;4;0.0;27271
262740;all;all;1;0;0.0;27272
262743;all;all;1;2;0.0;27272
262778;all;all;1;1;0.0;27280
263342;all;all;1;1;0.0;27321
320967;none;all;1;1;0.0;32083
262807;all;all;1;3;0.0;27281
262816;all;none;1;3;0.0;27281
262836;all;all;1;1;0.0;27281
262841;all;all;1;3;0.0;27282
297813;all;none;1;3;0.0;30443
262855;all;all;1;0;0.0;27282
308777;all;all;1;0;0.0;31454
262902;all;none;1;2;0.0;27283
262911;all;all;1;4;0.0;27283
293004;all;all;1;4;0.0;30083
315506;all;all;1;4;0.0;31724
316169;all;all;1;4;0.0;31800
262912;all;all;1;2;0.0;27283
262918;all;all;1;2;0.0;27284
267888;all;all;1;2;0.0;27692
262933;all;all;1;2;0.0;27284
262999;all;all;1;0;0.0;27288
263491;all;all;1;0;0.0;27325
270256;all;all;1;0;0.0;27848
281959;all;all;1;0;0.0;29049
284187;all;all;1;0;0.0;29168
311389;none;all;1;0;0.0;31565
316264;all;all;1;0;0.0;31808
319279;all;all;1;0;0.0;31935
263063;none;all;1;4;0.0;27300
263102;all;all;1;3;0.0;27302
263153;all;none;1;3;0.0;27304
272135;all;all;1;3;0.0;28032
263170;all;all;1;0;0.0;27305
268842;all;all;1;0;0.0;27708
301173;all;all;1;0;0.0;30585
263269;all;all;1;1;0.0;27317
332548;all;all;1;1;0.0;33029
263297;all;all;1;1;0.0;27320
289310;all;all;1;1;0.0;29840
263356;none;all;1;0;0.0;27321
263367;none;all;1;0;0.0;27322
263585;all;all;1;2;0.0;27333
331665;all;all;1;2;0.0;32930
263644;all;all;1;0;0.0;27341
298736;none;all;1;0;0.0;30460
330661;none;all;1;0;0.0;32860
263687;all;all;1;2;0.0;27342
263750;none;all;1;2;0.0;27344
263870;all;all;1;0;0.0;27352
281181;all;all;1;0;0.0;28942
263871;all;all;1;1;0.0;27352
263881;all;all;1;2;0.0;27353
263897;all;none;1;0;0.0;27355
292312;all;all;1;0;0.0;30039
263949;all;none;1;1;0.0;27362
295140;all;none;1;1;0.0;30332
263994;all;all;1;0;0.0;27381
264077;none;all;1;0;0.0;27400
277226;all;all;1;0;0.0;28800
289246;all;all;1;0;0.0;29840
264086;all;none;1;4;0.0;27401
325561;none;all;1;4;0.0;32600
264091;all;all;1;0;0.0;27401
275352;all;all;1;0;0.0;28652
264093;all;all;1;0;0.0;27401
264102;all;all;1;1;0.0;27401
316469;all;all;1;1;0.0;31840
264109;all;all;1;2;0.0;27401
266271;all;all;1;2;0.0;27650
266294;all;none;1;2;0.0;27652
328040;all;all;1;2;0.0;32680
264172;all;none;1;0;0.0;27402
267485;all;all;1;0;0.0;27684
292871;all;none;1;0;0.0;30080
264213;all;all;1;1;0.0;27403
264246;all;none;1;1;0.0;27404
270747;none;all;1;1;0.0;27921
264319;all;all;1;0;0.0;27408
308633;none;all;1;0;0.0;31447
264320;all;none;1;0;0.0;27408
264323;all;all;1;0;0.0;27408
264874;all;all;1;0;0.0;27488
271836;all;all;1;0;0.0;28016
273710;all;all;1;0;0.0;28288
273712;all;all;1;0;0.0;28289
314258;none;all;1;0;0.0;31607
318195;none;all;1;0;0.0;31889
323675;all;all;1;0;0.0;32446
264358;all;none;1;1;0.0;27410
264359;all;none;1;2;0.0;27410
303065;none;all;1;2;0.0;30761
264392;all;none;1;0;0.0;27419
311503;all;all;1;0;0.0;31567
318171;none;all;1;0;0.0;31886
331640;all;all;1;0;0.0;32928
264460;none;none;1;1;0.0;27422
264481;all;all;1;0;0.0;27423
304668;all;all;1;0;0.0;30940
332146;all;all;1;0;0.0;32953
264487;all;none;1;2;0.0;27423
270627;all;all;1;2;0.0;27901
301122;all;all;1;2;0.0;30582
264494;all;all;1;1;0.0;27423
264567;all;all;1;1;0.0;27426
315726;all;all;1;1;0.0;31749
264631;all;all;1;3;0.0;27430
264649;none;all;1;3;0.0;27432
264698;none;all;1;0;0.0;27439
293474;all;all;1;0;0.0;30108
264731;all;all;1;0;0.0;27443
264777;all;all;1;2;0.0;27462
264786;none;all;1;0;0.0;27463
264787;all;all;1;2;0.0;27464
264825;all;all;1;4;0.0;27480
264826;all;none;1;0;0.0;27480
277630;all;all;1;0;0.0;28802
290979;none;none;1;0;0.0;29884
264847;none;all;1;0;0.0;27483
269369;none;none;1;0;0.0;27724
289995;none;all;1;0;0.0;29854
292555;all;all;1;0;0.0;30051
306059;none;none;1;0;0.0;31093
311875;all;all;1;0;0.0;31573
264878;all;none;1;0;0.0;27489
281105;all;all;1;0;0.0;28925
285581;all;all;1;0;0.0;29286
286273;none;all;1;0;0.0;29446
321199;all;all;1;0;0.0;32125
326231;all;all;1;0;0.0;32607
331600;all;all;1;0;0.0;32926
264944;all;all;1;0;0.0;27517
276692;all;all;1;0;0.0;28745
264984;all;all;1;0;0.0;27524
272985;all;all;1;0;0.0;28200
265011;all;all;1;1;0.0;27530
265028;none;none;1;2;0.0;27541
265036;all;all;1;1;0.0;27543
265082;all;all;1;3;0.0;27560
275777;all;all;1;3;0.0;28683
307444;all;all;1;3;0.0;31373
318776;all;all;1;3;0.0;31922
332400;all;all;1;3;0.0;33001
265154;all;none;1;6;0.0;27562
265170;none;all;1;5;0.0;27562
331691;all;all;1;5;0.0;32931
265179;all;none;1;2;0.0;27563
307802;all;all;1;2;0.0;31403
316724;all;all;1;2;0.0;31842
265186;all;none;1;0;0.0;27563
270598;none;all;1;0;0.0;27893
285900;all;all;1;0;0.0;29373
265191;all;none;1;0;0.0;27563
319233;all;all;1;0;0.0;31933
325241;all;all;1;0;0.0;32562
265199;all;all;1;0;0.0;27563
265215;all;all;1;2;0.0;27564
270217;all;all;1;2;0.0;27844
277808;all;all;1;2;0.0;28803
316782;all;all;1;2;0.0;31843
325593;all;all;1;2;0.0;32600
265340;all;all;1;1;0.0;27580
324724;all;all;1;1;0.0;32540
265353;all;none;1;0;0.0;27580
281473;all;all;1;0;0.0;28983
265498;all;all;1;1;0.0;27588
271424;none;all;1;1;0.0;27988
309080;all;all;1;1;0.0;31465
265619;all;all;1;2;0.0;27602
289628;all;all;1;2;0.0;29844
265703;all;all;1;0;0.0;27612
298512;all;none;1;0;0.0;30454
308554;all;all;1;0;0.0;31444
309911;all;all;1;0;0.0;31531
265727;all;all;1;2;0.0;27620
265907;none;all;1;5;0.0;27640
277499;all;all;1;5;0.0;28802
289562;all;all;1;5;0.0;29843
306733;all;all;1;5;0.0;31284
322189;all;all;1;5;0.0;32283
265917;all;all;1;2;0.0;27640
277452;none;all;1;2;0.0;28801
265938;all;all;1;0;0.0;27641
275165;all;all;1;0;0.0;28640
265971;all;all;1;2;0.0;27641
307815;all;all;1;2;0.0;31403
332802;none;all;1;2;0.0;33080
266052;all;all;1;4;0.0;27643
329637;all;all;1;4;0.0;32804
266093;none;all;1;3;0.0;27643
328116;none;all;1;3;0.0;32682
266095;all;all;1;2;0.0;27643
266100;all;all;1;0;0.0;27644
297596;all;all;1;0;0.0;30442
304137;none;all;1;0;0.0;30853
316646;all;all;1;0;0.0;31842
266106;all;all;1;2;0.0;27644
293909;none;all;1;2;0.0;30163
300357;all;all;1;2;0.0;30494
266134;all;all;1;2;0.0;27644
306015;all;all;1;2;0.0;31083
266188;all;all;1;0;0.0;27646
266234;all;all;1;0;0.0;27648
267671;all;all;1;0;0.0;27687
278113;all;none;1;0;0.0;28806
329693;all;all;1;0;0.0;32807
266257;all;all;1;0;0.0;27650
280233;all;all;1;0;0.0;28842
295859;none;none;1;0;0.0;30400
266297;all;all;1;0;0.0;27652
283841;all;all;1;0;0.0;29161
266306;all;all;1;2;0.0;27652
266318;all;all;1;1;0.0;27653
281068;all;all;1;1;0.0;28922
314056;all;all;1;1;0.0;31602
266404;all;none;1;0;0.0;27660
266406;all;all;1;3;0.0;27660
266484;all;none;1;3;0.0;27662
266453;all;all;1;1;0.0;27661
266528;all;all;1;0;0.0;27663
266530;all;all;1;0;0.0;27663
266554;all;all;1;0;0.0;27664
266560;all;all;1;1;0.0;27664
278941;all;all;1;1;0.0;28822
266576;all;none;1;2;0.0;27664
266590;none;all;1;3;0.0;27664
266593;none;all;1;0;0.0;27664
266702;all;all;1;0;0.0;27668
303865;all;all;1;0;0.0;30798
266719;all;all;1;2;0.0;27669
314714;all;all;1;2;0.0;31628
266810;all;all;1;0;0.0;27674
283186;none;all;1;0;0.0;29111
332086;none;none;1;0;0.0;32950
266869;all;all;1;1;0.0;27680
266924;all;all;1;2;0.0;27680
266998;all;all;1;0;0.0;27680
302689;all;all;1;0;0.0;30724
328137;all;all;1;0;0.0;32683
267006;all;all;1;4;0.0;27680
267068;all;all;1;3;0.0;27681
267100;all;all;1;0;0.0;27681
267136;all;all;1;0;0.0;27681
281970;all;all;1;0;0.0;29052
284077;all;all;1;0;0.0;29164
296054;none;all;1;0;0.0;30403
306993;all;none;1;0;0.0;31323
267168;all;all;1;1;0.0;27682
267171;all;all;1;0;0.0;27682
307683;all;all;1;0;0.0;31400
267218;none;all;1;2;0.0;27682
273193;all;all;1;2;0.0;28240
275609;all;all;1;2;0.0;28680
277143;all;all;1;2;0.0;28800
314369;none;none;1;2;0.0;31613
267246;none;all;1;0;0.0;27682
270534;all;all;1;0;0.0;27882
289022;all;none;1;0;0.0;29801
301298;all;all;1;0;0.0;30601
267266;all;all;1;0;0.0;27682
267309;none;all;1;3;0.0;27683
282639;all;all;1;3;0.0;29092
283916;all;all;1;3;0.0;29162
286820;all;all;1;3;0.0;29561
293735;all;none;1;3;0.0;30160
322137;all;all;1;3;0.0;32280
323933;none;none;1;3;0.0;32480
267323;all;all;1;3;0.0;27683
267392;all;none;1;2;0.0;27683
267453;all;all;1;1;0.0;27684
322817;all;all;1;1;0.0;32361
267535;all;all;1;0;0.0;27684
289967;all;all;1;0;0.0;29853
267572;all;all;1;0;0.0;27685
298073;all;all;1;0;0.0;30445
318991;all;all;1;0;0.0;31925
267763;all;all;1;1;0.0;27689
267817;all;all;1;1;0.0;27690
267921;all;all;1;0;0.0;27692
267953;none;all;1;1;0.0;27693
322885;all;none;1;1;0.0;32364
268050;all;all;1;0;0.0;27697
268209;all;all;1;0;0.0;27701
320428;all;none;1;0;0.0;31981
268215;all;all;1;2;0.0;27701
301156;none;all;1;2;0.0;30584
268217;all;all;1;1;0.0;27701
278710;all;all;1;1;0.0;28820
268231;all;all;1;6;0.0;27701
268242;all;all;1;0;0.0;27701
272109;all;all;1;0;0.0;28030
268252;all;all;1;2;0.0;27701
268322;all;all;1;1;0.0;27702
268359;all;all;1;3;0.0;27702
273757;all;all;1;3;0.0;28302
300779;all;all;1;3;0.0;30541
268444;all;none;1;1;0.0;27703
268496;all;all;1;4;0.0;27703
268582;all;all;1;1;0.0;27704
296725;all;all;1;1;0.0;30424
317915;all;all;1;1;0.0;31874
268605;none;all;1;0;0.0;27704
268606;all;all;1;3;0.0;27704
288936;all;none;1;3;0.0;29793
290302;all;all;1;3;0.0;29863
268616;all;none;1;1;0.0;27704
299048;all;all;1;1;0.0;30462
268693;none;all;1;0;0.0;27706
277040;all;all;1;0;0.0;28786
284790;all;all;1;0;0.0;29188
287454;all;all;1;0;0.0;29638
268713;all;all;1;0;0.0;27706
313011;all;all;1;0;0.0;31585
268719;all;all;1;0;0.0;27706
283133;all;all;1;0;0.0;29109
268783;none;all;1;1;0.0;27707
270483;all;all;1;1;0.0;27875
279287;all;all;1;1;0.0;28825
287965;all;all;1;1;0.0;29708
296780;none;none;1;1;0.0;30425
318401;all;all;1;1;0.0;31909
268818;all;all;1;1;0.0;27707
273562;all;all;1;1;0.0;28268
327570;all;all;1;1;0.0;32638
268836;all;all;1;0;0.0;27708
269229;all;all;1;0;0.0;27717
272461;all;all;1;0;0.0;28107
322321;all;all;1;0;0.0;32307
268869;none;all;1;0;0.0;27708
268911;all;all;1;0;0.0;27709
321314;all;all;1;0;0.0;32147
268962;all;all;1;2;0.0;27710
268986;all;none;1;1;0.0;27710
332142;all;none;1;1;0.0;32953
268989;all;none;1;3;0.0;27710
272429;all;all;1;3;0.0;28102
306918;none;none;1;3;0.0;31314
269023;all;all;1;0;0.0;27711
269033;none;all;1;2;0.0;27711
269039;all;all;1;0;0.0;27712
309229;all;all;1;0;0.0;31470
269071;all;all;1;1;0.0;27712
322716;all;all;1;1;0.0;32350
269100;all;all;1;4;0.0;27713
296970;all;all;1;4;0.0;30433
332128;all;all;1;4;0.0;32953
269102;none;all;1;1;0.0;27713
269416;all;all;1;4;0.0;27731
269453;none;all;1;1;0.0;27740
276221;none;all;1;1;0.0;28704
290266;all;all;1;1;0.0;29862
312149;all;all;1;1;0.0;31580
269456;all;all;1;2;0.0;27740
269491;all;all;1;2;0.0;27743
314772;none;all;1;2;0.0;31632
269504;all;none;1;4;0.0;27744
319924;none;all;1;4;0.0;31950
269524;all;all;1;2;0.0;27746
269528;all;all;1;0;0.0;27746
272911;all;all;1;0;0.0;28187
269573;all;all;1;2;0.0;27752
287322;all;all;1;2;0.0;29622
269579;all;all;1;1;0.0;27753
279223;all;all;1;1;0.0;28824
269595;all;all;1;1;0.0;27757
275500;all;all;1;1;0.0;28666
317758;all;all;1;1;0.0;31869
269614;all;all;1;4;0.0;27760
289473;none;none;1;4;0.0;29842
269671;all;all;1;2;0.0;27764
277134;all;all;1;2;0.0;28800
316553;all;all;1;2;0.0;31841
327707;none;none;1;2;0.0;32643
269710;all;none;1;1;0.0;27770
269713;all;all;1;1;0.0;27770
321409;all;all;1;1;0.0;32162
325949;none;none;1;1;0.0;32603
269718;all;all;1;2;0.0;27771
271568;all;all;1;2;0.0;28001
269792;all;all;1;1;0.0;27784
269918;all;all;1;2;0.0;27803
270003;all;none;1;2;0.0;27820
270022;all;all;1;2;0.0;27822
319989;all;all;1;2;0.0;31952
270095;all;all;1;1;0.0;27831
274349;all;all;1;1;0.0;28503
280557;all;all;1;1;0.0;28862
270104;all;all;1;3;0.0;27834
287307;none;all;1;3;0.0;29621
270125;none;all;1;3;0.0;27840
289361;none;all;1;3;0.0;29841
270171;all;all;1;0;0.0;27842
270284;all;all;1;4;0.0;27852
270347;all;all;1;1;0.0;27862
270362;all;all;1;3;0.0;27863
270391;all;all;1;3;0.0;27864
270440;all;all;1;0;0.0;27869
313330;all;all;1;0;0.0;31589
314699;all;all;1;0;0.0;31628
321605;none;none;1;0;0.0;32196
324188;none;none;1;0;0.0;32518
327550;all;all;1;0;0.0;32637
270470;all;none;1;1;0.0;27873
270511;all;all;1;2;0.0;27880
270519;none;all;1;1;0.0;27881
270557;all;all;1;0;0.0;27884
270597;all;none;1;1;0.0;27893
304027;all;all;1;1;0.0;30840
270612;all;all;1;2;0.0;27900
333205;all;all;1;2;0.0;33103
270616;none;all;1;3;0.0;27900
299352;all;all;1;3;0.0;30464
270619;all;all;1;2;0.0;27901
282825;all;all;1;2;0.0;29102
314566;all;none;1;2;0.0;31623
330980;all;all;1;2;0.0;32871
270652;all;all;1;0;0.0;27904
301982;all;all;1;0;0.0;30674
270702;all;all;1;0;0.0;27916
273177;all;all;1;0;0.0;28238
270729;all;all;1;1;0.0;27920
281969;all;all;1;1;0.0;29052
270743;all;all;1;3;0.0;27921
270770;all;all;1;2;0.0;27922
270801;none;all;1;2;0.0;27923
277582;none;all;1;2;0.0;28802
283730;all;all;1;2;0.0;29160
306176;all;all;1;2;0.0;31121
270815;all;all;1;0;0.0;27924
270821;all;none;1;0;0.0;27924
270910;all;all;1;0;0.0;27933
298000;all;all;1;0;0.0;30444
270946;all;all;1;2;0.0;27940
328360;all;all;1;2;0.0;32702
331781;all;all;1;2;0.0;32940
270948;all;all;1;1;0.0;27940
278704;all;all;1;1;0.0;28820
304361;all;all;1;1;0.0;30900
326683;all;all;1;1;0.0;32621
270990;all;all;1;2;0.0;27942
285602;all;all;1;2;0.0;29300
300767;all;all;1;2;0.0;30540
312309;all;all;1;2;0.0;31581
326922;all;all;1;2;0.0;32623
270997;all;none;1;3;0.0;27943
271073;all;none;1;0;0.0;27948
274076;all;all;1;0;0.0;28386
284640;all;all;1;0;0.0;29185
303727;all;all;1;0;0.0;30788
271091;all;all;1;2;0.0;27950
271107;all;all;1;0;0.0;27952
271295;none;all;1;1;0.0;27971
271327;all;all;1;3;0.0;27980
271344;all;all;1;1;0.0;27981
301208;all;all;1;1;0.0;30590
271485;all;all;1;2;0.0;27999
272463;all;all;1;2;0.0;28107
329343;all;none;1;2;0.0;32787
271495;all;all;1;0;0.0;28000
271580;all;all;1;2;0.0;28002
311007;none;all;1;2;0.0;31563
271613;none;all;1;1;0.0;28002
288426;none;all;1;1;0.0;29764
325849;all;all;1;1;0.0;32602
271676;all;all;1;2;0.0;28004
271684;all;all;1;3;0.0;28004
271722;all;none;1;1;0.0;28006
278233;all;all;1;1;0.0;28808
311474;all;all;1;1;0.0;31567
331162;all;all;1;1;0.0;32887
271782;all;all;1;2;0.0;28011
297845;all;all;1;2;0.0;30444
318774;all;all;1;2;0.0;31922
271787;all;all;1;2;0.0;28011
274317;all;all;1;2;0.0;28484
286058;all;all;1;2;0.0;29404
302978;all;none;1;2;0.0;30760
271799;all;all;1;0;0.0;28012
307449;all;all;1;0;0.0;31374
271825;all;all;1;1;0.0;28014
271862;all;all;1;2;0.0;28020
301518;all;all;1;2;0.0;30621
271865;all;all;1;1;0.0;28020
271894;none;all;1;2;0.0;28021
271901;none;all;1;1;0.0;28021
319503;all;all;1;1;0.0;31942
323083;all;none;1;1;0.0;32384
271936;all;all;1;2;0.0;28022
271978;all;all;1;0;0.0;28024
272159;all;all;1;0;0.0;28034
272186;none;all;1;0;0.0;28038
274763;none;all;1;0;0.0;28588
331100;all;none;1;0;0.0;32879
272201;none;all;1;0;0.0;28040
285071;all;all;1;0;0.0;29201
286473;all;all;1;0;0.0;29484
288553;all;all;1;0;0.0;29770
303189;all;all;1;0;0.0;30763
329546;all;all;1;0;0.0;32802
331350;all;all;1;0;0.0;32921
272214;none;none;1;1;0.0;28042
272321;none;all;1;4;0.0;28080
272332;all;none;1;3;0.0;28081
272409;all;all;1;0;0.0;28099
298090;all;all;1;0;0.0;30446
322573;all;all;1;0;0.0;32338
272415;all;all;1;2;0.0;28100
272423;all;all;1;2;0.0;28101
272512;all;all;1;0;0.0;28121
272525;all;all;1;0;0.0;28123
283353;all;all;1;0;0.0;29121
297865;all;all;1;0;0.0;30444
304088;all;all;1;0;0.0;30844
272557;all;none;1;0;0.0;28129
272768;all;all;1;0;0.0;28169
272630;all;all;1;3;0.0;28150
331873;none;all;1;3;0.0;32942
272649;all;all;1;0;0.0;28160
289461;all;all;1;0;0.0;29842
325921;all;all;1;0;0.0;32603
272658;all;all;1;1;0.0;28160
307005;all;all;1;1;0.0;31324
272701;all;all;1;1;0.0;28162
310882;none;all;1;1;0.0;31563
272788;none;all;1;4;0.0;28172
272802;all;all;1;1;0.0;28176
272819;all;all;1;0;0.0;28180
321778;all;all;1;0;0.0;32222
272832;all;all;1;3;0.0;28181
272848;all;all;1;0;0.0;28182
303618;none;all;1;0;0.0;30784
307126;all;none;1;0;0.0;31343
329380;all;all;1;0;0.0;32791
330745;all;all;1;0;0.0;32862
272876;none;all;1;5;0.0;28184
272879;all;all;1;3;0.0;28184
272951;all;none;1;1;0.0;28193
309230;all;all;1;1;0.0;31470
273006;all;none;1;3;0.0;28202
273096;all;none;1;1;0.0;28221
273113;all;all;1;2;0.0;28223
276411;all;all;1;2;0.0;28712
326890;all;all;1;2;0.0;32623
273260;none;all;1;2;0.0;28242
283394;all;all;1;2;0.0;29122
273261;all;all;1;2;0.0;28242
273262;all;all;1;5;0.0;28243
273306;all;all;1;0;0.0;28244
304996;all;all;1;0;0.0;30974
273370;all;all;1;2;0.0;28251
294984;all;none;1;2;0.0;30322
273371;all;all;1;2;0.0;28251
325677;all;none;1;2;0.0;32601
273460;all;all;1;1;0.0;28262
330672;all;all;1;1;0.0;32860
273470;all;all;1;1;0.0;28262
287986;all;all;1;1;0.0;29711
273477;all;all;1;3;0.0;28263
273544;all;all;1;0;0.0;28267
279561;all;all;1;0;0.0;28828
273578;all;all;1;2;0.0;28270
303768;none;all;1;2;0.0;30790
273593;none;none;1;0;0.0;28272
273615;all;all;1;1;0.0;28275
273632;all;none;1;1;0.0;28279
281487;all;all;1;1;0.0;28985
291167;none;none;1;1;0.0;29909
314698;all;all;1;1;0.0;31628
317761;all;all;1;1;0.0;31869
273641;all;all;1;1;0.0;28280
308574;all;all;1;1;0.0;31444
273643;all;all;1;1;0.0;28280
316840;all;all;1;1;0.0;31844
321645;all;all;1;1;0.0;32201
273738;all;all;1;1;0.0;28300
273870;all;all;1;5;0.0;28324
306054;all;all;1;5;0.0;31092
329751;all;all;1;5;0.0;32812
274043;all;all;1;1;0.0;28374
323228;all;all;1;1;0.0;32400
274067;none;all;1;2;0.0;28383
274072;all;all;1;1;0.0;28384
319384;all;all;1;1;0.0;31940
274123;all;all;1;2;0.0;28403
329734;all;all;1;2;0.0;32810
274185;all;all;1;2;0.0;28424
284861;all;all;1;2;0.0;29190
312336;all;all;1;2;0.0;31581
274244;all;all;1;0;0.0;28445
278158;none;all;1;0;0.0;28807
285482;all;all;1;0;0.0;29258
285577;all;all;1;0;0.0;29285
308786;all;all;1;0;0.0;31456
274267;all;all;1;2;0.0;28462
323883;all;all;1;2;0.0;32471
274297;all;all;1;4;0.0;28480
274303;all;all;1;0;0.0;28482
329439;all;none;1;0;0.0;32800
274332;all;all;1;2;0.0;28494
325732;all;all;1;2;0.0;32601
274408;all;all;1;3;0.0;28522
311053;none;all;1;3;0.0;31563
316550;all;all;1;3;0.0;31841
274414;all;all;1;3;0.0;28522
274425;all;all;1;2;0.0;28523
274430;all;none;1;5;0.0;28524
326070;all;all;1;5;0.0;32604
274472;all;all;1;2;0.0;28533
331427;all;all;1;2;0.0;32922
274473;all;all;1;1;0.0;28534
321116;none;all;1;1;0.0;32120
274605;all;none;1;1;0.0;28561
284318;all;none;1;1;0.0;29174
308287;none;all;1;1;0.0;31440
316827;all;none;1;1;0.0;31843
274612;none;all;1;2;0.0;28562
300336;all;all;1;2;0.0;30491
311778;all;all;1;2;0.0;31571
316906;all;none;1;2;0.0;31844
325537;all;all;1;2;0.0;32600
274679;all;all;1;2;0.0;28571
275965;all;all;1;2;0.0;28690
285102;all;all;1;2;0.0;29203
274711;all;all;1;3;0.0;28581
274723;all;none;1;2;0.0;28582
290702;none;all;1;2;0.0;29872
274727;all;all;1;4;0.0;28583
293544;all;all;1;4;0.0;30113
294153;all;all;1;4;0.0;30181
295658;all;all;1;4;0.0;30382
274735;all;all;1;2;0.0;28584
274740;all;all;1;0;0.0;28584
274770;none;all;1;2;0.0;28589
304424;none;all;1;2;0.0;30909
274839;all;all;1;1;0.0;28601
274845;all;all;1;1;0.0;28601
274859;all;all;1;4;0.0;28602
274860;all;all;1;2;0.0;28602
274883;none;all;1;2;0.0;28603
297410;all;all;1;2;0.0;30441
274930;all;all;1;0;0.0;28606
275003;all;none;1;0;0.0;28620
288779;all;all;1;0;0.0;29784
275030;all;all;1;1;0.0;28621
292146;all;all;1;1;0.0;30020
292189;all;all;1;1;0.0;30023
299208;none;all;1;1;0.0;30463
275047;none;all;1;2;0.0;28623
275248;all;all;1;2;0.0;28643
275262;none;all;1;2;0.0;28644
275263;none;all;1;1;0.0;28644
275410;all;none;1;2;0.0;28661
275468;none;all;1;1;0.0;28664
306406;all;all;1;1;0.0;31182
275476;all;all;1;0;0.0;28665
275543;none;all;1;2;0.0;28669
275579;all;all;1;2;0.0;28674
281840;all;all;1;2;0.0;29033
275628;all;all;1;2;0.0;28680
315402;all;none;1;2;0.0;31720
275644;all;all;1;1;0.0;28680
303072;all;all;1;1;0.0;30761
275679;none;all;1;1;0.0;28681
275755;all;all;1;0;0.0;28682
281399;all;all;1;0;0.0;28970
329011;all;all;1;0;0.0;32761
275769;none;all;1;1;0.0;28683
291713;all;all;1;1;0.0;29964
321923;none;all;1;1;0.0;32242
323714;all;all;1;1;0.0;32452
275976;all;all;1;3;0.0;28690
275983;all;all;1;4;0.0;28691
276020;all;all;1;0;0.0;28694
294797;none;all;1;0;0.0;30283
306477;all;none;1;0;0.0;31201
310752;all;all;1;0;0.0;31562
276078;all;all;1;2;0.0;28700
276083;all;all;1;2;0.0;28700
276106;all;all;1;2;0.0;28701
301222;all;none;1;2;0.0;30593
276137;all;all;1;1;0.0;28702
290386;all;all;1;1;0.0;29864
276149;all;all;1;1;0.0;28702
276189;all;all;1;0;0.0;28703
276398;all;all;1;0;0.0;28711
303462;none;all;1;0;0.0;30780
276444;all;all;1;2;0.0;28714
288635;all;all;1;2;0.0;29780
315083;all;all;1;2;0.0;31672
276455;all;all;1;0;0.0;28715
276488;all;all;1;1;0.0;28718
276530;all;all;1;0;0.0;28721
303352;none;all;1;0;0.0;30771
276628;all;all;1;0;0.0;28733
276669;all;all;1;0;0.0;28743
276677;all;all;1;2;0.0;28743
307493;all;all;1;2;0.0;31381
276738;all;all;1;2;0.0;28753
276784;all;all;1;2;0.0;28761
276834;all;all;1;1;0.0;28763
308268;all;all;1;1;0.0;31440
276854;all;all;1;2;0.0;28764
329040;all;all;1;2;0.0;32762
277005;all;all;1;2;0.0;28784
277019;none;all;1;3;0.0;28785
284793;all;none;1;3;0.0;29188
299611;all;all;1;3;0.0;30468
327521;all;none;1;3;0.0;32636
277082;all;all;1;0;0.0;28791
290367;all;none;1;0;0.0;29864
277092;all;all;1;3;0.0;28793
299954;all;all;1;3;0.0;30473
312565;all;all;1;3;0.0;31582
318441;all;all;1;3;0.0;31913
321524;all;all;1;3;0.0;32182
325375;all;all;1;3;0.0;32583
329265;all;none;1;3;0.0;32782
330812;all;none;1;3;0.0;32863
277181;all;all;1;1;0.0;28800
277182;all;all;1;1;0.0;28800
277246;all;all;1;2;0.0;28800
277275;all;all;1;0;0.0;28800
277280;all;all;1;2;0.0;28800
277287;none;all;1;0;0.0;28800
277330;none;all;1;0;0.0;28801
277332;all;all;1;5;0.0;28801
288381;all;all;1;5;0.0;29763
292926;none;all;1;5;0.0;30081
307447;all;all;1;5;0.0;31373
277333;all;none;1;2;0.0;28801
277361;none;none;1;3;0.0;28801
277372;all;all;1;2;0.0;28801
277433;all;all;1;2;0.0;28801
302646;all;all;1;2;0.0;30723
277436;all;all;1;1;0.0;28801
318684;none;all;1;1;0.0;31922
277456;all;all;1;3;0.0;28801
277480;all;all;1;5;0.0;28802
277483;all;all;1;5;0.0;28802
277517;all;all;1;5;0.0;28802
282363;all;none;1;5;0.0;29083
284242;all;all;1;5;0.0;29170
318975;none;all;1;5;0.0;31924
277539;all;all;1;0;0.0;28802
277571;all;none;1;0;0.0;28802
277585;all;all;1;0;0.0;28802
288407;all;none;1;0;0.0;29763
277767;all;all;1;2;0.0;28803
325992;all;none;1;2;0.0;32603
277778;all;all;1;0;0.0;28803
277805;all;all;1;1;0.0;28803
277864;all;all;1;1;0.0;28804
277896;none;all;1;2;0.0;28804
290957;none;none;1;2;0.0;29883
277920;all;all;1;2;0.0;28804
290928;none;none;1;2;0.0;29881
305197;all;all;1;2;0.0;31001
305368;none;all;1;2;0.0;31010
316781;all;all;1;2;0.0;31843
277965;all;all;1;4;0.0;28804
310866;none;all;1;4;0.0;31563
278229;all;all;1;0;0.0;28808
289736;all;all;1;0;0.0;29845
291013;none;none;1;0;0.0;29888
326240;all;all;1;0;0.0;32608
278350;none;all;1;2;0.0;28810
278396;all;all;1;2;0.0;28811
305204;all;all;1;2;0.0;31001
315447;all;all;1;2;0.0;31722
278406;all;all;1;3;0.0;28811
278482;all;all;1;0;0.0;28813
314050;all;none;1;0;0.0;31602
278508;all;all;1;2;0.0;28814
278645;all;all;1;0;0.0;28820
278649;all;all;1;2;0.0;28820
278661;all;all;1;1;0.0;28820
278730;none;all;1;2;0.0;28820
332102;all;all;1;2;0.0;32951
278745;all;all;1;5;0.0;28820
300755;none;all;1;5;0.0;30540
306799;all;all;1;5;0.0;31300
317481;all;all;1;5;0.0;31863
319676;all;all;1;5;0.0;31944
325127;none;all;1;5;0.0;32554
278749;all;all;1;0;0.0;28820
278862;all;all;1;1;0.0;28821
281833;all;all;1;1;0.0;29032
317323;all;all;1;1;0.0;31861
278993;all;all;1;3;0.0;28823
279002;all;none;1;2;0.0;28823
279048;all;all;1;0;0.0;28823
279052;none;all;1;2;0.0;28823
279103;all;all;1;4;0.0;28823
299940;all;all;1;4;0.0;30473
302399;all;all;1;4;0.0;30704
279108;all;all;1;1;0.0;28823
279120;none;all;1;5;0.0;28824
300036;all;all;1;5;0.0;30474
279129;all;all;1;1;0.0;28824
287895;all;all;1;1;0.0;29701
279163;none;all;1;0;0.0;28824
279173;all;all;1;3;0.0;28824
279207;all;none;1;1;0.0;28824
279264;all;all;1;0;0.0;28825
279331;all;all;1;0;0.0;28826
287960;all;none;1;0;0.0;29707
279383;none;all;1;0;0.0;28826
290825;all;all;1;0;0.0;29876
279636;all;all;1;0;0.0;28829
279693;all;all;1;2;0.0;28830
279720;all;all;1;3;0.0;28830
326804;none;none;1;3;0.0;32622
279743;none;all;1;2;0.0;28831
279791;all;all;1;2;0.0;28832
320727;none;all;1;2;0.0;32021
324845;all;all;1;2;0.0;32542
279794;all;all;1;0;0.0;28832
312231;all;all;1;0;0.0;31580
279855;all;all;1;0;0.0;28833
292647;all;all;1;0;0.0;30062
279860;all;all;1;4;0.0;28833
279883;all;all;1;4;0.0;28834
279915;all;all;1;0;0.0;28834
309301;none;all;1;0;0.0;31474
323797;none;all;1;0;0.0;32462
279953;all;all;1;0;0.0;28835
313328;all;all;1;0;0.0;31589
320511;all;all;1;0;0.0;31985
279995;all;all;1;0;0.0;28836
280014;none;all;1;1;0.0;28837
286415;all;all;1;1;0.0;29478
280108;all;all;1;1;0.0;28840
280135;all;all;1;3;0.0;28840
280164;all;all;1;2;0.0;28841
287860;all;none;1;2;0.0;29693
317155;none;all;1;2;0.0;31852
280188;all;all;1;2;0.0;28841
325725;all;none;1;2;0.0;32601
328164;all;all;1;2;0.0;32683
280213;none;all;1;1;0.0;28842
302225;all;all;1;1;0.0;30691
305189;all;all;1;1;0.0;31001
280325;all;all;1;0;0.0;28845
280330;all;all;1;0;0.0;28845
284347;all;all;1;0;0.0;29177
292069;all;all;1;0;0.0;30005
280328;all;all;1;0;0.0;28845
287219;all;none;1;0;0.0;29606
280353;all;all;1;0;0.0;28846
280440;none;all;1;1;0.0;28852
280453;all;all;1;2;0.0;28853
285683;all;all;1;2;0.0;29323
287266;all;all;1;2;0.0;29614
289305;all;all;1;2;0.0;29840
311217;all;all;1;2;0.0;31564
280514;all;all;1;1;0.0;28860
280552;all;all;1;0;0.0;28862
312420;none;all;1;0;0.0;31582
280556;all;all;1;2;0.0;28862
280561;all;all;1;0;0.0;28862
313682;all;all;1;0;0.0;31594
280568;all;all;1;1;0.0;28862
280611;all;all;1;4;0.0;28864
280753;none;all;1;2;0.0;28870
293312;all;all;1;2;0.0;30102
302844;all;none;1;2;0.0;30743
314784;all;all;1;2;0.0;31632
319349;none;all;1;2;0.0;31940
280807;all;all;1;1;0.0;28875
286163;all;all;1;1;0.0;29427
331071;all;all;1;1;0.0;32876
280844;all;all;1;1;0.0;28879
280854;none;all;1;2;0.0;28880
280886;all;all;1;1;0.0;28883
326125;all;none;1;1;0.0;32604
280933;all;all;1;0;0.0;28892
307446;none;all;1;0;0.0;31373
281161;all;all;1;5;0.0;28940
282066;all;all;1;5;0.0;29070
281188;all;all;1;0;0.0;28943
281240;all;all;1;0;0.0;28951
281286;all;all;1;0;0.0;28961
281405;all;all;1;2;0.0;28972
330374;all;all;1;2;0.0;32843
281413;all;all;1;1;0.0;28973
281437;none;none;1;10;0.0;28980
281446;none;all;1;3;0.0;28981
281829;all;all;1;3;0.0;29031
281469;all;all;1;0;0.0;28983
281532;all;all;1;0;0.0;28990
281572;all;all;1;1;0.0;29000
281634;all;all;1;3;0.0;29003
325700;all;all;1;3;0.0;32601
281650;none;all;1;1;0.0;29004
281686;all;all;1;2;0.0;29010
281838;all;all;1;0;0.0;29033
307110;all;all;1;0;0.0;31342
281839;all;all;1;0;0.0;29033
282019;all;all;1;3;0.0;29063
282100;all;all;1;0;0.0;29080
282150;all;all;1;0;0.0;29080
294502;all;all;1;0;0.0;30203
282153;all;all;1;1;0.0;29080
282241;all;all;1;2;0.0;29082
282257;none;all;1;4;0.0;29082
282278;all;all;1;0;0.0;29082
282282;all;all;1;1;0.0;29082
282290;all;none;1;3;0.0;29082
307937;all;all;1;3;0.0;31414
282293;all;all;1;4;0.0;29082
288454;none;all;1;4;0.0;29764
290006;all;all;1;4;0.0;29854
323226;none;all;1;4;0.0;32400
282299;all;all;1;9;0.0;29082
283953;all;all;1;9;0.0;29163
291026;none;none;1;9;0.0;29890
306508;all;all;1;9;0.0;31212
310474;all;all;1;9;0.0;31561
316632;all;all;1;9;0.0;31841
282305;all;all;1;2;0.0;29082
282324;all;all;1;0;0.0;29083
282402;all;all;1;2;0.0;29084
282410;all;all;1;4;0.0;29084
282413;all;all;1;0;0.0;29084
282454;all;all;1;2;0.0;29084
297433;all;all;1;2;0.0;30441
302159;all;none;1;2;0.0;30684
282592;all;all;1;1;0.0;29089
304583;all;all;1;1;0.0;30925
319020;all;all;1;1;0.0;31926
319056;all;all;1;1;0.0;31927
326187;all;none;1;1;0.0;32606
282792;all;all;1;2;0.0;29101
319954;all;all;1;2;0.0;31951
328401;all;all;1;2;0.0;32704
282795;all;all;1;1;0.0;29101
282802;all;all;1;2;0.0;29101
282826;none;all;1;0;0.0;29102
282900;all;all;1;1;0.0;29103
326661;all;all;1;1;0.0;32621
282938;all;all;1;6;0.0;29104
282951;all;all;1;3;0.0;29104
283025;all;all;1;2;0.0;29106
283119;all;all;1;2;0.0;29109
283302;all;none;1;2;0.0;29118
283179;all;all;1;3;0.0;29111
283236;none;all;1;3;0.0;29114
283252;all;none;1;3;0.0;29114
283337;all;all;1;2;0.0;29120
283414;all;all;1;1;0.0;29123
283432;none;all;1;2;0.0;29124
283584;none;all;1;1;0.0;29144
283594;none;all;1;3;0.0;29144
283623;all;all;1;0;0.0;29147
293595;all;all;1;0;0.0;30118
283765;all;all;1;0;0.0;29160
283797;none;all;1;3;0.0;29161
283840;all;none;1;2;0.0;29161
283880;all;all;1;0;0.0;29162
283930;all;all;1;0;0.0;29163
292912;none;all;1;0;0.0;30081
283997;all;all;1;4;0.0;29163
284057;none;all;1;1;0.0;29164
331295;all;none;1;1;0.0;32920
284300;all;none;1;1;0.0;29173
284374;all;all;1;0;0.0;29180
299137;none;all;1;0;0.0;30463
284391;all;all;1;4;0.0;29180
323902;all;all;1;4;0.0;32473
284396;all;none;1;1;0.0;29180
291082;none;none;1;1;0.0;29901
284421;all;all;1;0;0.0;29181
284438;all;all;1;2;0.0;29181
284441;all;all;1;2;0.0;29181
284493;all;all;1;1;0.0;29182
327307;none;all;1;1;0.0;32631
284518;all;all;1;1;0.0;29182
314417;all;all;1;1;0.0;31620
284541;all;all;1;2;0.0;29183
284558;all;all;1;3;0.0;29183
326876;all;all;1;3;0.0;32623
284618;all;all;1;0;0.0;29184
315742;none;all;1;0;0.0;31751
327822;none;none;1;0;0.0;32660
284920;all;none;1;1;0.0;29193
331818;all;all;1;1;0.0;32941
285032;none;all;1;2;0.0;29200
285132;all;all;1;2;0.0;29204
321990;all;all;1;2;0.0;32250
330598;all;none;1;2;0.0;32854
285319;all;all;1;5;0.0;29225
287940;all;all;1;5;0.0;29705
309652;none;none;1;5;0.0;31509
285450;all;all;1;1;0.0;29244
285504;none;all;1;2;0.0;29264
285557;all;all;1;2;0.0;29281
285559;all;none;1;2;0.0;29282
310622;all;all;1;2;0.0;31561
311916;all;all;1;2;0.0;31574
285598;all;all;1;2;0.0;29294
285605;all;all;1;2;0.0;29300
312737;all;all;1;2;0.0;31583
322280;all;none;1;2;0.0;32302
285648;all;all;1;2;0.0;29314
285688;all;none;1;0;0.0;29323
285835;all;all;1;0;0.0;29362
291692;none;all;1;0;0.0;29963
285892;all;all;1;0;0.0;29370
286016;all;all;1;1;0.0;29400
286022;all;all;1;4;0.0;29401
286023;none;all;1;2;0.0;29401
286039;none;all;1;3;0.0;29402
286050;all;all;1;1;0.0;29403
286063;all;all;1;3;0.0;29404
318010;none;all;1;3;0.0;31880
327616;none;none;1;3;0.0;32640
332951;all;all;1;3;0.0;33084
286099;none;all;1;3;0.0;29413
286249;all;all;1;0;0.0;29443
287461;none;all;1;0;0.0;29640
286280;none;all;1;0;0.0;29448
316960;all;all;1;0;0.0;31845
329692;all;all;1;0;0.0;32807
286394;all;all;1;0;0.0;29471
286402;all;all;1;1;0.0;29473
286593;all;all;1;0;0.0;29510
286695;none;all;1;1;0.0;29530
286717;all;none;1;1;0.0;29540
286731;all;all;1;0;0.0;29542
286740;all;all;1;0;0.0;29543
286741;none;all;1;0;0.0;29544
286800;all;all;1;4;0.0;29560
286817;all;all;1;4;0.0;29561
287790;all;all;1;4;0.0;29684
319238;all;all;1;4;0.0;31933
325469;all;all;1;4;0.0;32600
327701;none;none;1;4;0.0;32643
287117;none;all;1;1;0.0;29600
287184;all;all;1;0;0.0;29603
287189;all;all;1;1;0.0;29603
287198;all;all;1;2;0.0;29604
297835;all;all;1;2;0.0;30443
287231;all;all;1;0;0.0;29608
322258;all;all;1;0;0.0;32297
287313;all;all;1;1;0.0;29622
287341;all;all;1;0;0.0;29623
327873;none;none;1;0;0.0;32662
287366;all;none;1;0;0.0;29625
287477;all;none;1;2;0.0;29641
305972;all;none;1;2;0.0;31080
323617;all;all;1;2;0.0;32443
287534;all;all;1;2;0.0;29644
287538;all;none;1;1;0.0;29645
287646;all;all;1;1;0.0;29666
316083;all;all;1;1;0.0;31788
287682;all;all;1;2;0.0;29672
295664;all;all;1;2;0.0;30383
312199;all;all;1;2;0.0;31580
287738;all;all;1;0;0.0;29681
287762;none;all;1;3;0.0;29682
323705;all;all;1;3;0.0;32450
287802;all;none;1;3;0.0;29684
287981;all;all;1;0;0.0;29710
288072;none;none;1;2;0.0;29723
288131;none;none;1;0;0.0;29740
288204;none;none;1;0;0.0;29751
288259;all;all;1;1;0.0;29760
289111;none;none;1;1;0.0;29814
297173;all;all;1;1;0.0;30440
331434;all;all;1;1;0.0;32922
288266;all;all;1;1;0.0;29760
288278;all;all;1;0;0.0;29761
288316;all;all;1;2;0.0;29761
321124;all;all;1;2;0.0;32120
288362;all;none;1;0;0.0;29762
288369;all;all;1;2;0.0;29762
310370;all;all;1;2;0.0;31560
288394;all;all;1;2;0.0;29763
288396;all;all;1;2;0.0;29763
302582;all;all;1;2;0.0;30721
310480;all;all;1;2;0.0;31561
317121;all;all;1;2;0.0;31851
288403;all;all;1;1;0.0;29763
288437;all;all;1;1;0.0;29764
305146;all;all;1;1;0.0;31000
288664;all;all;1;0;0.0;29781
288747;none;none;1;2;0.0;29783
298639;none;all;1;2;0.0;30460
288915;all;none;1;2;0.0;29792
288952;all;all;1;4;0.0;29794
289038;none;all;1;0;0.0;29802
311675;all;all;1;0;0.0;31570
289047;all;none;1;4;0.0;29803
289074;none;all;1;0;0.0;29805
289848;all;all;1;0;0.0;29849
312018;all;all;1;0;0.0;31577
321017;all;all;1;0;0.0;32099
289155;all;all;1;0;0.0;29824
289245;all;none;1;0;0.0;29840
328601;all;all;1;0;0.0;32721
330162;none;all;1;0;0.0;32840
289474;all;all;1;1;0.0;29842
298382;all;none;1;1;0.0;30452
289551;all;all;1;2;0.0;29843
289570;all;all;1;1;0.0;29843
289589;all;all;1;3;0.0;29843
314133;all;all;1;3;0.0;31603
318905;all;all;1;3;0.0;31924
289647;all;all;1;4;0.0;29844
318875;all;all;1;4;0.0;31923
289660;all;all;1;3;0.0;29844
289670;all;all;1;2;0.0;29844
301381;all;all;1;2;0.0;30604
289730;none;all;1;0;0.0;29845
290091;all;none;1;2;0.0;29860
290118;none;all;1;2;0.0;29860
325372;none;all;1;2;0.0;32583
333210;all;all;1;2;0.0;33103
290171;all;all;1;0;0.0;29861
330035;all;all;1;0;0.0;32830
290196;all;all;1;1;0.0;29861
290321;all;all;1;2;0.0;29863
325047;all;none;1;2;0.0;32550
290526;none;none;1;0;0.0;29867
290556;none;all;1;0;0.0;29868
290668;all;all;1;2;0.0;29871
290680;all;none;1;1;0.0;29871
290683;none;none;1;3;0.0;29871
296944;none;all;1;3;0.0;30432
290718;all;all;1;1;0.0;29872
320486;all;all;1;1;0.0;31983
290743;all;all;1;0;0.0;29873
290747;all;none;1;0;0.0;29873
290887;all;all;1;1;0.0;29879
290904;none;none;1;5;0.0;29880
290969;none;none;1;0;0.0;29883
291342;none;none;1;0;0.0;29924
303922;all;all;1;0;0.0;30804
290974;none;none;1;0;0.0;29884
290985;none;none;1;0;0.0;29884
305133;all;all;1;0;0.0;31000
320794;none;none;1;0;0.0;32040
291080;none;none;1;4;0.0;29901
291128;none;none;1;1;0.0;29904
291172;none;none;1;0;0.0;29910
294170;all;all;1;0;0.0;30181
291249;all;all;1;5;0.0;29920
291285;none;all;1;2;0.0;29922
291294;all;all;1;9;0.0;29922
291571;all;all;1;1;0.0;29950
304245;all;all;1;1;0.0;30873
312660;all;all;1;1;0.0;31583
291572;all;none;1;0;0.0;29950
291624;all;all;1;0;0.0;29957
318468;all;all;1;0;0.0;31919
291706;none;all;1;1;0.0;29963
291780;all;all;1;1;0.0;29973
291805;all;all;1;0;0.0;29980
291829;all;all;1;2;0.0;29982
327398;all;all;1;2;0.0;32632
291853;all;all;1;0;0.0;29984
291861;all;all;1;0;0.0;29984
308813;all;all;1;0;0.0;31460
308933;all;all;1;0;0.0;31462
291918;all;none;1;1;0.0;29991
291961;all;all;1;4;0.0;30000
291973;all;all;1;1;0.0;30000
300252;all;all;1;1;0.0;30483
292028;all;none;1;2;0.0;30003
292112;all;all;1;0;0.0;30011
292159;all;all;1;3;0.0;30021
292340;all;all;1;2;0.0;30040
328117;none;all;1;2;0.0;32682
292357;all;all;1;3;0.0;30041
292540;all;all;1;5;0.0;30050
292546;all;all;1;4;0.0;30050
292563;all;all;1;2;0.0;30052
292616;all;none;1;2;0.0;30060
292668;all;all;1;0;0.0;30063
309307;none;all;1;0;0.0;31474
327305;all;all;1;0;0.0;32631
292669;all;none;1;1;0.0;30063
292777;none;all;1;0;0.0;30070
292805;all;all;1;0;0.0;30073
292814;all;all;1;1;0.0;30073
292826;all;all;1;0;0.0;30075
305708;all;all;1;0;0.0;31037
292854;all;none;1;0;0.0;30079
314848;all;all;1;0;0.0;31637
292874;none;all;1;2;0.0;30080
292955;all;all;1;0;0.0;30082
292978;all;all;1;3;0.0;30082
326343;all;all;1;3;0.0;32611
292980;all;all;1;0;0.0;30082
293011;all;all;1;3;0.0;30083
293051;all;all;1;4;0.0;30084
293060;all;all;1;0;0.0;30084
323341;all;all;1;0;0.0;32410
293181;all;all;1;1;0.0;30091
293192;all;all;1;0;0.0;30092
322769;all;none;1;0;0.0;32360
293208;all;all;1;0;0.0;30093
293261;all;all;1;3;0.0;30100
293313;all;none;1;1;0.0;30102
293343;all;all;1;2;0.0;30103
293349;all;all;1;1;0.0;30103
293370;none;all;1;4;0.0;30103
330817;all;all;1;4;0.0;32864
293371;all;all;1;4;0.0;30103
293541;none;none;1;5;0.0;30113
309034;all;none;1;5;0.0;31464
293558;all;all;1;0;0.0;30114
302374;all;all;1;0;0.0;30703
309016;all;all;1;0;0.0;31463
332148;none;all;1;0;0.0;32954
293592;all;all;1;0;0.0;30117
294884;none;all;1;0;0.0;30308
293672;all;all;1;0;0.0;30134
293878;all;none;1;2;0.0;30163
293888;all;all;1;1;0.0;30163
293912;none;none;1;3;0.0;30163
297302;all;all;1;3;0.0;30441
329511;all;all;1;3;0.0;32801
294071;all;all;1;4;0.0;30172
318898;all;all;1;4;0.0;31924
294171;all;none;1;0;0.0;30181
321784;all;all;1;0;0.0;32222
294212;all;all;1;0;0.0;30183
294222;all;none;1;0;0.0;30183
294312;all;all;1;0;0.0;30187
300151;all;all;1;0;0.0;30479
294369;all;all;1;1;0.0;30190
294492;none;all;1;1;0.0;30202
294621;all;all;1;0;0.0;30241
294625;all;all;1;3;0.0;30241
294640;all;none;1;1;0.0;30243
294672;all;all;1;4;0.0;30251
304090;all;all;1;4;0.0;30844
294681;all;all;1;0;0.0;30254
297495;all;all;1;0;0.0;30442
294714;all;all;1;2;0.0;30264
294744;all;all;1;2;0.0;30271
313397;all;all;1;2;0.0;31590
294762;all;all;1;1;0.0;30279
294800;all;all;1;0;0.0;30283
294848;all;none;1;1;0.0;30300
294892;all;all;1;2;0.0;30310
308940;all;all;1;2;0.0;31462
294939;all;none;1;2;0.0;30320
302102;all;all;1;2;0.0;30683
332290;all;all;1;2;0.0;32972
295060;none;all;1;3;0.0;30324
295967;all;all;1;3;0.0;30402
305786;all;all;1;3;0.0;31044
295128;all;all;1;2;0.0;30331
295207;all;all;1;2;0.0;30341
295210;all;all;1;4;0.0;30341
295245;all;all;1;4;0.0;30343
295363;all;all;1;3;0.0;30352
295487;none;all;1;4;0.0;30362
295518;all;all;1;1;0.0;30364
298025;all;all;1;1;0.0;30444
295523;all;all;1;2;0.0;30364
295527;all;all;1;2;0.0;30364
295622;all;all;1;4;0.0;30380
323500;all;all;1;4;0.0;32432
295703;all;all;1;0;0.0;30385
307601;all;all;1;0;0.0;31387
295759;all;all;1;1;0.0;30393
295850;all;all;1;0;0.0;30400
295855;all;all;1;2;0.0;30400
295888;all;none;1;2;0.0;30401
325526;none;all;1;2;0.0;32600
325667;all;all;1;2;0.0;32601
295922;all;all;1;1;0.0;30401
295937;all;all;1;3;0.0;30401
296010;all;all;1;1;0.0;30402
296012;all;all;1;2;0.0;30402
296027;all;all;1;0;0.0;30403
296073;none;all;1;2;0.0;30403
296117;all;all;1;0;0.0;30404
296119;all;all;1;1;0.0;30404
296304;all;none;1;0;0.0;30410
296329;all;all;1;1;0.0;30411
326082;none;all;1;1;0.0;32604
296347;all;all;1;2;0.0;30412
305151;all;all;1;2;0.0;31000
296431;all;all;1;2;0.0;30420
305493;none;all;1;2;0.0;31022
296432;none;all;1;2;0.0;30420
298949;all;all;1;2;0.0;30462
296461;all;all;1;1;0.0;30420
296478;all;all;1;0;0.0;30420
312928;all;all;1;0;0.0;31584
330954;all;none;1;0;0.0;32870
296488;none;all;1;1;0.0;30420
299262;all;all;1;1;0.0;30464
296507;all;all;1;0;0.0;30421
296538;all;all;1;1;0.0;30421
296560;all;none;1;2;0.0;30422
305889;all;all;1;2;0.0;31063
315667;all;all;1;2;0.0;31744
296592;all;all;1;0;0.0;30422
296606;all;all;1;2;0.0;30422
296608;all;none;1;3;0.0;30422
325107;none;none;1;3;0.0;32553
296626;all;all;1;6;0.0;30423
312567;all;all;1;6;0.0;31582
296638;all;all;1;2;0.0;30423
301714;none;all;1;2;0.0;30634
296665;all;all;1;2;0.0;30423
296671;all;all;1;2;0.0;30423
296683;all;all;1;0;0.0;30423
296723;all;all;1;7;0.0;30424
296743;all;all;1;1;0.0;30424
296934;none;all;1;1;0.0;30431
296942;all;none;1;2;0.0;30432
296946;all;all;1;0;0.0;30432
302921;all;all;1;0;0.0;30750
325032;all;all;1;0;0.0;32550
297072;all;all;1;2;0.0;30440
328588;all;all;1;2;0.0;32720
297092;all;all;1;3;0.0;30440
297144;all;none;1;3;0.0;30440
297174;all;all;1;1;0.0;30440
330221;none;all;1;1;0.0;32841
297176;none;all;1;3;0.0;30440
304337;all;all;1;3;0.0;30890
320629;all;all;1;3;0.0;32000
332663;all;all;1;3;0.0;33051
297178;all;all;1;2;0.0;30440
297260;none;all;1;2;0.0;30441
297191;all;all;1;1;0.0;30440
297365;all;all;1;0;0.0;30441
317135;all;all;1;0;0.0;31852
297378;all;all;1;2;0.0;30441
297394;all;all;1;4;0.0;30441
297411;all;all;1;2;0.0;30441
297430;all;all;1;0;0.0;30441
297469;all;all;1;2;0.0;30442
307356;all;all;1;2;0.0;31364
328146;all;all;1;2;0.0;32683
297543;none;all;1;0;0.0;30442
297589;all;all;1;5;0.0;30442
297605;all;all;1;1;0.0;30442
297712;all;all;1;2;0.0;30443
297739;all;all;1;2;0.0;30443
297864;all;all;1;3;0.0;30444
320658;all;all;1;3;0.0;32002
297943;all;none;1;4;0.0;30444
298102;all;all;1;2;0.0;30446
298166;all;all;1;0;0.0;30447
298283;none;all;1;2;0.0;30450
318892;all;all;1;2;0.0;31924
298288;all;all;1;1;0.0;30450
298346;all;all;1;1;0.0;30451
303207;none;all;1;1;0.0;30764
298386;all;all;1;4;0.0;30452
298394;all;all;1;2;0.0;30452
310645;all;all;1;2;0.0;31562
298625;all;all;1;1;0.0;30460
298694;none;none;1;2;0.0;30460
298753;all;all;1;3;0.0;30460
298765;all;all;1;4;0.0;30460
298788;all;all;1;2;0.0;30461
298791;all;all;1;0;0.0;30461
298798;all;all;1;0;0.0;30461
298852;all;all;1;4;0.0;30461
315983;all;all;1;4;0.0;31781
298936;all;all;1;2;0.0;30462
298960;all;all;1;2;0.0;30462
333124;all;none;1;2;0.0;33100
298967;all;all;1;1;0.0;30462
312542;all;all;1;1;0.0;31582
299014;all;all;1;0;0.0;30462
299021;all;all;1;1;0.0;30462
321854;all;all;1;1;0.0;32231
326991;all;none;1;1;0.0;32624
332089;all;none;1;1;0.0;32951
299023;none;all;1;2;0.0;30462
312198;all;all;1;2;0.0;31580
299031;all;none;1;0;0.0;30462
305042;all;all;1;0;0.0;30982
299063;all;all;1;0;0.0;30462
299075;all;none;1;1;0.0;30462
321851;all;all;1;1;0.0;32230
299099;all;all;1;5;0.0;30463
305451;none;all;1;5;0.0;31020
317300;none;all;1;5;0.0;31860
299103;none;all;1;1;0.0;30463
299134;all;all;1;0;0.0;30463
299148;all;all;1;3;0.0;30463
301106;all;all;1;3;0.0;30581
299158;all;all;1;2;0.0;30463
299170;all;all;1;4;0.0;30463
323766;all;none;1;4;0.0;32461
299186;all;none;1;0;0.0;30463
299202;all;all;1;2;0.0;30463
299204;all;all;1;0;0.0;30463
299288;all;all;1;3;0.0;30464
299300;all;all;1;2;0.0;30464
302415;all;none;1;2;0.0;30704
327025;all;all;1;2;0.0;32624
299428;all;all;1;1;0.0;30465
299456;all;all;1;1;0.0;30465
299671;none;all;1;2;0.0;30468
299870;all;all;1;2;0.0;30472
299922;all;all;1;4;0.0;30473
299968;none;all;1;4;0.0;30473
324859;all;all;1;4;0.0;32543
299965;all;all;1;2;0.0;30473
300014;all;all;1;1;0.0;30474
300167;none;all;1;2;0.0;30480
300208;all;all;1;0;0.0;30481
300229;all;all;1;1;0.0;30482
300243;all;all;1;2;0.0;30483
300349;none;all;1;3;0.0;30493
300451;none;all;1;1;0.0;30503
300460;none;all;1;2;0.0;30504
300527;all;all;1;1;0.0;30511
300545;all;all;1;1;0.0;30513
300727;all;all;1;2;0.0;30532
332405;all;all;1;2;0.0;33001
300740;all;all;1;0;0.0;30534
301062;all;all;1;0;0.0;30572
300751;all;all;1;3;0.0;30537
300780;all;all;1;1;0.0;30541
300839;all;all;1;1;0.0;30544
303810;all;none;1;1;0.0;30793
300888;none;all;1;2;0.0;30551
325042;all;all;1;2;0.0;32550
300909;all;all;1;3;0.0;30555
300927;all;all;1;2;0.0;30560
300988;all;all;1;4;0.0;30563
305769;all;all;1;4;0.0;31043
301008;all;all;1;0;0.0;30564
301110;all;all;1;5;0.0;30581
301132;all;all;1;0;0.0;30582
319516;all;all;1;0;0.0;31942
301138;all;all;1;2;0.0;30583
301195;none;all;1;0;0.0;30588
301223;all;all;1;0;0.0;30593
301233;all;all;1;2;0.0;30594
301262;all;all;1;5;0.0;30600
301291;none;all;1;0;0.0;30601
301441;all;all;1;2;0.0;30610
301570;none;all;1;3;0.0;30623
301756;all;all;1;2;0.0;30641
301786;all;all;1;0;0.0;30642
301851;all;all;1;0;0.0;30651
301936;all;none;1;1;0.0;30665
317726;all;all;1;1;0.0;31868
327192;all;all;1;1;0.0;32628
301966;all;all;1;1;0.0;30670
313656;all;none;1;1;0.0;31593
302014;all;all;1;1;0.0;30680
302094;all;all;1;2;0.0;30682
302106;all;all;1;0;0.0;30683
323351;all;all;1;0;0.0;32412
302309;all;all;1;1;0.0;30701
302379;all;all;1;1;0.0;30703
302405;all;all;1;2;0.0;30704
302508;all;all;1;2;0.0;30712
328859;all;none;1;2;0.0;32744
302605;all;all;1;0;0.0;30721
302612;none;all;1;3;0.0;30722
302633;all;all;1;3;0.0;30722
302737;all;all;1;4;0.0;30731
302813;none;all;1;2;0.0;30741
302953;none;all;1;3;0.0;30754
303054;all;all;1;2;0.0;30761
318587;all;all;1;2;0.0;31921
303063;all;all;1;0;0.0;30761
303120;all;all;1;0;0.0;30762
303165;all;all;1;2;0.0;30763
303373;all;all;1;1;0.0;30772
324426;none;all;1;1;0.0;32523
303447;all;all;1;2;0.0;30780
303496;all;all;1;1;0.0;30781
303498;all;none;1;0;0.0;30781
303521;all;all;1;4;0.0;30781
303559;all;all;1;2;0.0;30782
333378;all;all;1;2;0.0;33114
303584;none;none;1;2;0.0;30783
303604;all;all;1;0;0.0;30783
320894;all;all;1;0;0.0;32064
303625;none;all;1;0;0.0;30784
303628;all;all;1;4;0.0;30784
315001;all;all;1;4;0.0;31660
317334;all;all;1;4;0.0;31861
328925;all;all;1;4;0.0;32751
303632;all;all;1;0;0.0;30784
303645;all;all;1;1;0.0;30784
303784;none;all;1;2;0.0;30791
326936;all;all;1;2;0.0;32623
303800;all;all;1;2;0.0;30792
313470;none;all;1;2;0.0;31591
317414;all;all;1;2;0.0;31862
303812;none;all;1;2;0.0;30793
303823;all;all;1;1;0.0;30793
303955;all;all;1;2;0.0;30820
303973;all;all;1;0;0.0;30822
304166;none;all;1;1;0.0;30861
304178;all;all;1;2;0.0;30862
306530;all;all;1;2;0.0;31223
304268;none;all;1;1;0.0;30880
304270;all;all;1;1;0.0;30880
304286;all;all;1;1;0.0;30882
304399;all;none;1;0;0.0;30904
305871;none;none;1;0;0.0;31061
304692;all;all;1;0;0.0;30941
304700;all;all;1;2;0.0;30941
304733;all;all;1;0;0.0;30943
304792;all;all;1;0;0.0;30947
304825;all;all;1;2;0.0;30951
304849;all;all;1;2;0.0;30954
304852;all;all;1;0;0.0;30954
304918;all;all;1;6;0.0;30962
305037;all;all;1;4;0.0;30982
305039;all;all;1;0;0.0;30982
332332;none;none;1;0;0.0;32983
305049;all;all;1;5;0.0;30983
319554;all;all;1;5;0.0;31943
305108;all;none;1;1;0.0;30992
305113;all;all;1;0;0.0;30993
305147;all;all;1;3;0.0;31000
305181;all;all;1;5;0.0;31001
322799;all;all;1;5;0.0;32361
305199;all;all;1;1;0.0;31001
305214;all;all;1;5;0.0;31002
305238;all;all;1;0;0.0;31002
305304;all;all;1;0;0.0;31004
305363;all;all;1;4;0.0;31010
305395;all;all;1;3;0.0;31012
305477;all;all;1;3;0.0;31021
312205;all;all;1;3;0.0;31580
327419;all;all;1;3;0.0;32633
330045;none;all;1;3;0.0;32831
331798;none;none;1;3;0.0;32940
331832;all;all;1;3;0.0;32941
305525;all;all;1;0;0.0;31023
305549;all;all;1;3;0.0;31023
326921;all;all;1;3;0.0;32623
305555;all;all;1;3;0.0;31024
305556;none;all;1;0;0.0;31024
305613;all;all;1;3;0.0;31027
316054;all;all;1;3;0.0;31785
324145;none;none;1;3;0.0;32509
305654;all;none;1;9;0.0;31031
305677;all;all;1;0;0.0;31033
324759;none;all;1;0;0.0;32541
305729;none;all;1;0;0.0;31040
305772;all;all;1;2;0.0;31043
305952;none;all;1;1;0.0;31073
306085;all;all;1;0;0.0;31101
326839;all;all;1;0;0.0;32623
306146;all;all;1;3;0.0;31111
306149;none;all;1;4;0.0;31112
306183;all;all;1;1;0.0;31121
306215;all;all;1;2;0.0;31124
306265;all;all;1;2;0.0;31142
315302;all;all;1;2;0.0;31703
306410;all;all;1;3;0.0;31182
306562;all;all;1;2;0.0;31241
306628;all;all;1;2;0.0;31263
306730;all;all;1;2;0.0;31284
306832;all;all;1;3;0.0;31302
306858;none;all;1;1;0.0;31304
313617;all;all;1;1;0.0;31593
307051;all;all;1;2;0.0;31331
327786;none;none;1;2;0.0;32651
307130;all;all;1;4;0.0;31344
324120;none;none;1;4;0.0;32504
307165;all;all;1;1;0.0;31349
315390;all;all;1;1;0.0;31718
307173;all;all;1;0;0.0;31350
307191;all;all;1;0;0.0;31354
307194;all;all;1;0;0.0;31354
307201;all;all;1;4;0.0;31357
313797;all;all;1;4;0.0;31596
307202;all;all;1;2;0.0;31358
332056;all;all;1;2;0.0;32949
307230;none;all;1;0;0.0;31360
307253;all;all;1;2;0.0;31361
307266;all;all;1;2;0.0;31361
307275;all;all;1;3;0.0;31362
330548;all;all;1;3;0.0;32851
307297;all;all;1;3;0.0;31362
316872;all;all;1;3;0.0;31844
307315;all;all;1;2;0.0;31363
307322;all;all;1;1;0.0;31363
307547;all;all;1;3;0.0;31383
307647;all;all;1;0;0.0;31393
307731;none;all;1;2;0.0;31401
307837;all;all;1;3;0.0;31404
307944;all;all;1;0;0.0;31414
307974;all;all;1;4;0.0;31420
308022;none;all;1;0;0.0;31422
308190;all;none;1;1;0.0;31432
308275;none;all;1;2;0.0;31440
308281;all;all;1;4;0.0;31440
309467;none;all;1;4;0.0;31484
308349;all;all;1;1;0.0;31441
308364;all;all;1;0;0.0;31441
309471;all;all;1;0;0.0;31484
331398;all;all;1;0;0.0;32922
308437;all;all;1;0;0.0;31442
316683;all;all;1;0;0.0;31842
325832;all;all;1;0;0.0;32602
308441;all;all;1;2;0.0;31442
308495;none;all;1;4;0.0;31443
308772;all;all;1;3;0.0;31454
310837;all;all;1;3;0.0;31562
308840;all;none;1;0;0.0;31460
308859;none;all;1;0;0.0;31461
308880;all;all;1;2;0.0;31461
308895;all;all;1;2;0.0;31461
308902;all;all;1;4;0.0;31461
312874;all;all;1;4;0.0;31584
319975;none;all;1;4;0.0;31952
309002;all;all;1;2;0.0;31463
309014;all;none;1;2;0.0;31463
309256;all;none;1;1;0.0;31471
309259;all;all;1;0;0.0;31472
309381;all;all;1;1;0.0;31480
309382;none;all;1;1;0.0;31480
318857;all;all;1;1;0.0;31923
309430;all;all;1;1;0.0;31482
309531;all;all;1;2;0.0;31492
309604;all;none;1;0;0.0;31503
309607;all;all;1;1;0.0;31503
309749;all;all;1;2;0.0;31521
309925;all;none;1;0;0.0;31533
311860;all;all;1;0;0.0;31573
309949;none;all;1;1;0.0;31540
310043;none;none;1;3;0.0;31544
319488;all;all;1;3;0.0;31942
310063;all;all;1;0;0.0;31546
310110;all;all;1;0;0.0;31551
310318;all;all;1;2;0.0;31560
310319;all;all;1;1;0.0;31560
310327;all;all;1;4;0.0;31560
310389;all;all;1;1;0.0;31560
311770;none;all;1;1;0.0;31571
310449;all;all;1;1;0.0;31561
321636;all;all;1;1;0.0;32201
310829;none;all;1;3;0.0;31562
310846;all;all;1;2;0.0;31562
332248;all;all;1;2;0.0;32963
310890;all;all;1;1;0.0;31563
310939;none;all;1;2;0.0;31563
311005;none;all;1;2;0.0;31563
311020;none;all;1;2;0.0;31563
311102;all;none;1;4;0.0;31564
311221;all;none;1;4;0.0;31564
325189;all;all;1;4;0.0;32560
311185;all;all;1;2;0.0;31564
311310;all;all;1;3;0.0;31564
311315;all;all;1;3;0.0;31564
311550;all;all;1;0;0.0;31568
311690;all;all;1;2;0.0;31570
311701;none;all;1;2;0.0;31570
318925;all;all;1;2;0.0;31924
311732;all;all;1;0;0.0;31570
311781;none;none;1;2;0.0;31571
311804;all;all;1;3;0.0;31572
311825;all;all;1;4;0.0;31572
311849;all;all;1;0;0.0;31572
315182;all;all;1;0;0.0;31684
312093;all;all;1;1;0.0;31580
312130;all;all;1;0;0.0;31580
312169;all;all;1;0;0.0;31580
315978;none;all;1;0;0.0;31781
312200;all;all;1;0;0.0;31580
312225;all;all;1;1;0.0;31580
312226;none;all;1;4;0.0;31580
312246;all;all;1;0;0.0;31581
312292;all;all;1;5;0.0;31581
312337;all;all;1;3;0.0;31581
312394;all;all;1;5;0.0;31581
312667;all;all;1;0;0.0;31583
312698;all;none;1;0;0.0;31583
312752;all;all;1;5;0.0;31583
312755;all;all;1;0;0.0;31583
312833;all;all;1;1;0.0;31584
313017;all;all;1;1;0.0;31585
313106;all;all;1;0;0.0;31586
313420;all;all;1;2;0.0;31590
313448;all;all;1;1;0.0;31590
329883;all;all;1;1;0.0;32822
313466;none;none;1;1;0.0;31591
313506;none;none;1;0;0.0;31591
313515;all;all;1;5;0.0;31591
313524;all;all;1;2;0.0;31591
323033;all;all;1;2;0.0;32382
313534;all;all;1;2;0.0;31592
313626;none;none;1;2;0.0;31593
313655;all;none;1;0;0.0;31593
313703;none;all;1;2;0.0;31594
313722;all;all;1;0;0.0;31594
313813;none;all;1;0;0.0;31596
313818;all;all;1;0;0.0;31597
327127;all;all;1;0;0.0;32627
313904;none;all;1;0;0.0;31599
313947;all;none;1;3;0.0;31600
313988;all;none;1;4;0.0;31601
314111;all;all;1;4;0.0;31603
314129;all;all;1;0;0.0;31603
314312;all;all;1;3;0.0;31610
314411;all;all;1;1;0.0;31620
314435;all;all;1;0;0.0;31620
314814;all;all;1;1;0.0;31634
314933;all;none;1;1;0.0;31644
315158;all;all;1;2;0.0;31682
315189;all;all;1;3;0.0;31684
315233;all;all;1;2;0.0;31691
320228;all;all;1;2;0.0;31962
315279;all;all;1;0;0.0;31701
315420;none;all;1;2;0.0;31721
315489;all;all;1;2;0.0;31723
315532;all;all;1;0;0.0;31726
315590;all;all;1;0;0.0;31737
322497;none;all;1;0;0.0;32325
315628;all;all;1;1;0.0;31741
315669;all;all;1;0;0.0;31744
315673;all;all;1;2;0.0;31744
315731;all;all;1;1;0.0;31750
315732;all;all;1;0;0.0;31750
315808;all;all;1;0;0.0;31761
315866;all;all;1;2;0.0;31763
315924;all;all;1;0;0.0;31770
315927;all;all;1;1;0.0;31771
315966;all;all;1;1;0.0;31780
315996;all;all;1;4;0.0;31782
316033;all;all;1;4;0.0;31784
316099;all;all;1;0;0.0;31790
316132;all;all;1;1;0.0;31794
316325;all;all;1;1;0.0;31821
316341;all;all;1;2;0.0;31822
329805;all;none;1;2;0.0;32820
316352;all;all;1;1;0.0;31823
316479;none;all;1;1;0.0;31840
316484;all;all;1;3;0.0;31840
316528;none;all;1;1;0.0;31840
316571;all;all;1;0;0.0;31841
316593;all;all;1;1;0.0;31841
316600;all;all;1;0;0.0;31841
316807;all;all;1;3;0.0;31843
317149;all;all;1;0;0.0;31852
317173;all;all;1;0;0.0;31853
323707;none;none;1;0;0.0;32451
317265;all;all;1;0;0.0;31860
317338;all;all;1;2;0.0;31861
317469;all;all;1;3;0.0;31863
317487;all;all;1;2;0.0;31863
317526;all;all;1;3;0.0;31863
317567;none;all;1;1;0.0;31864
317594;all;all;1;0;0.0;31864
317754;all;none;1;1;0.0;31869
317897;all;none;1;2;0.0;31873
317904;all;all;1;0;0.0;31874
317905;all;none;1;2;0.0;31874
318060;all;all;1;4;0.0;31881
318098;all;all;1;1;0.0;31883
318260;all;all;1;0;0.0;31900
318275;all;all;1;2;0.0;31901
318299;all;all;1;0;0.0;31902
330043;all;all;1;0;0.0;32831
318304;none;all;1;0;0.0;31902
318327;all;all;1;1;0.0;31903
318341;all;all;1;0;0.0;31904
318353;none;all;1;2;0.0;31904
318527;all;all;1;6;0.0;31920
318740;all;all;1;3;0.0;31922
318749;none;all;1;3;0.0;31922
318959;all;all;1;1;0.0;31924
318974;none;all;1;3;0.0;31924
322870;all;all;1;3;0.0;32363
319183;none;all;1;0;0.0;31931
319209;all;all;1;1;0.0;31932
332607;all;all;1;1;0.0;33042
319235;all;all;1;1;0.0;31933
319324;none;all;1;2;0.0;31940
319350;all;all;1;0;0.0;31940
319353;all;none;1;2;0.0;31940
319380;all;all;1;2;0.0;31940
319388;all;all;1;0;0.0;31940
319424;all;all;1;2;0.0;31941
319486;all;all;1;2;0.0;31942
319435;all;all;1;0;0.0;31941
319440;all;all;1;1;0.0;31941
319472;all;all;1;1;0.0;31942
319513;all;all;1;0;0.0;31942
319518;all;all;1;1;0.0;31942
319583;none;all;1;1;0.0;31943
320020;none;all;1;1;0.0;31953
319640;none;all;1;0;0.0;31944
319650;all;none;1;0;0.0;31944
319675;all;all;1;0;0.0;31944
319687;all;all;1;0;0.0;31944
319963;all;all;1;3;0.0;31951
319982;all;all;1;0;0.0;31952
319990;all;all;1;2;0.0;31952
320002;all;none;1;1;0.0;31953
320003;none;all;1;2;0.0;31953
320034;all;all;1;6;0.0;31954
320182;all;all;1;3;0.0;31961
320293;all;none;1;3;0.0;31964
320217;all;all;1;0;0.0;31962
320234;all;all;1;0;0.0;31962
320284;all;all;1;0;0.0;31964
320250;all;none;1;2;0.0;31963
320370;all;all;1;1;0.0;31972
320432;all;all;1;0;0.0;31981
320637;all;all;1;2;0.0;32000
320767;all;all;1;0;0.0;32029
320778;all;none;1;0;0.0;32033
320911;all;all;1;2;0.0;32070
321860;all;all;1;2;0.0;32232
320933;all;all;1;4;0.0;32080
320945;none;all;1;0;0.0;32081
320975;all;all;1;0;0.0;32084
332619;all;all;1;0;0.0;33043
321041;none;all;1;2;0.0;32102
321045;all;all;1;0;0.0;32103
321121;all;all;1;2;0.0;32120
321138;all;all;1;3;0.0;32121
321147;all;all;1;1;0.0;32122
321163;all;all;1;4;0.0;32123
321257;all;all;1;0;0.0;32141
321287;all;all;1;4;0.0;32143
321347;all;all;1;3;0.0;32153
321394;all;all;1;3;0.0;32161
321582;all;all;1;0;0.0;32190
321588;none;none;1;3;0.0;32191
321666;all;all;1;3;0.0;32203
321683;all;all;1;0;0.0;32204
321740;all;all;1;0;0.0;32214
321781;none;all;1;3;0.0;32222
329402;all;all;1;3;0.0;32793
331877;all;all;1;3;0.0;32942
321853;all;all;1;1;0.0;32231
321866;none;all;1;2;0.0;32233
321915;all;all;1;1;0.0;32241
322026;all;all;1;2;0.0;32261
322299;all;all;1;2;0.0;32304
322307;all;all;1;0;0.0;32304
322366;none;none;1;1;0.0;32320
322640;all;all;1;2;0.0;32343
322644;all;all;1;1;0.0;32343
322714;all;all;1;0;0.0;32350
322845;all;all;1;0;0.0;32362
322959;all;all;1;0;0.0;32373
322882;all;none;1;3;0.0;32364
328094;all;all;1;3;0.0;32681
322979;none;all;1;1;0.0;32380
322995;all;all;1;1;0.0;32380
323086;all;all;1;2;0.0;32384
323110;all;all;1;0;0.0;32387
323159;all;all;1;2;0.0;32392
323281;all;all;1;3;0.0;32403
332873;none;all;1;3;0.0;33082
323393;all;all;1;2;0.0;32421
323416;none;all;1;0;0.0;32422
323532;all;all;1;1;0.0;32440
323586;all;all;1;0;0.0;32442
323717;all;all;1;1;0.0;32452
323724;all;all;1;4;0.0;32453
323763;none;all;1;2;0.0;32460
323961;none;none;1;0;0.0;32481
328991;none;all;1;0;0.0;32760
323963;none;none;1;0;0.0;32481
325829;all;none;1;0;0.0;32602
323974;none;none;1;0;0.0;32482
324071;none;none;1;1;0.0;32500
326945;none;all;1;1;0.0;32624
324200;all;all;1;2;0.0;32520
324215;all;all;1;5;0.0;32520
324236;none;all;1;2;0.0;32520
324435;none;all;1;4;0.0;32523
324641;all;all;1;1;0.0;32532
324758;none;all;1;2;0.0;32541
324862;all;all;1;0;0.0;32543
324886;none;none;1;2;0.0;32543
325236;all;all;1;3;0.0;32562
325349;all;all;1;0;0.0;32581
325367;all;all;1;0;0.0;32582
325384;all;all;1;6;0.0;32584
325387;all;all;1;2;0.0;32584
325388;all;all;1;2;0.0;32584
325402;all;none;1;0;0.0;32586
325774;all;all;1;0;0.0;32602
325864;all;none;1;1;0.0;32602
325885;all;none;1;2;0.0;32603
325917;all;all;1;1;0.0;32603
325924;all;none;1;0;0.0;32603
325967;none;none;1;3;0.0;32603
325976;all;all;1;1;0.0;32603
326002;all;none;1;2;0.0;32603
326053;all;all;1;0;0.0;32604
326081;all;all;1;2;0.0;32604
326093;all;none;1;1;0.0;32604
326130;none;none;1;3;0.0;32604
326322;all;all;1;0;0.0;32610
328666;all;all;1;0;0.0;32723
326355;none;all;1;0;0.0;32611
326648;all;all;1;1;0.0;32621
326687;all;none;1;1;0.0;32621
326750;all;all;1;0;0.0;32622
330093;none;all;1;0;0.0;32834
326812;all;all;1;1;0.0;32622
326827;none;all;1;0;0.0;32622
326872;all;all;1;4;0.0;32623
326898;all;all;1;0;0.0;32623
326937;all;none;1;2;0.0;32623
326956;none;all;1;0;0.0;32624
327140;all;none;1;0;0.0;32627
327296;all;all;1;0;0.0;32630
327340;none;none;1;0;0.0;32631
327413;none;all;1;1;0.0;32633
327437;all;none;1;0;0.0;32633
327453;all;all;1;3;0.0;32634
327480;all;all;1;2;0.0;32634
327642;none;none;1;2;0.0;32641
327682;none;none;1;0;0.0;32642
327721;none;none;1;1;0.0;32644
327917;none;none;1;0;0.0;32664
328053;all;all;1;0;0.0;32680
328054;all;all;1;2;0.0;32680
328263;all;none;1;4;0.0;32692
328272;none;all;1;0;0.0;32693
328479;all;none;1;2;0.0;32710
328483;all;all;1;0;0.0;32710
328497;none;all;1;1;0.0;32711
330711;all;all;1;1;0.0;32861
328591;none;all;1;2;0.0;32721
328608;none;all;1;3;0.0;32721
328672;none;none;1;2;0.0;32724
328684;all;all;1;0;0.0;32724
328698;all;all;1;0;0.0;32725
328740;all;all;1;1;0.0;32732
328746;all;all;1;0;0.0;32733
329000;all;all;1;0;0.0;32760
329008;all;none;1;4;0.0;32760
329082;all;all;1;2;0.0;32763
329105;all;none;1;0;0.0;32764
329217;none;all;1;1;0.0;32780
329224;all;all;1;2;0.0;32780
329257;all;none;1;2;0.0;32781
329396;all;all;1;1;0.0;32793
329400;none;all;1;2;0.0;32793
329478;all;all;1;1;0.0;32800
329553;all;all;1;0;0.0;32802
329720;all;all;1;0;0.0;32809
329859;none;all;1;0;0.0;32821
329894;all;all;1;1;0.0;32822
329915;all;none;1;2;0.0;32823
329930;none;none;1;0;0.0;32824
329951;all;all;1;0;0.0;32824
330028;none;all;1;0;0.0;32830
330057;all;all;1;3;0.0;32832
330116;all;all;1;0;0.0;32837
332053;none;all;1;0;0.0;32949
330176;all;none;1;0;0.0;32840
330203;all;all;1;0;0.0;32841
330220;none;all;1;2;0.0;32841
330291;all;all;1;0;0.0;32842
330398;all;all;1;0;0.0;32844
330537;none;all;1;4;0.0;32850
330647;all;all;1;4;0.0;32860
330681;all;all;1;2;0.0;32861
330689;all;all;1;4;0.0;32861
330732;all;all;1;0;0.0;32862
330741;none;all;1;1;0.0;32862
330921;all;all;1;1;0.0;32868
330960;all;all;1;1;0.0;32870
331173;all;all;1;1;0.0;32890
331202;all;all;1;1;0.0;32901
331401;none;all;1;5;0.0;32922
331410;none;all;1;3;0.0;32922
331470;all;all;1;0;0.0;32923
331574;all;all;1;0;0.0;32924
331915;all;none;1;2;0.0;32943
331923;all;all;1;0;0.0;32943
331966;all;all;1;2;0.0;32944
331967;all;all;1;1;0.0;32944
332094;all;all;1;2;0.0;32951
332114;all;all;1;3;0.0;32952
332116;all;none;1;0;0.0;32952
332297;all;none;1;1;0.0;32974
332334;none;all;1;3;0.0;32984
332368;all;all;1;0;0.0;32992
332398;all;all;1;3;0.0;33001
332552;all;all;1;0;0.0;33030
332691;all;all;1;2;0.0;33061
332707;all;all;1;2;0.0;33063
332715;all;all;1;2;0.0;33064
332741;all;all;1;0;0.0;33070
332757;all;all;1;2;0.0;33073
332785;all;all;1;2;0.0;33080
332842;all;all;1;3;0.0;33081
333043;all;all;1;1;0.0;33090
333177;all;none;1;0;0.0;33102
333187;none;all;1;1;0.0;33102
333328;none;all;1;3;0.0;33110
333349;all;all;1;0;0.0;33112
333362;all;all;1;0;0.0;33112
333376;all;all;1;3;0.0;33113
333449;none;all;1;0;0.0;33121
337884;all;all;1;0;0.0;33240
338008;all;all;1;0;0.0;33252
346822;all;all;1;0;0.0;34280
348518;all;all;1;0;0.0;34332
352144;none;all;1;0;0.0;34483
362325;none;all;1;0;0.0;35372
364656;none;all;1;0;0.0;35480
369824;all;all;1;0;0.0;35931
373892;all;all;1;0;0.0;36173
382613;all;all;1;0;0.0;37331
333451;all;all;1;2;0.0;33121
342397;all;all;1;2;0.0;33733
333484;none;all;1;0;0.0;33123
335827;none;all;1;0;0.0;33210
340650;all;all;1;0;0.0;33523
382236;all;all;1;0;0.0;37254
384239;none;none;1;0;0.0;37450
333500;all;all;1;1;0.0;33124
370766;all;all;1;1;0.0;35970
333512;all;none;1;0;0.0;33126
335716;all;all;1;0;0.0;33207
337963;all;all;1;0;0.0;33245
341421;all;all;1;0;0.0;33578
345170;all;all;1;0;0.0;34176
333513;all;all;1;3;0.0;33126
339454;all;all;1;3;0.0;33418
342682;all;all;1;3;0.0;33767
380166;all;all;1;3;0.0;37099
333528;none;all;1;0;0.0;33130
365846;all;all;1;0;0.0;35574
366483;all;all;1;0;0.0;35610
371116;none;all;1;0;0.0;35972
372830;none;none;1;0;0.0;36012
377523;all;all;1;0;0.0;36920
380111;none;all;1;0;0.0;37094
382167;all;all;1;0;0.0;37251
384328;all;all;1;0;0.0;37451
387615;all;none;1;0;0.0;37972
387844;none;none;1;0;0.0;38010
398807;none;all;1;0;0.0;39210
407866;all;none;1;0;0.0;40893
333581;all;all;1;1;0.0;33133
385337;none;all;1;1;0.0;37494
405352;none;all;1;1;0.0;40373
333590;all;all;1;2;0.0;33134
377312;all;all;1;2;0.0;36893
381845;none;all;1;2;0.0;37173
333603;none;all;1;0;0.0;33138
335749;all;all;1;0;0.0;33209
338061;all;none;1;0;0.0;33256
342819;all;all;1;0;0.0;33777
348170;all;all;1;0;0.0;34328
350951;none;all;1;0;0.0;34367
353743;none;all;1;0;0.0;34615
354616;all;all;1;0;0.0;34648
359876;all;all;1;0;0.0;35217
362106;none;all;1;0;0.0;35366
366434;all;all;1;0;0.0;35605
333608;all;all;1;4;0.0;33140
339880;all;all;1;4;0.0;33461
375379;all;all;1;4;0.0;36390
333622;none;all;1;2;0.0;33141
356173;all;all;1;2;0.0;34711
377455;all;all;1;2;0.0;36913
333683;all;all;1;0;0.0;33148
349823;all;all;1;0;0.0;34349
357077;all;all;1;0;0.0;34798
368744;all;none;1;0;0.0;35826
333689;all;all;1;0;0.0;33150
361476;all;all;1;0;0.0;35342
372310;all;all;1;0;0.0;35993
333698;all;all;1;0;0.0;33150
345201;all;all;1;0;0.0;34180
333702;all;all;1;1;0.0;33151
337489;all;none;1;1;0.0;33232
333707;none;all;1;3;0.0;33151
360935;all;all;1;3;0.0;35302
362796;all;all;1;3;0.0;35382
364073;none;none;1;3;0.0;35433
369158;all;all;1;3;0.0;35861
372251;all;all;1;3;0.0;35993
376421;none;none;1;3;0.0;36594
378366;all;none;1;3;0.0;36991
408357;none;all;1;3;0.0;40913
333713;none;all;1;0;0.0;33151
356774;all;all;1;0;0.0;34743
333756;all;none;1;0;0.0;33155
354477;all;all;1;0;0.0;34638
361504;all;none;1;0;0.0;35347
333799;all;all;1;2;0.0;33160
333820;none;all;1;1;0.0;33160
340123;all;none;1;1;0.0;33481
345671;all;all;1;1;0.0;34204
389675;all;all;1;1;0.0;38134
407352;all;none;1;1;0.0;40851
407696;all;all;1;1;0.0;40892
333826;all;all;1;6;0.0;33160
333858;none;all;1;0;0.0;33161
350847;all;all;1;0;0.0;34362
354986;none;all;1;0;0.0;34680
365721;none;none;1;0;0.0;35570
366658;all;all;1;0;0.0;35614
374821;all;none;1;0;0.0;36294
377346;all;all;1;0;0.0;36894
398198;all;none;1;0;0.0;39051
401452;all;all;1;0;0.0;39852
403562;all;all;1;0;0.0;40131
404205;all;all;1;0;0.0;40173
409523;all;all;1;0;0.0;41093
333865;all;all;1;2;0.0;33161
339765;none;all;1;2;0.0;33452
340165;all;all;1;2;0.0;33483
348040;all;all;1;2;0.0;34324
355399;all;all;1;2;0.0;34690
356590;all;all;1;2;0.0;34724
375207;all;all;1;2;0.0;36331
377939;all;all;1;2;0.0;36964
379764;all;all;1;2;0.0;37092
383220;all;all;1;2;0.0;37374
385290;all;all;1;2;0.0;37492
409875;all;none;1;2;0.0;41133
333902;all;all;1;1;0.0;33162
333916;none;all;1;2;0.0;33162
333943;all;all;1;0;0.0;33162
333975;none;all;1;2;0.0;33163
336108;all;none;1;2;0.0;33212
340631;all;all;1;2;0.0;33523
368245;none;all;1;2;0.0;35720
369728;all;all;1;2;0.0;35930
394412;all;all;1;2;0.0;38611
397668;all;all;1;2;0.0;38931
333978;all;all;1;1;0.0;33163
333983;all;all;1;1;0.0;33163
335761;all;all;1;1;0.0;33210
336020;all;all;1;1;0.0;33212
340562;all;none;1;1;0.0;33521
354637;all;all;1;1;0.0;34650
369771;all;all;1;1;0.0;35930
388071;all;all;1;1;0.0;38050
333994;all;none;1;2;0.0;33163
334010;all;all;1;0;0.0;33164
334015;all;all;1;0;0.0;33164
355585;none;all;1;0;0.0;34693
379429;none;all;1;0;0.0;37091
383073;all;none;1;0;0.0;37373
408753;all;all;1;0;0.0;40970
334026;all;all;1;2;0.0;33164
339385;all;all;1;2;0.0;33404
347845;all;all;1;2;0.0;34323
366411;all;all;1;2;0.0;35604
367629;all;all;1;2;0.0;35691
369506;all;all;1;2;0.0;35892
371411;all;all;1;2;0.0;35974
384592;all;all;1;2;0.0;37454
389352;all;none;1;2;0.0;38132
399082;all;all;1;2;0.0;39290
405987;all;all;1;2;0.0;40611
334034;all;all;1;2;0.0;33164
344542;all;all;1;2;0.0;34122
386670;all;all;1;2;0.0;37850
403184;all;none;1;2;0.0;40050
334061;none;none;1;1;0.0;33164
347311;all;all;1;1;0.0;34320
355408;none;all;1;1;0.0;34690
358102;all;all;1;1;0.0;35000
376116;all;all;1;1;0.0;36534
387934;none;none;1;1;0.0;38014
391071;all;all;1;1;0.0;38213
398324;none;all;1;1;0.0;39054
401390;all;all;1;1;0.0;39851
334077;all;all;1;1;0.0;33167
348166;all;none;1;1;0.0;34328
334109;all;all;1;0;0.0;33170
334169;none;all;1;0;0.0;33171
335890;all;none;1;0;0.0;33211
353292;all;all;1;0;0.0;34603
386731;all;all;1;0;0.0;37852
334222;all;all;1;1;0.0;33172
339597;all;all;1;1;0.0;33440
347689;all;all;1;1;0.0;34322
348560;all;all;1;1;0.0;34332
367505;all;all;1;1;0.0;35684
374068;all;all;1;1;0.0;36212
380026;none;all;1;1;0.0;37094
387570;all;all;1;1;0.0;37971
395640;all;all;1;1;0.0;38730
401295;all;all;1;1;0.0;39851
403626;none;all;1;1;0.0;40132
334237;all;all;1;0;0.0;33172
347570;all;none;1;0;0.0;34321
367713;none;none;1;0;0.0;35693
334269;none;all;1;2;0.0;33173
334272;all;all;1;2;0.0;33173
392066;all;all;1;2;0.0;38331
334294;all;all;1;2;0.0;33173
334309;all;all;1;4;0.0;33174
348653;all;all;1;4;0.0;34333
397702;none;none;1;4;0.0;38933
334330;all;all;1;2;0.0;33174
403708;all;none;1;2;0.0;40134
334339;all;all;1;2;0.0;33174
334350;none;all;1;2;0.0;33174
401547;all;all;1;2;0.0;39853
334386;all;none;1;1;0.0;33179
338420;all;all;1;1;0.0;33297
334395;all;all;1;1;0.0;33180
336524;all;all;1;1;0.0;33220
334398;all;all;1;2;0.0;33180
334402;all;all;1;0;0.0;33180
338220;none;all;1;0;0.0;33273
356288;all;all;1;0;0.0;34713
367044;all;all;1;0;0.0;35633
370427;all;all;1;0;0.0;35953
378471;all;all;1;0;0.0;36992
386128;all;all;1;0;0.0;37713
406687;none;all;1;0;0.0;40753
408260;none;none;1;0;0.0;40912
334415;all;all;1;0;0.0;33180
336459;none;all;1;0;0.0;33220
408360;all;all;1;0;0.0;40913
334456;all;all;1;2;0.0;33181
351990;all;all;1;2;0.0;34464
373670;all;all;1;2;0.0;36150
393687;all;all;1;2;0.0;38471
400903;all;none;1;2;0.0;39792
334533;all;all;1;2;0.0;33183
334579;all;all;1;2;0.0;33184
349178;none;all;1;2;0.0;34341
360311;none;none;1;2;0.0;35274
373774;all;all;1;2;0.0;36153
408865;none;all;1;2;0.0;40990
334594;none;all;1;0;0.0;33184
334596;none;all;1;2;0.0;33184
350370;all;none;1;2;0.0;34353
391886;all;all;1;2;0.0;38311
334597;all;all;1;1;0.0;33184
343844;all;all;1;1;0.0;33982
386108;all;all;1;1;0.0;37711
404056;none;all;1;1;0.0;40154
334616;all;all;1;0;0.0;33184
377007;all;all;1;0;0.0;36832
383749;all;all;1;0;0.0;37394
334648;all;all;1;1;0.0;33187
334696;all;all;1;1;0.0;33190
337001;all;all;1;1;0.0;33224
345997;all;all;1;1;0.0;34220
350443;all;all;1;1;0.0;34354
362961;all;all;1;1;0.0;35384
364955;all;all;1;1;0.0;35510
376138;all;none;1;1;0.0;36540
387222;none;all;1;1;0.0;37913
396763;all;all;1;1;0.0;38754
334727;all;none;1;1;0.0;33191
340433;none;all;1;1;0.0;33511
374934;all;all;1;1;0.0;36310
334753;all;all;1;0;0.0;33191
398941;none;all;1;0;0.0;39233
334758;all;all;1;0;0.0;33191
334762;all;all;1;1;0.0;33191
368574;all;all;1;1;0.0;35792
334791;all;all;1;2;0.0;33192
334804;none;all;1;1;0.0;33192
380518;all;all;1;1;0.0;37111
390433;all;all;1;1;0.0;38154
334813;all;all;1;0;0.0;33192
334929;all;all;1;0;0.0;33196
334972;all;all;1;2;0.0;33200
339685;all;all;1;2;0.0;33444
362548;all;all;1;2;0.0;35374
390749;none;none;1;2;0.0;38173
401181;none;all;1;2;0.0;39850
335050;all;all;1;2;0.0;33200
345663;all;all;1;2;0.0;34204
391733;all;all;1;2;0.0;38292
398247;none;all;1;2;0.0;39052
335080;all;all;1;0;0.0;33200
335090;none;all;1;0;0.0;33200
345505;all;all;1;0;0.0;34201
365199;all;all;1;0;0.0;35530
335133;all;all;1;0;0.0;33201
389701;all;all;1;0;0.0;38134
335137;all;all;1;2;0.0;33201
342607;all;all;1;2;0.0;33762
335196;all;all;1;0;0.0;33201
395829;all;all;1;0;0.0;38731
335209;all;all;1;0;0.0;33201
346636;all;all;1;0;0.0;34253
353134;all;all;1;0;0.0;34601
365172;none;all;1;0;0.0;35524
371382;none;all;1;0;0.0;35974
382181;all;all;1;0;0.0;37252
383914;all;all;1;0;0.0;37412
405432;all;all;1;0;0.0;40411
407629;all;none;1;0;0.0;40891
335258;all;all;1;3;0.0;33202
339419;all;all;1;3;0.0;33412
344601;all;all;1;3;0.0;34124
335271;all;all;1;0;0.0;33202
335292;all;all;1;0;0.0;33202
347673;all;all;1;0;0.0;34322
360773;all;all;1;0;0.0;35294
410768;none;none;1;0;0.0;41293
335300;all;all;1;2;0.0;33202
352152;all;all;1;2;0.0;34484
365741;all;all;1;2;0.0;35571
366319;none;none;1;2;0.0;35602
335322;all;all;1;0;0.0;33202
335353;all;all;1;2;0.0;33202
405330;none;all;1;2;0.0;40370
335358;none;all;1;0;0.0;33202
335366;all;all;1;3;0.0;33202
335370;all;all;1;2;0.0;33202
339008;all;all;1;2;0.0;33370
353250;all;all;1;2;0.0;34602
386342;all;all;1;2;0.0;37770
394501;all;none;1;2;0.0;38613
335371;none;all;1;0;0.0;33202
352582;none;all;1;0;0.0;34534
335374;all;all;1;0;0.0;33202
350868;all;all;1;0;0.0;34363
353507;all;all;1;0;0.0;34610
362383;all;all;1;0;0.0;35372
364151;all;all;1;0;0.0;35441
407051;all;all;1;0;0.0;40814
335377;all;all;1;1;0.0;33202
355640;all;all;1;1;0.0;34694
335383;all;all;1;2;0.0;33202
338375;all;all;1;2;0.0;33292
385849;all;all;1;2;0.0;37652
335388;all;all;1;1;0.0;33202
340782;all;all;1;1;0.0;33531
341498;all;all;1;1;0.0;33601
345867;all;all;1;1;0.0;34213
360096;none;none;1;1;0.0;35242
374651;all;all;1;1;0.0;36290
374842;all;all;1;1;0.0;36294
399417;all;all;1;1;0.0;39410
400491;all;all;1;1;0.0;39733
409903;all;all;1;1;0.0;41133
410280;none;all;1;1;0.0;41210
335392;all;all;1;1;0.0;33202
371263;all;all;1;1;0.0;35973
335411;none;all;1;0;0.0;33203
363818;none;none;1;0;0.0;35410
335418;all;all;1;0;0.0;33203
346910;all;all;1;0;0.0;34284
346917;all;all;1;0;0.0;34284
373240;all;all;1;0;0.0;36090
382938;all;all;1;0;0.0;37371
388184;all;all;1;0;0.0;38051
395126;all;all;1;0;0.0;38692
398840;all;all;1;0;0.0;39212
411050;all;all;1;0;0.0;41374
335489;all;all;1;3;0.0;33203
347330;all;all;1;3;0.0;34320
353556;all;all;1;3;0.0;34611
357080;all;all;1;3;0.0;34800
370698;all;all;1;3;0.0;35970
386214;all;all;1;3;0.0;37733
393339;none;all;1;3;0.0;38450
397870;all;all;1;3;0.0;38974
400949;all;all;1;3;0.0;39810
404201;all;all;1;3;0.0;40173
335492;all;none;1;2;0.0;33203
335530;none;all;1;2;0.0;33203
388299;all;none;1;2;0.0;38053
335535;all;all;1;0;0.0;33203
340618;all;all;1;0;0.0;33522
335536;none;all;1;3;0.0;33203
389584;all;all;1;3;0.0;38133
335539;none;all;1;0;0.0;33204
335555;none;all;1;0;0.0;33204
335571;none;all;1;3;0.0;33204
351111;all;all;1;3;0.0;34374
356506;all;all;1;3;0.0;34720
389520;all;all;1;3;0.0;38133
335574;all;all;1;1;0.0;33204
345561;all;all;1;1;0.0;34202
346578;all;all;1;1;0.0;34244
353551;all;all;1;1;0.0;34611
355087;all;all;1;1;0.0;34682
399892;all;all;1;1;0.0;39652
335585;all;all;1;1;0.0;33204
335643;all;all;1;0;0.0;33204
348312;all;all;1;0;0.0;34330
367325;none;all;1;0;0.0;35680
387870;none;none;1;0;0.0;38011
397044;all;all;1;0;0.0;38774
403045;all;all;1;0;0.0;40011
335656;all;all;1;0;0.0;33204
347785;all;all;1;0;0.0;34323
335659;none;all;1;1;0.0;33204
365714;all;all;1;1;0.0;35570
335674;all;all;1;2;0.0;33204
335678;all;all;1;1;0.0;33204
341497;none;all;1;1;0.0;33601
343133;all;all;1;1;0.0;33804
358561;none;all;1;1;0.0;35080
365793;none;all;1;1;0.0;35573
367371;none;all;1;1;0.0;35681
407564;none;all;1;1;0.0;40890
335729;all;all;1;1;0.0;33208
335739;all;all;1;1;0.0;33208
340316;none;all;1;1;0.0;33499
335776;all;all;1;1;0.0;33210
396129;all;none;1;1;0.0;38734
335778;all;none;1;0;0.0;33210
401659;all;none;1;0;0.0;39853
335877;none;all;1;2;0.0;33210
350728;all;all;1;2;0.0;34360
359676;all;all;1;2;0.0;35200
387921;none;none;1;2;0.0;38014
335972;all;all;1;1;0.0;33211
335997;all;all;1;0;0.0;33211
336000;none;none;1;2;0.0;33211
378748;none;all;1;2;0.0;37012
388345;all;all;1;2;0.0;38054
336003;all;all;1;0;0.0;33211
347911;all;all;1;0;0.0;34323
353473;all;all;1;0;0.0;34610
391802;all;all;1;0;0.0;38294
401492;all;all;1;0;0.0;39852
409018;all;all;1;0;0.0;41011
336010;none;all;1;0;0.0;33212
376641;none;all;1;0;0.0;36690
336049;all;all;1;2;0.0;33212
351032;none;all;1;2;0.0;34372
386956;none;all;1;2;0.0;37890
336079;all;all;1;1;0.0;33212
347812;none;all;1;1;0.0;34323
336118;all;all;1;1;0.0;33212
346894;all;all;1;1;0.0;34283
336136;all;all;1;0;0.0;33213
359077;all;none;1;0;0.0;35132
379835;all;all;1;0;0.0;37093
381430;all;all;1;0;0.0;37132
384593;all;none;1;0;0.0;37454
409859;all;all;1;0;0.0;41132
336145;none;all;1;2;0.0;33213
353163;none;all;1;2;0.0;34601
355642;all;all;1;2;0.0;34694
359765;all;all;1;2;0.0;35204
336153;all;all;1;1;0.0;33213
368297;all;all;1;1;0.0;35730
369029;all;all;1;1;0.0;35851
404576;none;all;1;1;0.0;40213
410911;all;all;1;1;0.0;41370
336170;all;all;1;0;0.0;33213
336175;all;none;1;2;0.0;33213
343574;none;all;1;2;0.0;33893
374017;all;all;1;2;0.0;36210
402816;all;all;1;2;0.0;39930
409303;all;all;1;2;0.0;41054
336182;all;all;1;0;0.0;33213
361818;all;all;1;0;0.0;35362
378067;all;all;1;0;0.0;36971
388803;all;all;1;0;0.0;38090
394238;all;all;1;0;0.0;38573
336184;all;all;1;1;0.0;33213
357210;all;all;1;1;0.0;34840
336187;all;all;1;2;0.0;33213
336216;all;all;1;0;0.0;33213
395977;none;all;1;0;0.0;38732
336230;all;all;1;2;0.0;33213
351584;none;all;1;2;0.0;34400
360147;none;none;1;2;0.0;35250
365737;none;all;1;2;0.0;35571
336236;none;all;1;1;0.0;33213
340613;all;all;1;1;0.0;33522
344993;all;all;1;1;0.0;34162
345846;all;all;1;1;0.0;34212
348656;all;all;1;1;0.0;34333
363791;none;none;1;1;0.0;35404
376950;none;none;1;1;0.0;36813
379945;all;all;1;1;0.0;37093
386539;all;all;1;1;0.0;37811
391742;all;all;1;1;0.0;38292
393397;all;all;1;1;0.0;38451
398210;all;none;1;1;0.0;39051
400092;none;none;1;1;0.0;39691
336243;none;all;1;0;0.0;33213
347462;all;none;1;0;0.0;34321
358193;all;all;1;0;0.0;35012
336248;all;all;1;0;0.0;33213
399370;none;all;1;0;0.0;39372
336267;all;all;1;2;0.0;33214
336269;all;all;1;4;0.0;33214
336300;all;all;1;0;0.0;33214
340611;all;all;1;0;0.0;33522
341773;all;all;1;0;0.0;33651
344931;none;all;1;0;0.0;34160
358178;all;all;1;0;0.0;35011
359034;all;all;1;0;0.0;35130
381394;all;all;1;0;0.0;37131
382768;none;all;1;0;0.0;37362
386038;all;all;1;0;0.0;37691
394838;all;none;1;0;0.0;38650
395826;all;all;1;0;0.0;38731
400051;all;all;1;0;0.0;39683
410203;all;none;1;0;0.0;41174
336304;all;all;1;0;0.0;33214
341898;all;none;1;0;0.0;33680
344680;all;all;1;0;0.0;34133
354511;all;all;1;0;0.0;34640
370588;all;all;1;0;0.0;35960
395847;all;none;1;0;0.0;38731
336363;none;all;1;2;0.0;33214
347233;none;all;1;2;0.0;34320
336364;all;all;1;2;0.0;33214
357868;all;all;1;2;0.0;34962
393454;all;all;1;2;0.0;38452
336407;none;all;1;0;0.0;33216
348176;all;all;1;0;0.0;34328
357964;all;all;1;0;0.0;34976
366664;all;all;1;0;0.0;35616
336427;all;all;1;0;0.0;33217
354612;all;all;1;0;0.0;34647
336445;all;all;1;0;0.0;33219
369120;all;all;1;0;0.0;35857
336446;all;all;1;0;0.0;33219
342821;all;all;1;0;0.0;33778
355693;all;all;1;0;0.0;34699
336449;all;all;1;0;0.0;33219
340203;none;all;1;0;0.0;33485
348100;all;all;1;0;0.0;34325
355668;none;all;1;0;0.0;34696
355688;all;all;1;0;0.0;34698
364261;all;all;1;0;0.0;35449
382035;all;all;1;0;0.0;37218
336476;all;all;1;0;0.0;33220
380397;all;all;1;0;0.0;37110
336534;all;all;1;1;0.0;33220
338111;all;all;1;1;0.0;33262
356846;all;all;1;1;0.0;34751
380779;all;none;1;1;0.0;37112
336555;all;all;1;0;0.0;33220
402291;all;all;1;0;0.0;39874
336589;all;all;1;4;0.0;33221
349153;none;all;1;4;0.0;34341
391586;all;all;1;4;0.0;38273
336591;all;all;1;0;0.0;33221
344393;all;all;1;0;0.0;34103
336601;all;all;1;0;0.0;33221
359613;all;none;1;0;0.0;35191
401816;none;all;1;0;0.0;39862
336608;all;all;1;2;0.0;33221
339944;all;all;1;2;0.0;33464
336609;all;all;1;1;0.0;33221
336649;all;all;1;2;0.0;33221
367950;all;all;1;2;0.0;35704
336728;all;all;1;0;0.0;33222
386136;all;all;1;0;0.0;37714
336740;all;all;1;0;0.0;33222
336742;all;all;1;1;0.0;33222
336758;all;all;1;0;0.0;33222
390461;all;all;1;0;0.0;38154
392909;all;all;1;0;0.0;38391
336798;none;all;1;0;0.0;33222
336819;all;all;1;0;0.0;33223
387117;all;all;1;0;0.0;37910
336820;all;all;1;2;0.0;33223
361091;all;all;1;2;0.0;35311
390500;all;none;1;2;0.0;38154
395403;none;all;1;2;0.0;38712
396263;all;all;1;2;0.0;38744
398750;all;all;1;2;0.0;39181
336837;none;all;1;0;0.0;33223
336856;all;all;1;2;0.0;33223
361553;all;all;1;2;0.0;35353
336908;all;none;1;2;0.0;33223
343290;all;all;1;2;0.0;33832
352752;all;all;1;2;0.0;34554
400724;all;all;1;2;0.0;39754
408348;all;all;1;2;0.0;40913
336920;all;all;1;2;0.0;33224
336922;all;all;1;0;0.0;33224
397558;none;all;1;0;0.0;38910
336926;all;none;1;1;0.0;33224
341607;all;all;1;1;0.0;33620
374557;none;none;1;1;0.0;36274
336978;all;all;1;0;0.0;33224
344200;all;all;1;0;0.0;34073
366986;none;all;1;0;0.0;35632
399630;all;all;1;0;0.0;39553
336991;none;all;1;2;0.0;33224
373434;all;all;1;2;0.0;36114
389793;all;all;1;2;0.0;38150
336993;all;all;1;2;0.0;33224
344470;all;all;1;2;0.0;34114
358535;all;all;1;2;0.0;35074
372545;all;all;1;2;0.0;35994
376722;all;all;1;2;0.0;36714
379057;none;all;1;2;0.0;37070
384097;all;all;1;2;0.0;37433
384791;all;all;1;2;0.0;37471
386607;all;all;1;2;0.0;37831
386631;none;all;1;2;0.0;37833
402673;all;all;1;2;0.0;39910
336998;all;all;1;1;0.0;33224
373133;all;all;1;1;0.0;36071
406320;all;all;1;1;0.0;40672
411129;all;all;1;1;0.0;41391
337032;all;all;1;1;0.0;33224
368163;all;all;1;1;0.0;35714
372479;all;all;1;1;0.0;35994
337051;none;none;1;1;0.0;33225
349722;none;all;1;1;0.0;34346
351543;all;none;1;1;0.0;34395
337060;all;all;1;0;0.0;33226
359352;all;all;1;0;0.0;35158
368213;all;all;1;0;0.0;35716
337125;all;all;1;0;0.0;33228
337197;all;all;1;1;0.0;33230
354317;all;all;1;1;0.0;34633
372187;all;all;1;1;0.0;35992
337206;all;all;1;2;0.0;33230
337209;all;all;1;2;0.0;33230
337262;none;all;1;1;0.0;33230
363572;all;all;1;1;0.0;35394
369296;all;none;1;1;0.0;35870
372489;all;all;1;1;0.0;35994
337265;all;all;1;0;0.0;33230
367874;all;all;1;0;0.0;35702
398434;all;all;1;0;0.0;39072
337306;all;all;1;0;0.0;33231
342111;all;all;1;0;0.0;33700
337311;all;all;1;2;0.0;33231
337314;all;all;1;2;0.0;33231
351204;all;all;1;2;0.0;34381
396777;all;all;1;2;0.0;38754
337317;all;all;1;2;0.0;33231
363545;all;all;1;2;0.0;35394
367885;all;all;1;2;0.0;35702
372230;all;all;1;2;0.0;35993
376865;all;all;1;2;0.0;36792
388388;all;none;1;2;0.0;38060
337333;all;all;1;0;0.0;33231
338441;all;all;1;0;0.0;33301
337336;all;all;1;0;0.0;33231
337346;all;all;1;0;0.0;33231
350028;all;all;1;0;0.0;34351
337354;all;none;1;0;0.0;33231
337373;all;all;1;0;0.0;33231
372322;none;all;1;0;0.0;35993
337381;all;all;1;0;0.0;33231
337397;all;all;1;0;0.0;33232
337404;all;all;1;1;0.0;33232
337426;all;all;1;0;0.0;33232
339882;none;all;1;0;0.0;33461
337458;all;all;1;0;0.0;33232
337500;all;all;1;0;0.0;33232
389827;all;all;1;0;0.0;38150
410213;all;none;1;0;0.0;41191
337573;none;all;1;0;0.0;33233
337595;all;none;1;0;0.0;33233
342908;all;all;1;0;0.0;33783
380331;all;all;1;0;0.0;37110
400014;all;all;1;0;0.0;39674
337619;all;all;1;0;0.0;33233
338477;none;all;1;0;0.0;33304
344740;all;all;1;0;0.0;34140
359186;all;all;1;0;0.0;35143
360299;none;none;1;0;0.0;35273
389961;all;all;1;0;0.0;38151
337622;all;all;1;0;0.0;33233
370318;none;all;1;0;0.0;35952
402886;all;all;1;0;0.0;39953
404308;all;all;1;0;0.0;40194
337634;all;all;1;0;0.0;33234
403410;all;none;1;0;0.0;40114
337642;all;all;1;2;0.0;33234
349425;all;all;1;2;0.0;34343
383495;all;all;1;2;0.0;37392
385911;all;all;1;2;0.0;37670
337668;all;all;1;1;0.0;33234
363500;all;all;1;1;0.0;35394
364533;all;all;1;1;0.0;35471
377001;all;all;1;1;0.0;36832
389763;all;none;1;1;0.0;38144
411178;all;all;1;1;0.0;41393
337674;none;all;1;2;0.0;33234
368022;all;all;1;2;0.0;35710
390881;none;none;1;2;0.0;38192
393846;all;all;1;2;0.0;38474
404813;all;all;1;2;0.0;40232
337719;all;all;1;0;0.0;33234
338817;all;all;1;0;0.0;33351
376859;all;all;1;0;0.0;36791
403773;all;all;1;0;0.0;40150
337735;all;all;1;0;0.0;33234
343046;all;all;1;0;0.0;33794
337774;all;all;1;0;0.0;33236
351580;none;all;1;0;0.0;34399
372711;all;all;1;0;0.0;35998
402421;all;none;1;0;0.0;39876
337782;none;all;1;0;0.0;33236
337807;all;all;1;0;0.0;33237
337808;all;all;1;0;0.0;33237
337830;all;all;1;0;0.0;33238
337850;all;none;1;0;0.0;33239
381773;all;all;1;0;0.0;37156
337857;all;all;1;0;0.0;33239
354470;all;none;1;0;0.0;34638
356479;all;all;1;0;0.0;34719
337876;all;all;1;0;0.0;33240
358569;all;all;1;0;0.0;35081
359423;all;all;1;0;0.0;35164
362402;all;none;1;0;0.0;35373
394237;all;none;1;0;0.0;38573
398834;none;all;1;0;0.0;39212
409864;none;all;1;0;0.0;41132
337912;all;none;1;2;0.0;33242
377344;all;all;1;2;0.0;36894
337920;all;all;1;7;0.0;33242
390676;none;none;1;7;0.0;38171
337924;none;all;1;0;0.0;33242
351924;all;all;1;0;0.0;34454
353195;none;all;1;0;0.0;34602
355567;all;all;1;0;0.0;34693
357099;all;none;1;0;0.0;34802
381997;all;all;1;0;0.0;37212
337934;all;all;1;0;0.0;33243
337973;all;all;1;1;0.0;33250
395068;all;all;1;1;0.0;38691
337996;all;all;1;2;0.0;33251
338032;all;all;1;0;0.0;33253
338037;none;all;1;1;0.0;33253
382639;all;all;1;1;0.0;37333
338082;none;all;1;1;0.0;33260
338466;all;all;1;1;0.0;33303
338116;all;none;1;0;0.0;33263
338120;all;all;1;2;0.0;33263
349011;all;all;1;2;0.0;34340
364874;all;all;1;2;0.0;35501
396586;all;all;1;2;0.0;38752
338134;all;all;1;0;0.0;33264
364583;all;all;1;0;0.0;35473
369401;all;all;1;0;0.0;35874
374527;all;all;1;0;0.0;36273
390407;none;all;1;0;0.0;38154
398493;none;all;1;0;0.0;39074
338139;all;all;1;0;0.0;33264
362919;all;none;1;0;0.0;35383
368093;all;all;1;0;0.0;35712
380622;none;all;1;0;0.0;37112
384759;all;all;1;0;0.0;37470
386806;all;all;1;0;0.0;37870
392279;all;all;1;0;0.0;38351
408048;all;all;1;0;0.0;40910
338169;all;all;1;0;0.0;33270
372989;all;all;1;0;0.0;36034
338191;all;all;1;2;0.0;33272
345275;none;none;1;2;0.0;34184
350524;all;all;1;2;0.0;34354
369217;all;none;1;2;0.0;35863
380359;all;all;1;2;0.0;37110
380831;all;all;1;2;0.0;37113
382080;all;all;1;2;0.0;37232
390822;none;none;1;2;0.0;38190
338212;all;none;1;2;0.0;33273
342851;none;all;1;2;0.0;33781
343770;none;all;1;2;0.0;33952
353960;all;all;1;2;0.0;34623
370306;all;all;1;2;0.0;35952
371624;all;all;1;2;0.0;35990
380313;none;all;1;2;0.0;37110
380889;all;all;1;2;0.0;37113
383774;all;all;1;2;0.0;37394
385553;all;all;1;2;0.0;37551
396793;all;none;1;2;0.0;38754
397344;all;none;1;2;0.0;38870
397377;none;none;1;2;0.0;38873
408190;all;all;1;2;0.0;40911
338235;all;all;1;0;0.0;33274
356795;all;all;1;0;0.0;34744
371740;all;all;1;0;0.0;35990
377869;all;all;1;0;0.0;36954
398122;all;all;1;0;0.0;39034
338260;none;all;1;1;0.0;33280
367344;all;all;1;1;0.0;35680
405979;all;all;1;1;0.0;40610
338277;all;all;1;0;0.0;33281
338295;all;all;1;0;0.0;33282
371348;none;all;1;0;0.0;35973
394251;all;all;1;0;0.0;38574
406406;all;none;1;0;0.0;40691
406756;none;none;1;0;0.0;40772
409789;all;none;1;0;0.0;41131
409947;none;all;1;0;0.0;41134
338320;all;all;1;2;0.0;33284
389684;all;all;1;2;0.0;38134
338326;all;all;1;1;0.0;33284
391347;all;all;1;1;0.0;38250
338334;none;all;1;2;0.0;33284
354663;all;all;1;2;0.0;34652
382023;all;none;1;2;0.0;37214
409942;none;all;1;2;0.0;41134
338366;all;all;1;4;0.0;33291
366613;all;all;1;4;0.0;35613
374394;all;none;1;4;0.0;36252
385843;all;all;1;4;0.0;37651
393568;all;all;1;4;0.0;38454
405907;all;none;1;4;0.0;40573
338393;none;none;1;1;0.0;33293
364129;all;all;1;1;0.0;35440
386361;all;all;1;1;0.0;37771
403608;all;all;1;1;0.0;40132
338456;all;none;1;0;0.0;33302
338486;all;all;1;1;0.0;33305
338493;all;all;1;0;0.0;33308
404070;all;all;1;0;0.0;40155
338501;all;all;1;2;0.0;33310
352634;all;all;1;2;0.0;34542
354258;all;all;1;2;0.0;34632
400649;all;none;1;2;0.0;39752
408678;none;none;1;2;0.0;40951
338510;all;all;1;0;0.0;33311
350047;all;all;1;0;0.0;34351
363254;none;all;1;0;0.0;35391
400901;all;all;1;0;0.0;39792
338515;all;all;1;0;0.0;33311
338519;all;all;1;0;0.0;33311
372032;all;all;1;0;0.0;35992
338538;all;all;1;0;0.0;33313
338539;all;all;1;2;0.0;33313
349491;all;all;1;2;0.0;34343
394701;all;all;1;2;0.0;38632
338551;all;all;1;0;0.0;33314
354860;none;all;1;0;0.0;34672
338553;all;all;1;0;0.0;33314
338569;all;none;1;0;0.0;33318
396913;all;none;1;0;0.0;38757
338592;all;all;1;2;0.0;33321
395986;all;all;1;2;0.0;38733
338614;all;all;1;2;0.0;33322
410296;all;all;1;2;0.0;41211
338618;all;all;1;3;0.0;33323
343664;all;all;1;3;0.0;33922
384282;all;all;1;3;0.0;37450
338664;all;none;1;0;0.0;33330
373220;all;all;1;0;0.0;36083
387929;none;none;1;0;0.0;38014
338670;all;none;1;2;0.0;33331
338692;all;all;1;0;0.0;33333
338742;all;none;1;0;0.0;33341
338772;all;none;1;3;0.0;33343
338810;all;all;1;1;0.0;33351
343783;all;all;1;1;0.0;33954
370295;all;all;1;1;0.0;35952
375974;all;all;1;1;0.0;36514
387249;all;all;1;1;0.0;37913
391195;all;all;1;1;0.0;38232
394644;none;all;1;1;0.0;38631
396785;all;none;1;1;0.0;38754
401999;none;all;1;1;0.0;39871
403881;all;none;1;1;0.0;40151
408226;all;none;1;1;0.0;40912
338853;none;all;1;1;0.0;33354
388529;all;all;1;1;0.0;38071
338864;all;all;1;0;0.0;33357
338868;all;all;1;0;0.0;33359
377517;none;all;1;0;0.0;36918
388756;all;all;1;0;0.0;38076
403310;all;all;1;0;0.0;40077
338869;all;all;1;0;0.0;33359
338909;all;all;1;2;0.0;33361
338918;all;all;1;4;0.0;33362
341798;all;all;1;4;0.0;33654
363762;none;none;1;4;0.0;35403
382881;all;all;1;4;0.0;37371
384434;all;all;1;4;0.0;37452
338999;all;all;1;2;0.0;33370
339021;all;all;1;2;0.0;33371
344619;all;none;1;2;0.0;34130
400062;all;all;1;2;0.0;39690
339029;all;all;1;1;0.0;33371
346852;all;all;1;1;0.0;34282
348430;all;all;1;1;0.0;34331
355000;all;all;1;1;0.0;34680
371379;none;all;1;1;0.0;35974
374729;none;all;1;1;0.0;36292
378236;all;all;1;1;0.0;36974
382987;all;all;1;1;0.0;37372
339054;all;none;1;1;0.0;33372
368251;all;all;1;1;0.0;35720
339069;all;all;1;3;0.0;33373
353185;all;all;1;3;0.0;34601
339071;all;all;1;0;0.0;33373
404630;all;all;1;0;0.0;40214
339081;all;none;1;0;0.0;33374
368827;all;all;1;0;0.0;35840
377580;none;all;1;0;0.0;36931
382188;all;all;1;0;0.0;37252
339082;all;all;1;0;0.0;33374
339176;all;all;1;3;0.0;33383
392995;all;none;1;3;0.0;38392
401951;all;all;1;3;0.0;39871
339211;all;all;1;2;0.0;33389
339231;all;all;1;0;0.0;33390
339239;all;all;1;0;0.0;33391
339295;all;all;1;0;0.0;33394
385113;all;all;1;0;0.0;37474
387217;all;none;1;0;0.0;37913
399035;none;all;1;0;0.0;39272
399315;all;all;1;0;0.0;39351
339298;all;all;1;1;0.0;33394
339344;none;all;1;0;0.0;33401
375670;all;all;1;0;0.0;36453
405039;all;all;1;0;0.0;40251
339349;all;all;1;0;0.0;33401
405278;all;all;1;0;0.0;40332
339362;all;all;1;3;0.0;33402
371424;all;all;1;3;0.0;35974
377221;all;all;1;3;0.0;36890
339379;all;all;1;0;0.0;33404
354933;all;none;1;0;0.0;34680
383028;all;all;1;0;0.0;37372
396073;all;all;1;0;0.0;38733
409528;all;all;1;0;0.0;41093
410332;all;none;1;0;0.0;41212
410982;all;none;1;0;0.0;41372
339422;all;all;1;0;0.0;33412
342570;all;all;1;0;0.0;33761
365150;all;all;1;0;0.0;35523
371269;all;all;1;0;0.0;35973
399533;all;all;1;0;0.0;39490
339430;all;all;1;0;0.0;33413
370092;all;all;1;0;0.0;35934
384499;all;none;1;0;0.0;37453
394212;all;all;1;0;0.0;38570
339448;all;all;1;4;0.0;33414
346981;none;all;1;4;0.0;34292
347492;all;all;1;4;0.0;34321
352509;all;none;1;4;0.0;34524
359827;all;all;1;4;0.0;35212
377238;all;all;1;4;0.0;36891
383019;all;all;1;4;0.0;37372
386958;all;all;1;4;0.0;37890
388124;all;all;1;4;0.0;38050
404674;all;all;1;4;0.0;40214
339459;all;all;1;1;0.0;33420
356157;all;all;1;1;0.0;34711
339463;all;all;1;0;0.0;33420
401836;all;all;1;0;0.0;39870
339490;all;all;1;3;0.0;33423
343862;all;all;1;3;0.0;33992
353014;none;all;1;3;0.0;34593
361129;none;all;1;3;0.0;35311
379123;all;all;1;3;0.0;37072
395516;all;all;1;3;0.0;38714
339497;all;none;1;2;0.0;33424
339513;all;all;1;0;0.0;33429
350675;all;all;1;0;0.0;34358
367268;all;all;1;0;0.0;35665
369426;all;all;1;0;0.0;35876
386009;all;all;1;0;0.0;37679
339529;all;all;1;2;0.0;33431
396754;all;all;1;2;0.0;38754
339588;all;all;1;0;0.0;33440
375576;all;all;1;0;0.0;36444
393345;none;none;1;0;0.0;38451
339590;all;all;1;0;0.0;33440
386715;none;all;1;0;0.0;37852
339695;all;none;1;3;0.0;33444
354542;all;all;1;3;0.0;34642
387851;none;none;1;3;0.0;38010
392794;all;all;1;3;0.0;38374
339703;all;all;1;0;0.0;33444
344586;none;all;1;0;0.0;34124
384601;all;all;1;0;0.0;37454
389549;all;all;1;0;0.0;38133
339720;none;all;1;2;0.0;33450
355472;none;all;1;2;0.0;34691
379419;all;all;1;2;0.0;37090
339755;all;all;1;0;0.0;33451
372781;all;all;1;0;0.0;36010
339769;all;all;1;0;0.0;33452
339791;none;all;1;1;0.0;33453
361329;all;all;1;1;0.0;35321
365539;none;none;1;1;0.0;35560
339862;all;all;1;0;0.0;33460
354324;all;all;1;0;0.0;34633
357791;all;all;1;0;0.0;34950
339927;all;all;1;2;0.0;33463
339941;none;none;1;0;0.0;33464
339981;all;all;1;0;0.0;33470
349202;all;all;1;0;0.0;34341
351201;none;all;1;0;0.0;34381
356753;none;all;1;0;0.0;34742
365896;all;all;1;0;0.0;35581
368398;all;none;1;0;0.0;35753
378889;all;none;1;0;0.0;37034
381682;all;all;1;0;0.0;37153
385442;all;all;1;0;0.0;37513
390136;all;none;1;0;0.0;38152
390491;all;none;1;0;0.0;38154
393661;all;none;1;0;0.0;38471
400574;all;all;1;0;0.0;39750
402219;all;all;1;0;0.0;39873
406464;all;all;1;0;0.0;40710
339983;none;all;1;2;0.0;33470
341041;all;all;1;2;0.0;33542
339996;all;all;1;0;0.0;33471
365867;all;none;1;0;0.0;35580
340030;all;all;1;0;0.0;33472
379090;all;all;1;0;0.0;37071
340042;all;all;1;0;0.0;33473
346013;all;all;1;0;0.0;34221
349925;all;all;1;0;0.0;34350
378887;all;all;1;0;0.0;37034
340051;all;all;1;3;0.0;33473
343298;all;all;1;3;0.0;33833
349877;none;all;1;3;0.0;34350
352697;all;all;1;3;0.0;34550
375082;all;all;1;3;0.0;36313
389771;all;all;1;3;0.0;38150
395476;none;all;1;3;0.0;38713
340061;none;all;1;2;0.0;33474
378405;all;all;1;2;0.0;36991
404922;all;all;1;2;0.0;40234
340069;all;all;1;0;0.0;33474
340071;all;all;1;0;0.0;33474
340133;all;all;1;2;0.0;33481
348676;all;all;1;2;0.0;34333
373056;none;all;1;2;0.0;36051
340138;none;all;1;2;0.0;33481
346507;all;all;1;2;0.0;34240
340144;none;all;1;0;0.0;33482
369026;none;none;1;0;0.0;35851
388801;all;all;1;0;0.0;38090
340177;none;all;1;0;0.0;33483
404150;none;all;1;0;0.0;40170
410678;all;all;1;0;0.0;41253
340192;all;all;1;0;0.0;33484
340206;all;all;1;2;0.0;33486
358446;all;all;1;2;0.0;35056
377348;none;all;1;2;0.0;36899
340279;none;all;1;0;0.0;33493
362081;all;all;1;0;0.0;35364
366570;all;all;1;0;0.0;35612
398187;all;all;1;0;0.0;39050
340339;all;all;1;2;0.0;33501
355879;all;all;1;2;0.0;34702
365967;all;none;1;2;0.0;35584
384742;all;none;1;2;0.0;37470
385017;all;all;1;2;0.0;37473
402333;all;all;1;2;0.0;39874
402335;none;all;1;2;0.0;39874
340354;none;all;1;0;0.0;33502
346424;all;all;1;0;0.0;34234
340421;all;all;1;0;0.0;33510
347170;all;all;1;0;0.0;34312
368374;none;all;1;0;0.0;35750
380223;none;all;1;0;0.0;37110
404867;all;all;1;0;0.0;40233
340422;all;all;1;0;0.0;33511
340484;all;all;1;2;0.0;33515
365505;all;all;1;2;0.0;35559
340490;all;all;1;0;0.0;33517
352971;all;all;1;0;0.0;34586
370552;all;none;1;0;0.0;35956
376730;all;none;1;0;0.0;36719
378665;all;all;1;0;0.0;36997
381239;none;all;1;0;0.0;37116
340617;all;all;1;0;0.0;33522
340664;all;all;1;1;0.0;33523
362182;all;all;1;1;0.0;35370
366541;none;all;1;1;0.0;35612
389225;all;all;1;1;0.0;38131
340675;all;all;1;3;0.0;33524
361875;all;all;1;3;0.0;35362
387309;all;all;1;3;0.0;37930
340676;all;all;1;2;0.0;33524
340683;none;all;1;3;0.0;33524
367747;none;all;1;3;0.0;35694
376091;all;all;1;3;0.0;36533
394363;all;all;1;3;0.0;38610
340713;all;all;1;0;0.0;33525
366448;all;all;1;0;0.0;35607
340756;all;all;1;5;0.0;33530
388339;all;all;1;5;0.0;38054
340767;none;all;1;2;0.0;33530
353234;all;all;1;2;0.0;34602
340771;none;all;1;1;0.0;33531
399875;all;all;1;1;0.0;39651
340794;all;all;1;0;0.0;33531
376941;all;all;1;0;0.0;36812
385718;all;all;1;0;0.0;37612
404416;all;all;1;0;0.0;40210
340801;all;all;1;0;0.0;33531
340804;none;all;1;2;0.0;33531
353224;none;all;1;2;0.0;34602
369710;none;all;1;2;0.0;35930
372873;all;all;1;2;0.0;36014
401364;none;all;1;2;0.0;39851
401552;all;all;1;2;0.0;39853
409298;all;all;1;2;0.0;41054
340808;none;all;1;1;0.0;33531
370710;none;all;1;1;0.0;35970
400433;all;all;1;1;0.0;39732
340821;all;all;1;1;0.0;33532
343539;all;none;1;1;0.0;33884
370777;all;all;1;1;0.0;35970
379312;all;all;1;1;0.0;37090
384524;none;none;1;1;0.0;37453
391055;all;none;1;1;0.0;38212
403211;all;all;1;1;0.0;40052
407819;all;all;1;1;0.0;40893
409926;all;all;1;1;0.0;41134
340864;all;all;1;0;0.0;33533
355275;all;all;1;0;0.0;34684
410908;none;all;1;0;0.0;41370
340871;all;all;1;2;0.0;33533
348822;all;none;1;2;0.0;34334
340880;all;all;1;0;0.0;33533
363839;none;none;1;0;0.0;35411
391727;all;all;1;0;0.0;38292
340892;all;all;1;2;0.0;33534
340955;all;all;1;2;0.0;33540
340970;all;all;1;0;0.0;33540
363331;none;all;1;0;0.0;35392
368018;none;all;1;0;0.0;35710
340977;all;all;1;0;0.0;33541
373691;all;all;1;0;0.0;36151
383426;all;all;1;0;0.0;37391
341026;none;all;1;2;0.0;33542
348986;all;all;1;2;0.0;34340
366034;all;all;1;2;0.0;35590
374957;all;all;1;2;0.0;36311
389876;all;none;1;2;0.0;38150
404798;all;all;1;2;0.0;40232
341044;all;all;1;0;0.0;33543
375550;all;none;1;0;0.0;36433
341066;all;all;1;0;0.0;33543
341075;none;all;1;3;0.0;33543
341080;all;all;1;0;0.0;33544
356112;all;all;1;0;0.0;34710
363580;all;none;1;0;0.0;35394
341081;all;all;1;1;0.0;33544
354333;all;none;1;1;0.0;34633
341103;all;all;1;0;0.0;33544
345331;all;all;1;0;0.0;34190
364401;all;all;1;0;0.0;35460
366161;all;all;1;0;0.0;35594
341141;none;none;1;2;0.0;33549
341214;none;all;1;1;0.0;33552
359150;none;all;1;1;0.0;35141
408273;all;all;1;1;0.0;40912
341238;all;all;1;4;0.0;33552
343623;all;none;1;4;0.0;33910
355988;all;all;1;4;0.0;34704
356169;all;all;1;4;0.0;34711
363574;all;all;1;4;0.0;35394
387972;none;none;1;4;0.0;38031
341278;all;all;1;1;0.0;33553
372535;all;all;1;1;0.0;35994
341286;all;all;1;0;0.0;33554
370142;all;none;1;0;0.0;35950
372150;all;all;1;0;0.0;35992
341305;all;all;1;0;0.0;33554
346063;none;all;1;0;0.0;34222
375538;all;all;1;0;0.0;36432
376368;none;all;1;0;0.0;36590
380174;all;all;1;0;0.0;37101
381733;all;all;1;0;0.0;37154
407215;all;all;1;0;0.0;40832
341338;all;all;1;2;0.0;33558
357327;all;all;1;2;0.0;34866
364645;all;none;1;2;0.0;35479
409697;all;none;1;2;0.0;41115
341346;none;all;1;2;0.0;33559
360060;all;all;1;2;0.0;35237
397649;all;all;1;2;0.0;38918
341375;all;none;1;1;0.0;33563
341376;all;all;1;3;0.0;33563
341416;none;all;1;1;0.0;33574
341434;all;all;1;1;0.0;33582
361228;none;all;1;1;0.0;35314
390454;none;all;1;1;0.0;38154
341496;all;all;1;3;0.0;33600
341504;all;all;1;0;0.0;33601
347999;all;all;1;0;0.0;34324
348738;all;all;1;0;0.0;34333
350902;all;all;1;0;0.0;34364
362213;all;all;1;0;0.0;35370
341509;all;none;1;1;0.0;33602
355251;all;all;1;1;0.0;34684
362551;all;all;1;1;0.0;35374
393978;none;all;1;1;0.0;38494
395699;all;all;1;1;0.0;38730
401414;all;all;1;1;0.0;39852
408600;none;none;1;1;0.0;40932
341516;all;all;1;1;0.0;33602
401138;all;all;1;1;0.0;39842
341556;all;none;1;1;0.0;33610
341578;all;all;1;2;0.0;33612
382795;none;all;1;2;0.0;37370
341610;all;all;1;1;0.0;33620
388956;all;all;1;1;0.0;38113
341653;all;all;1;0;0.0;33628
359578;all;all;1;0;0.0;35186
366882;all;none;1;0;0.0;35627
341663;all;all;1;0;0.0;33630
341664;all;all;1;0;0.0;33630
368726;all;all;1;0;0.0;35822
382567;all;all;1;0;0.0;37314
388541;all;all;1;0;0.0;38072
408704;none;none;1;0;0.0;40953
341735;all;all;1;2;0.0;33642
341739;all;all;1;4;0.0;33643
341768;all;all;1;2;0.0;33650
367736;all;none;1;2;0.0;35693
341784;all;none;1;0;0.0;33652
345895;all;all;1;0;0.0;34213
367194;all;all;1;0;0.0;35644
401462;all;all;1;0;0.0;39852
341860;none;all;1;0;0.0;33671
352957;all;all;1;0;0.0;34584
341862;none;all;1;2;0.0;33671
341885;all;all;1;1;0.0;33674
341914;all;all;1;0;0.0;33680
369830;all;all;1;0;0.0;35931
370804;all;all;1;0;0.0;35970
401678;all;all;1;0;0.0;39854
341970;all;all;1;0;0.0;33683
342713;all;all;1;0;0.0;33771
364225;all;all;1;0;0.0;35444
389185;all;all;1;0;0.0;38131
341997;all;all;1;2;0.0;33688
354618;all;all;1;2;0.0;34649
362144;all;all;1;2;0.0;35369
342000;all;all;1;0;0.0;33689
348129;all;all;1;0;0.0;34326
342039;none;all;1;0;0.0;33692
387069;all;all;1;0;0.0;37893
387352;none;all;1;0;0.0;37931
342040;none;all;1;2;0.0;33692
344497;none;all;1;2;0.0;34120
342097;none;all;1;2;0.0;33700
366930;all;all;1;2;0.0;35630
373712;all;all;1;2;0.0;36151
342114;all;all;1;0;0.0;33701
342123;all;all;1;2;0.0;33701
349580;all;all;1;2;0.0;34344
368198;all;all;1;2;0.0;35714
404033;all;all;1;2;0.0;40154
342127;all;all;1;0;0.0;33701
356273;all;all;1;0;0.0;34712
409137;all;all;1;0;0.0;41033
342133;all;all;1;0;0.0;33702
376879;all;all;1;0;0.0;36793
383282;all;none;1;0;0.0;37390
384040;all;all;1;0;0.0;37431
385458;all;none;1;0;0.0;37513
403963;all;all;1;0;0.0;40153
342135;all;none;1;0;0.0;33702
342864;all;all;1;0;0.0;33781
344843;all;all;1;0;0.0;34151
396246;all;all;1;0;0.0;38740
396490;all;all;1;0;0.0;38751
342161;all;none;1;0;0.0;33704
358231;none;none;1;0;0.0;35021
365959;all;all;1;0;0.0;35583
342208;all;all;1;0;0.0;33710
342233;all;all;1;1;0.0;33712
342240;all;all;1;2;0.0;33712
342247;all;all;1;0;0.0;33713
368520;all;all;1;0;0.0;35781
388490;all;none;1;0;0.0;38071
342265;all;all;1;3;0.0;33714
342267;all;all;1;2;0.0;33714
349239;all;all;1;2;0.0;34341
342272;all;all;1;0;0.0;33714
342345;all;all;1;0;0.0;33724
342346;all;all;1;2;0.0;33724
342375;all;all;1;2;0.0;33731
362513;all;none;1;2;0.0;35374
399162;all;all;1;2;0.0;39294
408839;all;all;1;2;0.0;40974
342388;all;all;1;0;0.0;33732
342427;all;all;1;2;0.0;33740
381064;all;none;1;2;0.0;37114
389909;all;all;1;2;0.0;38150
342435;all;all;1;1;0.0;33741
355965;all;all;1;1;0.0;34704
395317;all;all;1;1;0.0;38710
342440;none;all;1;4;0.0;33742
342445;all;all;1;0;0.0;33742
342447;all;none;1;2;0.0;33743
359275;none;all;1;2;0.0;35152
364018;none;none;1;2;0.0;35430
394264;all;all;1;2;0.0;38590
342492;all;all;1;0;0.0;33751
349588;all;all;1;0;0.0;34344
355877;all;all;1;0;0.0;34702
365447;all;none;1;0;0.0;35552
374533;all;all;1;0;0.0;36273
376424;all;all;1;0;0.0;36594
384788;all;none;1;0;0.0;37471
397365;all;all;1;0;0.0;38872
411172;all;all;1;0;0.0;41393
342510;all;all;1;6;0.0;33753
342606;all;all;1;2;0.0;33762
357947;all;all;1;2;0.0;34973
342683;all;all;1;1;0.0;33768
342715;all;none;1;3;0.0;33771
377945;all;all;1;3;0.0;36970
384265;all;all;1;3;0.0;37450
400079;all;none;1;3;0.0;39690
342753;all;all;1;0;0.0;33772
342768;all;all;1;4;0.0;33773
355501;all;all;1;4;0.0;34692
361996;none;all;1;4;0.0;35364
379037;all;all;1;4;0.0;37054
342774;all;all;1;0;0.0;33773
372775;all;all;1;0;0.0;36010
342783;all;all;1;2;0.0;33773
345028;all;all;1;2;0.0;34164
342826;all;all;1;1;0.0;33780
342917;none;all;1;2;0.0;33784
342951;all;all;1;0;0.0;33789
342963;none;all;1;1;0.0;33790
342976;all;all;1;0;0.0;33791
342996;all;all;1;1;0.0;33791
342999;all;none;1;0;0.0;33792
359194;all;all;1;0;0.0;35144
375397;all;all;1;0;0.0;36392
343072;all;none;1;1;0.0;33797
397760;all;all;1;1;0.0;38959
402372;all;all;1;1;0.0;39875
343092;all;all;1;0;0.0;33800
379846;all;none;1;0;0.0;37093
400104;all;all;1;0;0.0;39691
343096;all;all;1;0;0.0;33801
375470;all;all;1;0;0.0;36411
343135;all;all;1;0;0.0;33804
343139;all;all;1;2;0.0;33804
353368;all;all;1;2;0.0;34604
396052;all;all;1;2;0.0;38733
404161;all;all;1;2;0.0;40171
343141;all;all;1;0;0.0;33804
345035;all;all;1;0;0.0;34164
352861;all;all;1;0;0.0;34570
374402;none;all;1;0;0.0;36253
396132;all;all;1;0;0.0;38734
403054;none;none;1;0;0.0;40011
343175;all;none;1;1;0.0;33812
346876;none;all;1;1;0.0;34283
400482;all;all;1;1;0.0;39733
343191;all;all;1;0;0.0;33813
405756;all;all;1;0;0.0;40530
343225;all;all;1;0;0.0;33821
362831;all;all;1;0;0.0;35382
343241;all;all;1;0;0.0;33823
343338;none;all;1;3;0.0;33841
348425;all;all;1;3;0.0;34331
379933;none;all;1;3;0.0;37093
392074;all;none;1;3;0.0;38331
406421;all;all;1;3;0.0;40692
343352;all;all;1;1;0.0;33843
367742;all;none;1;1;0.0;35694
343396;all;all;1;0;0.0;33853
373225;all;all;1;0;0.0;36090
388300;all;all;1;0;0.0;38053
401771;all;all;1;0;0.0;39854
343401;none;all;1;2;0.0;33853
343433;all;all;1;0;0.0;33862
355818;all;none;1;0;0.0;34701
364096;none;none;1;0;0.0;35434
379120;none;all;1;0;0.0;37072
384664;all;none;1;0;0.0;37463
387170;all;all;1;0;0.0;37911
387701;none;all;1;0;0.0;37990
396413;all;all;1;0;0.0;38751
397234;all;all;1;0;0.0;38833
343488;all;all;1;0;0.0;33873
391596;none;all;1;0;0.0;38273
343523;all;all;1;1;0.0;33882
343525;none;all;1;1;0.0;33882
370633;all;all;1;1;0.0;35964
343535;all;all;1;2;0.0;33883
343622;none;all;1;0;0.0;33910
359918;none;all;1;0;0.0;35222
343629;all;all;1;1;0.0;33912
343639;all;all;1;0;0.0;33914
400012;all;all;1;0;0.0;39674
343645;all;all;1;0;0.0;33916
372681;none;all;1;0;0.0;35996
409562;none;all;1;0;0.0;41105
343649;all;all;1;2;0.0;33920
377706;all;all;1;2;0.0;36934
401389;none;all;1;2;0.0;39851
343687;all;all;1;1;0.0;33930
352105;all;all;1;1;0.0;34481
353531;all;all;1;1;0.0;34611
378783;all;none;1;1;0.0;37014
383000;all;none;1;1;0.0;37372
410687;all;all;1;1;0.0;41254
343711;all;all;1;2;0.0;33934
345503;all;all;1;2;0.0;34201
345590;all;all;1;2;0.0;34202
348045;none;all;1;2;0.0;34324
356493;none;none;1;2;0.0;34720
367680;all;none;1;2;0.0;35692
373248;all;all;1;2;0.0;36091
379445;none;all;1;2;0.0;37091
405227;all;all;1;2;0.0;40294
408581;none;none;1;2;0.0;40932
343771;all;all;1;1;0.0;33952
385790;all;all;1;1;0.0;37634
343778;all;all;1;1;0.0;33954
402674;all;all;1;1;0.0;39910
343817;all;none;1;2;0.0;33970
387904;none;none;1;2;0.0;38013
400147;none;none;1;2;0.0;39693
400496;none;all;1;2;0.0;39733
343860;none;all;1;0;0.0;33991
343879;all;all;1;0;0.0;34001
343896;all;all;1;5;0.0;34004
343988;all;all;1;0;0.0;34041
344022;all;all;1;5;0.0;34043
405442;all;all;1;5;0.0;40412
344085;all;all;1;1;0.0;34054
347646;all;all;1;1;0.0;34322
397763;all;all;1;1;0.0;38961
399772;all;all;1;1;0.0;39613
344094;all;all;1;2;0.0;34055
351695;all;all;1;2;0.0;34417
344101;none;all;1;0;0.0;34060
367026;all;none;1;0;0.0;35632
344132;none;none;1;2;0.0;34063
356213;all;all;1;2;0.0;34711
406796;none;none;1;2;0.0;40790
344148;none;all;1;5;0.0;34064
344176;all;all;1;0;0.0;34071
345419;all;all;1;0;0.0;34194
351972;all;all;1;0;0.0;34462
380562;all;none;1;0;0.0;37111
344286;all;all;1;2;0.0;34084
344307;none;all;1;1;0.0;34090
410302;all;all;1;1;0.0;41211
344308;all;all;1;2;0.0;34091
361341;all;none;1;2;0.0;35322
378055;all;all;1;2;0.0;36971
394870;none;all;1;2;0.0;38652
344317;all;all;1;0;0.0;34091
344325;all;all;1;3;0.0;34092
382923;all;none;1;3;0.0;37371
392075;all;all;1;3;0.0;38331
344345;all;all;1;2;0.0;34094
400116;all;all;1;2;0.0;39692
344350;all;all;1;0;0.0;34094
344652;all;all;1;0;0.0;34131
356929;all;all;1;0;0.0;34760
371345;all;all;1;0;0.0;35973
379465;all;all;1;0;0.0;37091
393487;all;all;1;0;0.0;38453
394205;all;all;1;0;0.0;38570
405774;all;all;1;0;0.0;40531
344361;all;all;1;0;0.0;34100
346250;all;all;1;0;0.0;34230
344401;all;all;1;3;0.0;34104
396563;all;all;1;3;0.0;38752
405309;all;none;1;3;0.0;40352
344411;all;none;1;0;0.0;34105
364483;all;all;1;0;0.0;35465
344434;all;none;1;3;0.0;34111
354170;all;all;1;3;0.0;34630
344454;all;all;1;1;0.0;34113
386084;all;all;1;1;0.0;37710
344456;none;all;1;0;0.0;34113
391194;none;all;1;0;0.0;38232
344488;all;all;1;1;0.0;34120
372790;all;all;1;1;0.0;36011
344507;all;all;1;2;0.0;34120
344535;all;all;1;0;0.0;34122
344632;all;all;1;2;0.0;34130
344641;all;all;1;1;0.0;34131
344648;none;none;1;0;0.0;34131
386541;all;all;1;0;0.0;37811
392079;all;all;1;0;0.0;38331
400836;all;all;1;0;0.0;39771
404467;all;none;1;0;0.0;40211
406560;all;none;1;0;0.0;40731
344689;all;none;1;1;0.0;34133
344694;all;all;1;1;0.0;34133
382799;all;all;1;1;0.0;37370
404638;all;all;1;1;0.0;40214
344715;none;all;1;0;0.0;34134
409804;all;all;1;0;0.0;41131
344735;all;all;1;1;0.0;34140
393750;all;none;1;1;0.0;38472
344750;all;all;1;2;0.0;34141
345244;none;all;1;2;0.0;34182
349913;all;none;1;2;0.0;34350
359230;none;all;1;2;0.0;35150
359566;all;all;1;2;0.0;35184
359994;all;all;1;2;0.0;35231
368178;all;all;1;2;0.0;35714
372602;all;all;1;2;0.0;35994
381097;all;all;1;2;0.0;37114
387777;all;all;1;2;0.0;37993
393141;all;all;1;2;0.0;38394
344767;all;all;1;0;0.0;34142
349054;none;all;1;0;0.0;34340
344828;none;none;1;0;0.0;34150
398081;all;all;1;0;0.0;39030
344870;all;none;1;0;0.0;34152
363401;all;all;1;0;0.0;35393
397222;all;all;1;0;0.0;38832
402762;all;none;1;0;0.0;39914
344880;all;all;1;0;0.0;34153
375035;all;all;1;0;0.0;36312
383398;all;all;1;0;0.0;37391
407178;all;all;1;0;0.0;40831
344913;all;all;1;1;0.0;34157
383820;all;all;1;1;0.0;37398
344949;all;all;1;3;0.0;34161
362348;none;all;1;3;0.0;35372
374666;all;all;1;3;0.0;36291
387042;all;all;1;3;0.0;37893
345133;none;all;1;0;0.0;34173
345139;all;none;1;3;0.0;34173
403451;none;all;1;3;0.0;40130
345228;all;all;1;0;0.0;34182
350013;none;all;1;0;0.0;34351
364465;none;all;1;0;0.0;35464
371657;all;all;1;0;0.0;35990
396313;all;all;1;0;0.0;38750
345310;all;all;1;1;0.0;34189
345319;all;none;1;3;0.0;34190
346332;all;all;1;3;0.0;34232
346422;all;none;1;3;0.0;34234
354015;all;all;1;3;0.0;34624
378335;all;all;1;3;0.0;36990
386437;all;all;1;3;0.0;37790
345346;none;all;1;0;0.0;34191
355885;all;all;1;0;0.0;34703
382287;all;none;1;0;0.0;37271
390295;all;none;1;0;0.0;38153
345366;all;all;1;0;0.0;34192
405391;all;all;1;0;0.0;40394
406471;none;all;1;0;0.0;40711
345464;all;all;1;0;0.0;34200
369707;all;all;1;0;0.0;35930
370706;all;all;1;0;0.0;35970
371468;all;none;1;0;0.0;35974
390759;none;none;1;0;0.0;38174
392606;all;all;1;0;0.0;38371
397444;all;all;1;0;0.0;38891
397465;all;all;1;0;0.0;38891
403478;all;none;1;0;0.0;40130
410353;all;all;1;0;0.0;41212
345465;all;all;1;0;0.0;34200
384591;all;all;1;0;0.0;37454
345558;all;all;1;2;0.0;34202
365719;all;none;1;2;0.0;35570
366511;none;all;1;2;0.0;35611
345575;none;all;1;2;0.0;34202
345603;all;all;1;2;0.0;34203
345617;none;all;1;2;0.0;34203
345633;all;all;1;1;0.0;34203
361968;none;all;1;1;0.0;35363
345644;all;all;1;2;0.0;34203
347792;all;all;1;2;0.0;34323
369044;all;all;1;2;0.0;35852
389643;all;all;1;2;0.0;38134
409489;all;all;1;2;0.0;41092
345680;none;all;1;0;0.0;34204
365207;all;all;1;0;0.0;35531
371381;all;all;1;0;0.0;35974
373040;all;all;1;0;0.0;36050
374423;all;all;1;0;0.0;36253
378162;all;all;1;0;0.0;36973
379906;all;all;1;0;0.0;37093
407722;all;all;1;0;0.0;40892
407759;all;all;1;0;0.0;40892
345722;all;all;1;0;0.0;34207
345728;none;all;1;0;0.0;34208
353452;all;all;1;0;0.0;34609
345750;all;all;1;2;0.0;34210
345766;all;all;1;1;0.0;34210
345792;all;all;1;2;0.0;34211
374372;all;all;1;2;0.0;36251
381526;all;all;1;2;0.0;37134
389543;all;all;1;2;0.0;38133
345798;all;all;1;0;0.0;34211
391684;all;none;1;0;0.0;38290
345864;none;none;1;0;0.0;34213
370987;none;all;1;0;0.0;35971
345906;all;all;1;1;0.0;34214
351066;all;all;1;1;0.0;34372
355138;none;all;1;1;0.0;34682
373286;all;all;1;1;0.0;36092
374109;all;all;1;1;0.0;36213
389179;all;all;1;1;0.0;38131
345907;all;all;1;1;0.0;34214
354948;all;all;1;1;0.0;34680
357124;none;all;1;1;0.0;34811
375344;all;all;1;1;0.0;36373
383105;all;all;1;1;0.0;37373
401246;all;all;1;1;0.0;39850
408750;all;all;1;1;0.0;40963
345928;all;all;1;0;0.0;34214
345933;all;all;1;1;0.0;34214
358359;all;all;1;1;0.0;35042
360501;all;none;1;1;0.0;35283
364659;none;all;1;1;0.0;35480
364720;all;all;1;1;0.0;35483
365515;all;none;1;1;0.0;35560
384597;all;all;1;1;0.0;37454
395013;all;all;1;1;0.0;38690
345938;all;all;1;0;0.0;34215
345974;all;all;1;0;0.0;34220
345981;all;none;1;0;0.0;34220
390419;all;all;1;0;0.0;38154
345998;none;all;1;2;0.0;34220
346077;all;all;1;4;0.0;34222
352936;all;none;1;4;0.0;34582
371732;all;all;1;4;0.0;35990
377737;all;all;1;4;0.0;36950
346091;all;all;1;0;0.0;34222
380467;none;all;1;0;0.0;37111
409139;all;all;1;0;0.0;41033
346098;all;all;1;0;0.0;34223
390340;all;all;1;0;0.0;38153
346160;all;all;1;2;0.0;34224
382532;all;all;1;2;0.0;37312
346165;all;all;1;2;0.0;34224
369138;all;all;1;2;0.0;35860
370152;all;all;1;2;0.0;35950
397882;all;all;1;2;0.0;38990
346189;all;all;1;0;0.0;34226
351357;all;all;1;0;0.0;34388
366167;all;all;1;0;0.0;35595
367976;none;none;1;0;0.0;35706
368204;all;none;1;0;0.0;35715
396897;all;all;1;0;0.0;38757
346204;all;none;1;0;0.0;34227
409176;all;none;1;0;0.0;41036
346210;all;all;1;2;0.0;34227
383802;none;all;1;2;0.0;37396
346291;all;all;1;0;0.0;34231
398476;all;all;1;0;0.0;39073
346293;all;all;1;1;0.0;34231
346299;all;none;1;1;0.0;34231
346310;all;none;1;2;0.0;34231
365325;all;none;1;2;0.0;35542
383364;none;all;1;2;0.0;37391
346333;all;all;1;2;0.0;34232
406290;none;all;1;2;0.0;40671
346347;all;all;1;2;0.0;34232
346348;all;all;1;2;0.0;34232
349294;none;all;1;2;0.0;34342
410136;all;all;1;2;0.0;41154
346412;all;all;1;0;0.0;34234
355903;all;all;1;0;0.0;34703
346468;all;all;1;0;0.0;34236
359666;all;all;1;0;0.0;35197
367147;all;all;1;0;0.0;35638
346525;none;all;1;3;0.0;34241
346531;all;all;1;2;0.0;34241
346532;all;all;1;0;0.0;34241
346543;all;all;1;2;0.0;34242
352546;none;all;1;2;0.0;34531
370855;all;all;1;2;0.0;35971
346556;all;all;1;3;0.0;34243
374774;none;none;1;3;0.0;36293
346576;all;all;1;2;0.0;34244
353581;all;all;1;2;0.0;34612
346599;all;all;1;1;0.0;34250
346606;none;none;1;1;0.0;34250
346916;none;all;1;1;0.0;34284
388992;none;all;1;1;0.0;38120
346615;all;all;1;2;0.0;34251
346616;none;all;1;0;0.0;34251
346625;all;all;1;0;0.0;34252
353385;all;all;1;0;0.0;34604
346643;all;all;1;0;0.0;34254
351893;all;all;1;0;0.0;34451
352143;all;all;1;0;0.0;34483
360363;all;all;1;0;0.0;35280
384305;none;all;1;0;0.0;37451
394512;all;all;1;0;0.0;38614
408982;all;all;1;0;0.0;41010
346696;all;all;1;2;0.0;34262
346707;all;all;1;0;0.0;34263
402336;all;all;1;0;0.0;39874
346725;all;all;1;0;0.0;34266
349672;all;all;1;0;0.0;34345
350540;all;all;1;0;0.0;34355
346767;all;all;1;1;0.0;34272
346775;all;all;1;0;0.0;34273
386634;all;all;1;0;0.0;37833
346853;all;all;1;1;0.0;34282
346873;none;all;1;5;0.0;34282
346900;all;all;1;1;0.0;34284
381360;none;none;1;1;0.0;37130
346935;all;all;1;1;0.0;34290
346975;all;none;1;2;0.0;34292
410428;none;all;1;2;0.0;41214
347044;all;all;1;0;0.0;34300
347059;all;all;1;1;0.0;34301
347074;all;all;1;0;0.0;34302
368134;all;all;1;0;0.0;35713
347090;all;none;1;0;0.0;34303
408664;none;none;1;0;0.0;40950
347095;none;all;1;0;0.0;34303
357006;all;all;1;0;0.0;34780
362949;all;all;1;0;0.0;35384
377443;all;all;1;0;0.0;36912
408112;all;all;1;0;0.0;40911
347112;all;all;1;1;0.0;34305
347140;all;all;1;1;0.0;34310
386873;none;all;1;1;0.0;37873
347166;all;all;1;0;0.0;34312
360029;all;none;1;0;0.0;35233
347195;all;all;1;4;0.0;34313
369293;all;all;1;4;0.0;35870
383523;all;all;1;4;0.0;37392
347249;all;all;1;1;0.0;34320
357717;all;all;1;1;0.0;34933
376458;all;all;1;1;0.0;36611
382152;all;all;1;1;0.0;37250
384495;all;all;1;1;0.0;37453
396157;all;all;1;1;0.0;38734
396184;all;all;1;1;0.0;38734
397808;none;all;1;1;0.0;38971
347264;all;all;1;4;0.0;34320
386981;all;none;1;4;0.0;37891
405455;none;all;1;4;0.0;40413
347268;none;all;1;0;0.0;34320
401441;all;all;1;0;0.0;39852
410265;all;all;1;0;0.0;41210
411031;all;all;1;0;0.0;41373
347294;none;all;1;1;0.0;34320
347319;all;all;1;1;0.0;34320
357234;all;none;1;1;0.0;34843
361708;all;all;1;1;0.0;35361
371501;all;none;1;1;0.0;35974
378709;all;all;1;1;0.0;37010
379695;all;all;1;1;0.0;37092
383208;all;all;1;1;0.0;37374
393219;none;all;1;1;0.0;38413
347335;all;all;1;2;0.0;34320
347341;all;all;1;2;0.0;34320
347378;all;all;1;1;0.0;34320
379401;all;none;1;1;0.0;37090
407755;all;all;1;1;0.0;40892
347414;all;all;1;2;0.0;34321
347422;all;all;1;1;0.0;34321
347424;all;all;1;2;0.0;34321
347425;all;all;1;2;0.0;34321
347444;all;all;1;2;0.0;34321
347453;all;none;1;2;0.0;34321
387552;all;none;1;2;0.0;37970
347505;all;all;1;2;0.0;34321
360073;none;none;1;2;0.0;35240
347554;all;all;1;1;0.0;34321
353071;all;none;1;1;0.0;34600
363757;none;none;1;1;0.0;35403
367752;all;all;1;1;0.0;35694
378127;none;all;1;1;0.0;36972
382425;all;all;1;1;0.0;37292
347563;all;all;1;4;0.0;34321
347598;none;all;1;3;0.0;34322
367602;all;all;1;3;0.0;35690
377058;all;none;1;3;0.0;36850
347612;all;all;1;2;0.0;34322
358185;none;all;1;2;0.0;35012
362500;all;all;1;2;0.0;35374
364658;all;all;1;2;0.0;35480
384572;all;none;1;2;0.0;37454
347621;none;all;1;0;0.0;34322
358590;all;all;1;0;0.0;35082
347698;all;all;1;0;0.0;34322
347706;all;all;1;3;0.0;34322
362037;all;all;1;3;0.0;35364
396152;all;all;1;3;0.0;38734
347715;none;all;1;5;0.0;34322
357383;all;all;1;5;0.0;34880
389212;all;all;1;5;0.0;38131
347718;all;all;1;3;0.0;34322
374082;all;all;1;3;0.0;36212
347725;all;all;1;2;0.0;34322
353558;none;all;1;2;0.0;34611
347744;all;all;1;1;0.0;34322
347745;all;all;1;0;0.0;34322
369821;all;all;1;0;0.0;35931
347771;all;all;1;2;0.0;34323
347799;all;all;1;0;0.0;34323
356556;all;all;1;0;0.0;34723
368910;none;all;1;0;0.0;35843
347836;all;all;1;1;0.0;34323
347840;all;all;1;0;0.0;34323
351120;none;all;1;0;0.0;34374
407803;none;none;1;0;0.0;40893
347860;all;all;1;0;0.0;34323
355519;all;all;1;0;0.0;34692
393453;all;all;1;0;0.0;38452
347867;none;all;1;4;0.0;34323
355086;all;all;1;4;0.0;34682
382464;all;none;1;4;0.0;37294
403091;all;all;1;4;0.0;40014
407038;all;all;1;4;0.0;40813
347924;all;all;1;1;0.0;34323
347954;all;none;1;2;0.0;34324
347972;all;all;1;2;0.0;34324
348052;all;all;1;0;0.0;34324
355609;all;all;1;0;0.0;34694
360173;none;none;1;0;0.0;35253
360726;all;all;1;0;0.0;35292
348149;all;all;1;0;0.0;34327
348169;all;all;1;0;0.0;34328
348203;all;all;1;2;0.0;34329
352591;all;all;1;2;0.0;34539
352908;all;all;1;2;0.0;34575
357116;all;all;1;2;0.0;34807
362131;all;all;1;2;0.0;35368
363798;none;none;1;2;0.0;35405
364845;all;all;1;2;0.0;35498
367796;all;none;1;2;0.0;35699
348207;all;all;1;1;0.0;34329
348259;none;all;1;1;0.0;34330
348270;all;all;1;3;0.0;34330
370021;all;all;1;3;0.0;35933
373283;all;all;1;3;0.0;36092
348298;all;all;1;2;0.0;34330
395697;none;none;1;2;0.0;38730
406417;all;all;1;2;0.0;40692
348322;all;all;1;3;0.0;34330
353694;none;all;1;3;0.0;34614
379403;none;all;1;3;0.0;37090
348380;all;all;1;2;0.0;34331
348383;all;all;1;0;0.0;34331
379759;all;none;1;0;0.0;37092
382791;all;all;1;0;0.0;37370
348502;none;all;1;1;0.0;34332
374413;all;all;1;1;0.0;36253
403438;all;all;1;1;0.0;40124
406625;all;all;1;1;0.0;40734
348523;all;all;1;1;0.0;34332
400322;all;none;1;1;0.0;39724
348538;all;all;1;0;0.0;34332
396997;all;all;1;0;0.0;38771
348543;all;all;1;3;0.0;34332
401278;all;all;1;3;0.0;39850
348651;all;all;1;5;0.0;34333
355210;all;all;1;5;0.0;34683
358572;all;all;1;5;0.0;35081
373870;none;all;1;5;0.0;36172
379471;none;all;1;5;0.0;37091
391084;all;none;1;5;0.0;38213
392129;all;all;1;5;0.0;38333
397279;all;all;1;5;0.0;38851
397838;all;all;1;5;0.0;38973
398646;all;all;1;5;0.0;39133
406903;all;all;1;5;0.0;40810
407784;all;all;1;5;0.0;40892
348672;none;all;1;0;0.0;34333
348696;all;all;1;2;0.0;34333
355445;none;all;1;2;0.0;34691
348820;all;all;1;0;0.0;34334
379674;all;all;1;0;0.0;37092
348830;all;all;1;0;0.0;34334
348832;all;all;1;1;0.0;34334
406772;none;none;1;1;0.0;40773
348922;all;all;1;0;0.0;34337
348927;all;all;1;0;0.0;34337
359444;all;all;1;0;0.0;35169
368330;all;all;1;0;0.0;35738
368468;all;all;1;0;0.0;35768
371545;all;all;1;0;0.0;35979
396239;all;none;1;0;0.0;38737
348938;none;all;1;0;0.0;34338
348939;none;all;1;1;0.0;34338
348977;all;all;1;2;0.0;34340
355764;none;all;1;2;0.0;34701
349010;none;all;1;0;0.0;34340
358228;all;all;1;0;0.0;35021
358852;all;all;1;0;0.0;35111
383608;all;all;1;0;0.0;37393
390027;all;all;1;0;0.0;38151
408954;all;all;1;0;0.0;40994
349012;all;none;1;1;0.0;34340
349015;all;all;1;0;0.0;34340
349044;all;all;1;1;0.0;34340
358255;all;all;1;1;0.0;35024
401880;none;all;1;1;0.0;39870
349083;all;all;1;0;0.0;34340
349095;all;all;1;2;0.0;34340
360918;none;all;1;2;0.0;35302
380242;all;none;1;2;0.0;37110
381558;all;all;1;2;0.0;37150
349125;all;all;1;2;0.0;34341
349126;all;all;1;2;0.0;34341
349177;all;all;1;1;0.0;34341
350246;all;all;1;1;0.0;34352
349186;all;all;1;1;0.0;34341
349207;all;all;1;1;0.0;34341
349240;all;all;1;4;0.0;34341
350036;all;all;1;4;0.0;34351
382526;none;all;1;4;0.0;37312
349298;none;all;1;2;0.0;34342
349299;all;all;1;2;0.0;34342
370414;all;all;1;2;0.0;35953
391122;all;all;1;2;0.0;38224
349307;all;all;1;0;0.0;34342
381570;all;all;1;0;0.0;37150
391864;all;none;1;0;0.0;38311
349326;all;all;1;1;0.0;34342
369207;all;all;1;1;0.0;35863
381679;all;none;1;1;0.0;37152
384680;none;none;1;1;0.0;37470
395424;all;all;1;1;0.0;38712
349365;all;none;1;1;0.0;34342
349373;all;all;1;0;0.0;34342
363961;none;none;1;0;0.0;35423
349378;none;all;1;3;0.0;34342
349379;all;all;1;1;0.0;34342
358256;all;all;1;1;0.0;35024
382505;all;all;1;1;0.0;37311
394748;all;all;1;1;0.0;38633
404830;none;all;1;1;0.0;40232
349464;none;all;1;5;0.0;34343
349470;all;all;1;0;0.0;34343
359153;all;none;1;0;0.0;35141
349481;all;none;1;0;0.0;34343
393996;all;all;1;0;0.0;38511
349484;all;all;1;0;0.0;34343
349495;all;none;1;1;0.0;34343
357070;all;all;1;1;0.0;34794
362730;all;all;1;1;0.0;35381
349507;all;all;1;2;0.0;34343
408213;none;all;1;2;0.0;40912
349532;all;all;1;2;0.0;34344
349551;all;none;1;2;0.0;34344
361008;all;none;1;2;0.0;35304
349651;none;all;1;0;0.0;34344
351379;all;all;1;0;0.0;34390
390092;all;all;1;0;0.0;38152
349652;none;none;1;3;0.0;34344
349677;all;all;1;0;0.0;34345
363660;none;all;1;0;0.0;35398
403250;all;none;1;0;0.0;40068
349725;all;all;1;0;0.0;34346
349730;all;all;1;0;0.0;34347
349749;all;all;1;0;0.0;34347
349833;all;all;1;0;0.0;34349
358914;none;all;1;0;0.0;35119
359341;all;all;1;0;0.0;35155
383838;none;none;1;0;0.0;37399
385143;all;none;1;0;0.0;37475
349771;all;all;1;8;0.0;34348
349781;all;all;1;1;0.0;34348
387524;all;all;1;1;0.0;37956
398534;all;all;1;1;0.0;39079
349782;all;all;1;0;0.0;34348
349789;all;all;1;2;0.0;34348
351554;all;all;1;2;0.0;34396
361013;all;all;1;2;0.0;35305
397652;all;none;1;2;0.0;38919
405863;all;all;1;2;0.0;40555
349834;all;all;1;0;0.0;34349
349846;all;none;1;2;0.0;34350
349866;all;all;1;2;0.0;34350
370156;all;all;1;2;0.0;35950
372371;all;all;1;2;0.0;35993
349952;all;all;1;0;0.0;34350
349986;all;all;1;2;0.0;34351
349994;all;all;1;1;0.0;34351
350066;none;all;1;3;0.0;34351
350094;none;none;1;1;0.0;34351
350103;all;none;1;2;0.0;34351
350134;all;none;1;0;0.0;34352
360199;none;none;1;0;0.0;35260
380424;all;all;1;0;0.0;37111
383488;all;none;1;0;0.0;37392
350160;none;all;1;1;0.0;34352
350161;all;all;1;0;0.0;34352
350174;all;all;1;0;0.0;34352
350187;none;all;1;1;0.0;34352
350240;all;all;1;2;0.0;34352
365927;all;all;1;2;0.0;35582
368087;all;none;1;2;0.0;35712
371618;all;all;1;2;0.0;35990
394590;none;all;1;2;0.0;38630
350258;all;all;1;2;0.0;34353
350288;all;all;1;0;0.0;34353
350311;none;none;1;2;0.0;34353
370361;all;all;1;2;0.0;35952
350328;all;all;1;2;0.0;34353
378480;all;all;1;2;0.0;36992
378564;all;none;1;2;0.0;36993
350340;none;all;1;1;0.0;34353
354826;all;all;1;1;0.0;34670
386881;none;all;1;1;0.0;37873
407207;none;all;1;1;0.0;40832
350423;all;all;1;2;0.0;34354
352735;all;all;1;2;0.0;34553
370366;all;all;1;2;0.0;35952
350453;all;all;1;1;0.0;34354
357050;none;all;1;1;0.0;34791
358857;all;all;1;1;0.0;35112
381104;all;all;1;1;0.0;37114
393756;all;all;1;1;0.0;38472
396471;all;all;1;1;0.0;38751
398478;all;all;1;1;0.0;39073
403111;all;all;1;1;0.0;40030
404029;all;all;1;1;0.0;40154
350507;all;all;1;1;0.0;34354
366105;all;all;1;1;0.0;35593
350525;all;all;1;1;0.0;34354
350534;all;all;1;0;0.0;34355
350541;none;all;1;0;0.0;34355
350585;none;all;1;0;0.0;34356
361581;all;all;1;0;0.0;35359
350595;all;all;1;0;0.0;34356
374581;all;all;1;0;0.0;36278
350613;all;all;1;0;0.0;34357
350699;none;all;1;0;0.0;34359
363079;all;none;1;0;0.0;35388
350848;all;all;1;0;0.0;34363
397168;all;all;1;0;0.0;38812
350965;none;all;1;2;0.0;34370
382751;none;all;1;2;0.0;37360
351060;all;all;1;1;0.0;34372
367542;all;all;1;1;0.0;35684
374706;all;none;1;1;0.0;36291
395254;all;all;1;1;0.0;38694
351096;all;all;1;2;0.0;34373
352895;all;all;1;2;0.0;34573
360427;all;none;1;2;0.0;35281
377088;all;none;1;2;0.0;36852
393492;all;all;1;2;0.0;38453
396040;all;none;1;2;0.0;38733
404432;all;all;1;2;0.0;40211
351115;all;all;1;0;0.0;34374
401516;none;all;1;0;0.0;39852
351136;all;all;1;0;0.0;34375
351171;all;all;1;1;0.0;34380
351218;all;all;1;0;0.0;34381
351238;all;all;1;0;0.0;34382
351319;all;all;1;0;0.0;34384
351410;all;all;1;2;0.0;34391
351489;all;all;1;2;0.0;34393
353860;all;all;1;2;0.0;34621
362651;all;none;1;2;0.0;35380
378591;all;all;1;2;0.0;36994
379104;all;all;1;2;0.0;37072
398373;all;all;1;2;0.0;39070
406842;none;none;1;2;0.0;40794
409155;all;all;1;2;0.0;41034
410889;all;all;1;2;0.0;41353
351427;all;all;1;0;0.0;34391
356723;none;all;1;0;0.0;34740
375953;all;all;1;0;0.0;36512
351439;all;all;1;1;0.0;34392
351442;all;all;1;0;0.0;34392
351462;all;all;1;0;0.0;34392
375818;all;all;1;0;0.0;36474
351505;all;none;1;0;0.0;34394
351552;none;all;1;3;0.0;34396
351657;none;all;1;2;0.0;34411
375873;all;all;1;2;0.0;36491
379743;all;all;1;2;0.0;37092
400420;all;all;1;2;0.0;39732
407052;all;none;1;2;0.0;40814
351714;none;none;1;0;0.0;34422
351869;all;all;1;2;0.0;34444
373029;all;all;1;2;0.0;36041
351958;all;none;1;6;0.0;34461
357151;all;all;1;6;0.0;34820
397923;all;all;1;6;0.0;38992
351974;none;all;1;0;0.0;34463
366104;all;none;1;0;0.0;35593
352009;all;all;1;0;0.0;34469
352018;all;all;1;1;0.0;34470
352062;all;all;1;0;0.0;34475
352133;all;none;1;1;0.0;34483
371089;all;none;1;1;0.0;35972
379844;all;all;1;1;0.0;37093
394406;none;all;1;1;0.0;38611
395719;all;all;1;1;0.0;38730
397471;none;all;1;1;0.0;38892
352135;none;all;1;1;0.0;34483
352153;all;all;1;2;0.0;34484
406757;none;none;1;2;0.0;40772
352191;all;all;1;0;0.0;34491
352837;none;all;1;0;0.0;34564
357427;all;all;1;0;0.0;34883
361930;all;all;1;0;0.0;35363
405426;all;all;1;0;0.0;40411
352227;none;all;1;1;0.0;34493
365703;all;all;1;1;0.0;35570
352262;all;all;1;0;0.0;34500
352268;all;all;1;0;0.0;34500
354002;all;all;1;0;0.0;34624
376257;none;none;1;0;0.0;36554
352383;all;all;1;6;0.0;34512
352408;all;all;1;0;0.0;34514
354143;all;all;1;0;0.0;34630
352411;none;all;1;1;0.0;34514
352428;all;all;1;0;0.0;34518
356440;all;all;1;0;0.0;34717
381771;all;all;1;0;0.0;37156
394042;all;all;1;0;0.0;38515
397970;all;all;1;0;0.0;38999
352521;none;all;1;1;0.0;34529
352683;all;all;1;0;0.0;34549
352687;all;all;1;1;0.0;34550
352711;all;all;1;1;0.0;34551
375514;all;all;1;1;0.0;36430
352726;all;all;1;2;0.0;34552
405607;none;none;1;2;0.0;40472
352750;all;none;1;1;0.0;34554
352833;none;all;1;3;0.0;34564
397670;none;all;1;3;0.0;38931
352848;all;all;1;1;0.0;34567
362142;all;all;1;1;0.0;35369
352867;none;none;1;1;0.0;34571
373534;all;all;1;1;0.0;36131
400963;all;all;1;1;0.0;39810
352910;all;none;1;1;0.0;34576
352937;none;all;1;0;0.0;34582
352997;all;all;1;0;0.0;34591
353046;all;none;1;0;0.0;34599
353160;all;all;1;0;0.0;34601
368308;all;none;1;0;0.0;35732
400458;all;all;1;0;0.0;39733
353207;all;all;1;0;0.0;34602
368940;none;all;1;0;0.0;35844
353257;all;all;1;0;0.0;34602
358716;all;all;1;0;0.0;35094
368280;none;all;1;0;0.0;35724
353285;all;all;1;2;0.0;34603
353314;none;all;1;0;0.0;34603
357248;all;all;1;0;0.0;34844
372787;all;all;1;0;0.0;36011
393970;all;all;1;0;0.0;38494
353429;none;all;1;0;0.0;34606
360139;none;none;1;0;0.0;35249
353510;all;all;1;1;0.0;34610
359846;all;all;1;1;0.0;35213
353523;all;all;1;2;0.0;34611
353557;all;none;1;0;0.0;34611
353565;all;none;1;0;0.0;34611
353589;all;all;1;1;0.0;34612
377295;all;all;1;1;0.0;36893
383915;all;all;1;1;0.0;37412
353610;all;all;1;2;0.0;34612
389565;none;all;1;2;0.0;38133
353691;all;all;1;3;0.0;34614
374660;all;all;1;3;0.0;36291
393515;all;all;1;3;0.0;38454
353701;all;all;1;0;0.0;34614
360500;none;all;1;0;0.0;35283
371281;all;all;1;0;0.0;35973
374346;none;all;1;0;0.0;36250
379550;none;all;1;0;0.0;37091
379995;none;all;1;0;0.0;37094
385714;none;all;1;0;0.0;37612
397429;none;all;1;0;0.0;38890
398619;all;all;1;0;0.0;39131
400444;all;all;1;0;0.0;39732
401538;all;all;1;0;0.0;39852
353737;all;all;1;3;0.0;34614
366622;all;all;1;3;0.0;35614
353793;all;all;1;0;0.0;34620
353806;none;all;1;0;0.0;34620
353833;all;all;1;0;0.0;34621
393645;all;none;1;0;0.0;38471
353842;all;all;1;0;0.0;34621
400606;all;all;1;0;0.0;39751
353861;none;all;1;1;0.0;34621
353867;all;all;1;0;0.0;34621
353875;none;all;1;1;0.0;34621
392900;all;all;1;1;0.0;38391
353891;all;all;1;0;0.0;34622
353900;all;none;1;0;0.0;34622
396662;all;all;1;0;0.0;38753
353920;all;all;1;0;0.0;34622
353921;all;all;1;2;0.0;34622
369644;all;none;1;2;0.0;35913
372057;all;all;1;2;0.0;35992
387479;none;all;1;2;0.0;37952
353978;all;all;1;3;0.0;34623
359180;all;all;1;3;0.0;35143
353995;all;all;1;2;0.0;34623
398782;all;none;1;2;0.0;39194
354003;all;all;1;2;0.0;34624
354281;all;all;1;2;0.0;34632
374979;none;all;1;2;0.0;36311
375944;all;all;1;2;0.0;36512
376419;none;all;1;2;0.0;36594
393145;all;all;1;2;0.0;38394
354069;none;all;1;1;0.0;34625
372661;all;none;1;1;0.0;35996
398134;all;all;1;1;0.0;39035
399530;none;none;1;1;0.0;39479
407314;none;none;1;1;0.0;40837
354103;all;all;1;0;0.0;34627
354114;all;none;1;0;0.0;34628
354124;all;all;1;0;0.0;34629
354131;all;all;1;0;0.0;34629
354138;all;none;1;1;0.0;34630
354154;none;all;1;1;0.0;34630
354162;all;all;1;0;0.0;34630
354167;all;all;1;2;0.0;34630
356319;all;all;1;2;0.0;34713
384893;all;all;1;2;0.0;37472
354232;all;all;1;0;0.0;34631
354242;all;all;1;3;0.0;34631
362942;all;all;1;3;0.0;35384
382545;all;all;1;3;0.0;37313
354270;all;none;1;2;0.0;34632
354292;all;all;1;0;0.0;34632
390099;all;all;1;0;0.0;38152
354315;none;none;1;3;0.0;34633
354327;none;all;1;0;0.0;34633
354395;none;all;1;0;0.0;34634
376995;all;all;1;0;0.0;36831
380247;all;all;1;0;0.0;37110
381919;all;all;1;0;0.0;37193
354413;none;all;1;1;0.0;34634
354439;all;all;1;0;0.0;34636
354468;all;all;1;0;0.0;34638
366180;none;all;1;0;0.0;35597
385489;none;all;1;0;0.0;37516
354484;all;all;1;1;0.0;34639
354527;all;all;1;0;0.0;34641
357658;all;all;1;0;0.0;34923
354528;none;all;1;4;0.0;34641
407393;none;all;1;4;0.0;40854
354556;none;all;1;1;0.0;34642
354560;none;all;1;3;0.0;34642
409292;all;all;1;3;0.0;41054
354578;all;all;1;2;0.0;34643
385220;all;all;1;2;0.0;37490
354638;all;all;1;0;0.0;34651
354650;none;all;1;0;0.0;34651
355589;all;all;1;0;0.0;34693
374648;none;all;1;0;0.0;36290
354688;all;all;1;0;0.0;34653
360653;all;all;1;0;0.0;35291
381969;none;none;1;0;0.0;37210
391456;all;none;1;0;0.0;38254
354706;none;all;1;0;0.0;34655
357289;all;all;1;0;0.0;34859
354723;none;all;1;1;0.0;34660
364546;none;all;1;1;0.0;35471
354735;all;all;1;0;0.0;34661
363398;all;all;1;0;0.0;35393
370424;all;all;1;0;0.0;35953
378562;all;all;1;0;0.0;36993
388681;all;none;1;0;0.0;38074
410540;all;all;1;0;0.0;41232
410893;all;all;1;0;0.0;41354
354738;none;all;1;1;0.0;34661
370478;all;all;1;1;0.0;35954
372976;all;none;1;1;0.0;36033
394656;all;none;1;1;0.0;38631
354747;all;all;1;1;0.0;34661
354840;none;all;1;0;0.0;34670
355926;all;all;1;0;0.0;34703
354915;all;all;1;0;0.0;34676
354969;all;all;1;0;0.0;34680
371416;none;all;1;0;0.0;35974
392023;all;none;1;0;0.0;38330
354989;all;all;1;2;0.0;34680
355065;none;all;1;1;0.0;34681
359711;all;all;1;1;0.0;35201
389570;all;none;1;1;0.0;38133
355069;all;all;1;2;0.0;34681
404614;all;all;1;2;0.0;40214
355092;none;all;1;2;0.0;34682
405814;all;none;1;2;0.0;40534
355158;all;all;1;0;0.0;34682
398169;all;all;1;0;0.0;39050
355194;none;all;1;0;0.0;34683
356560;all;all;1;0;0.0;34723
377096;none;all;1;0;0.0;36853
397322;all;all;1;0;0.0;38854
403351;all;none;1;0;0.0;40093
403705;all;all;1;0;0.0;40134
355242;all;all;1;1;0.0;34684
355248;all;all;1;2;0.0;34684
355291;all;all;1;0;0.0;34684
355309;all;all;1;0;0.0;34684
355377;all;all;1;1;0.0;34690
361997;all;all;1;1;0.0;35364
355387;all;all;1;0;0.0;34690
389010;all;all;1;0;0.0;38122
404379;none;all;1;0;0.0;40210
355479;all;all;1;2;0.0;34691
362411;all;none;1;2;0.0;35373
364214;all;all;1;2;0.0;35443
379751;all;all;1;2;0.0;37092
384506;none;all;1;2;0.0;37453
389229;all;all;1;2;0.0;38131
395842;all;all;1;2;0.0;38731
398838;none;none;1;2;0.0;39212
399261;all;all;1;2;0.0;39330
401612;all;all;1;2;0.0;39853
355507;none;all;1;1;0.0;34692
379623;none;all;1;1;0.0;37092
355598;none;all;1;2;0.0;34694
355611;all;all;1;1;0.0;34694
355638;all;all;1;2;0.0;34694
355725;all;all;1;1;0.0;34700
363326;all;none;1;1;0.0;35392
406077;all;all;1;1;0.0;40631
355814;all;all;1;1;0.0;34701
387747;all;all;1;1;0.0;37992
355882;all;all;1;2;0.0;34702
355914;all;all;1;10;0.0;34703
355924;all;all;1;1;0.0;34703
355966;all;all;1;2;0.0;34704
371809;none;all;1;2;0.0;35991
372513;all;none;1;2;0.0;35994
396457;all;all;1;2;0.0;38751
398497;all;all;1;2;0.0;39074
355973;all;all;1;3;0.0;34704
356050;all;none;1;0;0.0;34707
356061;all;all;1;2;0.0;34708
360055;all;all;1;2;0.0;35236
365061;all;all;1;2;0.0;35519
408522;all;all;1;2;0.0;40919
410630;all;all;1;2;0.0;41237
356077;all;all;1;2;0.0;34709
356090;none;none;1;2;0.0;34710
407228;all;none;1;2;0.0;40833
356099;none;all;1;2;0.0;34710
365346;all;all;1;2;0.0;35543
404885;all;all;1;2;0.0;40233
405299;all;all;1;2;0.0;40350
356133;none;none;1;0;0.0;34710
357353;all;all;1;0;0.0;34872
365311;all;none;1;0;0.0;35541
380694;all;all;1;0;0.0;37112
387193;all;all;1;0;0.0;37912
356186;none;all;1;0;0.0;34711
373671;all;all;1;0;0.0;36150
408302;all;all;1;0;0.0;40913
356231;all;all;1;1;0.0;34712
356237;all;all;1;0;0.0;34712
356337;all;all;1;0;0.0;34713
357765;all;all;1;0;0.0;34943
364468;all;all;1;0;0.0;35464
356350;all;all;1;2;0.0;34714
376173;all;all;1;2;0.0;36551
403996;none;all;1;2;0.0;40153
356385;all;all;1;2;0.0;34714
394759;all;none;1;2;0.0;38634
356428;all;all;1;0;0.0;34716
363671;all;none;1;0;0.0;35398
368411;all;all;1;0;0.0;35755
405871;all;all;1;0;0.0;40559
407328;none;all;1;0;0.0;40839
410154;all;all;1;0;0.0;41156
356456;none;all;1;2;0.0;34718
363604;all;all;1;2;0.0;35395
396939;all;all;1;2;0.0;38759
356466;all;all;1;2;0.0;34718
356566;all;all;1;2;0.0;34723
379536;none;all;1;2;0.0;37091
356598;all;none;1;0;0.0;34724
356665;all;all;1;4;0.0;34732
360099;none;none;1;4;0.0;35242
362263;all;all;1;4;0.0;35371
379257;all;none;1;4;0.0;37090
356671;all;all;1;1;0.0;34732
406419;all;all;1;1;0.0;40692
356678;all;all;1;0;0.0;34733
378752;all;none;1;0;0.0;37012
356682;all;all;1;2;0.0;34733
356683;all;all;1;1;0.0;34733
356687;all;all;1;0;0.0;34733
360385;all;none;1;0;0.0;35281
367600;all;all;1;0;0.0;35690
356705;none;all;1;0;0.0;34734
394071;all;all;1;0;0.0;38531
356725;all;all;1;0;0.0;34740
366922;all;none;1;0;0.0;35630
373181;all;none;1;0;0.0;36073
356747;all;all;1;2;0.0;34741
385427;none;all;1;2;0.0;37512
356858;all;none;1;2;0.0;34752
363207;all;all;1;2;0.0;35391
364952;none;all;1;2;0.0;35510
375811;all;all;1;2;0.0;36474
356901;all;all;1;1;0.0;34754
362855;all;none;1;1;0.0;35382
356916;all;all;1;0;0.0;34757
356927;all;all;1;0;0.0;34759
356996;none;all;1;0;0.0;34774
357660;all;all;1;0;0.0;34923
357000;all;all;1;0;0.0;34775
357037;all;all;1;0;0.0;34786
357139;all;all;1;4;0.0;34814
357212;all;all;1;3;0.0;34840
388244;all;all;1;3;0.0;38052
357247;all;all;1;0;0.0;34844
359367;all;none;1;0;0.0;35160
374380;all;all;1;0;0.0;36252
399111;all;all;1;0;0.0;39292
357269;all;all;1;1;0.0;34852
374328;all;all;1;1;0.0;36250
357278;all;all;1;2;0.0;34853
357520;all;all;1;2;0.0;34901
390857;none;none;1;2;0.0;38192
357549;all;none;1;0;0.0;34905
402398;all;none;1;0;0.0;39876
357551;all;all;1;0;0.0;34906
357557;all;all;1;0;0.0;34908
357785;all;all;1;0;0.0;34948
357618;all;all;1;0;0.0;34920
373250;all;all;1;0;0.0;36091
410918;all;all;1;0;0.0;41370
357636;all;all;1;2;0.0;34921
357671;none;all;1;1;0.0;34924
357749;none;none;1;0;0.0;34941
357826;all;all;1;1;0.0;34954
377143;all;all;1;1;0.0;36871
390430;all;all;1;1;0.0;38154
357832;all;all;1;0;0.0;34954
366942;none;all;1;0;0.0;35630
390391;all;all;1;0;0.0;38154
357996;all;all;1;2;0.0;34982
381935;all;none;1;2;0.0;37194
358065;all;all;1;0;0.0;34993
358092;all;all;1;0;0.0;34997
400929;all;all;1;0;0.0;39795
358151;all;all;1;0;0.0;35004
358164;all;all;1;0;0.0;35008
360134;none;none;1;0;0.0;35246
362134;all;all;1;0;0.0;35368
364847;none;all;1;0;0.0;35499
358175;all;all;1;1;0.0;35010
394539;all;all;1;1;0.0;38614
358233;none;all;1;0;0.0;35021
363918;none;none;1;0;0.0;35420
371960;none;all;1;0;0.0;35991
358260;none;all;1;2;0.0;35024
360966;all;all;1;2;0.0;35303
366102;all;all;1;2;0.0;35592
381620;none;all;1;2;0.0;37151
383264;all;all;1;2;0.0;37390
402730;all;all;1;2;0.0;39912
409163;all;all;1;2;0.0;41034
358321;none;all;1;2;0.0;35034
358330;all;all;1;1;0.0;35037
358365;all;none;1;0;0.0;35042
390668;none;none;1;0;0.0;38171
358394;all;all;1;2;0.0;35045
358421;all;all;1;2;0.0;35052
379771;all;none;1;2;0.0;37092
392728;all;all;1;2;0.0;38373
410742;none;all;1;2;0.0;41290
358480;all;all;1;1;0.0;35063
393614;all;all;1;1;0.0;38470
358491;all;none;1;0;0.0;35066
358493;all;all;1;0;0.0;35067
359671;all;all;1;0;0.0;35198
358495;all;all;1;1;0.0;35068
358538;all;all;1;1;0.0;35076
358581;all;all;1;3;0.0;35081
358602;none;all;1;0;0.0;35082
358681;all;all;1;0;0.0;35091
358725;all;all;1;0;0.0;35094
358727;all;all;1;5;0.0;35094
358752;all;all;1;0;0.0;35101
372018;all;all;1;0;0.0;35992
358755;all;all;1;5;0.0;35101
358764;none;all;1;1;0.0;35101
358766;all;all;1;2;0.0;35102
363284;all;none;1;2;0.0;35391
397571;all;all;1;2;0.0;38911
409117;none;all;1;2;0.0;41031
358781;none;all;1;0;0.0;35103
358806;all;all;1;0;0.0;35104
364889;all;all;1;0;0.0;35502
381565;all;all;1;0;0.0;37150
398495;none;none;1;0;0.0;39074
408909;all;all;1;0;0.0;40992
358840;all;all;1;0;0.0;35111
358866;none;all;1;1;0.0;35112
358870;all;none;1;2;0.0;35113
363969;none;none;1;2;0.0;35423
358872;all;all;1;4;0.0;35113
406830;none;none;1;4;0.0;40793
358881;all;all;1;0;0.0;35113
358888;all;all;1;0;0.0;35114
358907;all;all;1;0;0.0;35117
374302;all;all;1;0;0.0;36235
378899;all;all;1;0;0.0;37036
405192;none;all;1;0;0.0;40277
358935;all;all;1;0;0.0;35120
359061;none;all;1;1;0.0;35131
377704;all;all;1;1;0.0;36934
403021;all;none;1;1;0.0;40001
359176;none;all;1;2;0.0;35142
378443;all;all;1;2;0.0;36992
359182;all;none;1;0;0.0;35143
362696;all;all;1;0;0.0;35381
380891;all;all;1;0;0.0;37113
359195;all;all;1;0;0.0;35144
363931;none;none;1;0;0.0;35421
368572;none;all;1;0;0.0;35791
368739;none;all;1;0;0.0;35824
369141;all;all;1;0;0.0;35860
369398;all;all;1;0;0.0;35874
372143;all;all;1;0;0.0;35992
381031;all;all;1;0;0.0;37114
391870;all;all;1;0;0.0;38311
404048;all;all;1;0;0.0;40154
359223;all;all;1;0;0.0;35148
375179;all;none;1;0;0.0;36318
396936;all;all;1;0;0.0;38758
405961;all;none;1;0;0.0;40598
406720;all;none;1;0;0.0;40759
359241;all;all;1;2;0.0;35150
359385;all;all;1;0;0.0;35161
405290;all;none;1;0;0.0;40334
359412;all;all;1;4;0.0;35163
361667;none;all;1;4;0.0;35360
362193;none;all;1;4;0.0;35370
362528;all;all;1;4;0.0;35374
364343;all;all;1;4;0.0;35453
381514;all;all;1;4;0.0;37134
385708;all;all;1;4;0.0;37611
389674;all;all;1;4;0.0;38134
359420;none;all;1;2;0.0;35163
364292;none;all;1;2;0.0;35451
359421;all;none;1;1;0.0;35164
359475;all;all;1;0;0.0;35172
375887;all;all;1;0;0.0;36492
378987;all;none;1;0;0.0;37052
397434;all;all;1;0;0.0;38890
404502;all;all;1;0;0.0;40212
359610;all;all;1;2;0.0;35191
359634;all;none;1;1;0.0;35193
359740;all;all;1;2;0.0;35203
395042;all;none;1;2;0.0;38690
403558;all;none;1;2;0.0;40131
359780;none;none;1;0;0.0;35206
359792;none;all;1;2;0.0;35210
383213;all;all;1;2;0.0;37374
403097;all;all;1;2;0.0;40014
359915;all;none;1;1;0.0;35222
359973;all;none;1;1;0.0;35230
360000;all;all;1;1;0.0;35231
360001;all;all;1;1;0.0;35232
380754;all;all;1;1;0.0;37112
385918;all;all;1;1;0.0;37670
386124;all;none;1;1;0.0;37713
393842;all;all;1;1;0.0;38474
360003;none;all;1;5;0.0;35232
360013;all;none;1;1;0.0;35232
360050;all;all;1;1;0.0;35234
366686;all;all;1;1;0.0;35620
360083;none;none;1;0;0.0;35241
360090;none;none;1;1;0.0;35241
360097;none;none;1;2;0.0;35242
362253;all;all;1;2;0.0;35371
370015;all;all;1;2;0.0;35933
374677;all;all;1;2;0.0;36291
398161;all;all;1;2;0.0;39050
360162;none;none;1;2;0.0;35252
373308;all;all;1;2;0.0;36094
400497;all;all;1;2;0.0;39733
360207;none;none;1;0;0.0;35260
360332;all;none;1;1;0.0;35280
360353;all;all;1;0;0.0;35280
360369;none;none;1;4;0.0;35280
366530;all;none;1;4;0.0;35611
368264;all;all;1;4;0.0;35722
389220;all;none;1;4;0.0;38131
360380;all;all;1;2;0.0;35281
387578;all;all;1;2;0.0;37971
401478;all;all;1;2;0.0;39852
360469;all;none;1;0;0.0;35282
369823;all;all;1;0;0.0;35931
376925;all;all;1;0;0.0;36811
360615;all;all;1;0;0.0;35290
370100;all;all;1;0;0.0;35934
360674;all;all;1;1;0.0;35291
401121;all;all;1;1;0.0;39840
404582;all;all;1;1;0.0;40213
360694;all;all;1;0;0.0;35292
360790;all;all;1;0;0.0;35294
360855;none;all;1;0;0.0;35300
366698;none;none;1;0;0.0;35620
368054;all;all;1;0;0.0;35711
360872;all;all;1;0;0.0;35301
375135;all;all;1;0;0.0;36314
360875;all;all;1;2;0.0;35301
360894;all;all;1;1;0.0;35301
392937;all;all;1;1;0.0;38391
406355;all;all;1;1;0.0;40674
407246;all;all;1;1;0.0;40833
360936;all;all;1;1;0.0;35302
406493;all;all;1;1;0.0;40713
360944;all;all;1;0;0.0;35303
360990;all;all;1;0;0.0;35304
382280;all;all;1;0;0.0;37271
386091;all;none;1;0;0.0;37710
400271;none;all;1;0;0.0;39714
361025;all;all;1;1;0.0;35307
363675;none;all;1;1;0.0;35399
411210;all;all;1;1;0.0;41395
361162;all;none;1;3;0.0;35312
361269;all;all;1;1;0.0;35315
361291;all;all;1;0;0.0;35318
361308;all;all;1;1;0.0;35319
366883;all;all;1;1;0.0;35627
361339;all;all;1;1;0.0;35322
379595;all;all;1;1;0.0;37091
361417;all;all;1;6;0.0;35332
361424;all;all;1;2;0.0;35333
362524;all;none;1;2;0.0;35374
378212;all;all;1;2;0.0;36974
386055;all;all;1;2;0.0;37693
409003;all;all;1;2;0.0;41011
361460;all;all;1;0;0.0;35341
403838;none;all;1;0;0.0;40151
361468;none;all;1;0;0.0;35342
361483;all;all;1;2;0.0;35343
361529;all;all;1;2;0.0;35351
366791;all;all;1;2;0.0;35623
367060;none;all;1;2;0.0;35633
380921;all;all;1;2;0.0;37113
388010;none;none;1;2;0.0;38033
361525;all;all;1;0;0.0;35351
364515;all;none;1;0;0.0;35470
409685;all;none;1;0;0.0;41114
361602;all;all;1;0;0.0;35360
361634;all;all;1;6;0.0;35360
373507;all;all;1;6;0.0;36131
361635;none;all;1;3;0.0;35360
361642;all;none;1;0;0.0;35360
389394;all;all;1;0;0.0;38132
361673;all;all;1;0;0.0;35360
361752;none;all;1;5;0.0;35361
383932;all;all;1;5;0.0;37412
361760;all;all;1;2;0.0;35361
361767;all;none;1;0;0.0;35361
361823;all;all;1;1;0.0;35362
361835;all;all;1;2;0.0;35362
361869;none;all;1;0;0.0;35362
361901;all;all;1;2;0.0;35363
361902;all;all;1;0;0.0;35363
361931;all;all;1;2;0.0;35363
382908;all;all;1;2;0.0;37371
398868;all;all;1;2;0.0;39213
400344;all;all;1;2;0.0;39730
361933;all;all;1;2;0.0;35363
377617;none;all;1;2;0.0;36932
399375;all;all;1;2;0.0;39373
361998;none;all;1;1;0.0;35364
362056;all;all;1;0;0.0;35364
362065;none;all;1;0;0.0;35364
362076;all;all;1;2;0.0;35364
367394;all;none;1;2;0.0;35681
410844;all;all;1;2;0.0;41331
362078;all;none;1;4;0.0;35364
377118;all;all;1;4;0.0;36854
406223;all;all;1;4;0.0;40653
362194;all;all;1;2;0.0;35370
362216;all;all;1;2;0.0;35370
362257;all;all;1;2;0.0;35371
362399;all;all;1;0;0.0;35372
363750;none;none;1;0;0.0;35402
374046;none;all;1;0;0.0;36211
388832;none;all;1;0;0.0;38092
389647;all;all;1;0;0.0;38134
392647;all;all;1;0;0.0;38372
395156;all;all;1;0;0.0;38692
362465;all;all;1;0;0.0;35373
371316;all;all;1;0;0.0;35973
362481;none;all;1;0;0.0;35373
367530;all;all;1;0;0.0;35684
370803;all;all;1;0;0.0;35970
405103;all;all;1;0;0.0;40254
362494;all;all;1;0;0.0;35374
388136;all;none;1;0;0.0;38051
362543;none;all;1;1;0.0;35374
387404;all;all;1;1;0.0;37934
362544;none;none;1;5;0.0;35374
362605;all;none;1;0;0.0;35379
403103;none;all;1;0;0.0;40015
362607;all;all;1;0;0.0;35379
362720;all;all;1;0;0.0;35381
407255;none;all;1;0;0.0;40833
362803;all;all;1;2;0.0;35382
364008;none;none;1;2;0.0;35430
365345;all;all;1;2;0.0;35543
391966;all;all;1;2;0.0;38314
362853;all;all;1;1;0.0;35382
386868;all;all;1;1;0.0;37873
393757;all;none;1;1;0.0;38472
362859;all;all;1;1;0.0;35383
381936;none;all;1;1;0.0;37194
391260;all;all;1;1;0.0;38233
362903;none;all;1;0;0.0;35383
372498;none;all;1;0;0.0;35994
362912;all;all;1;0;0.0;35383
368014;all;all;1;0;0.0;35710
362952;all;all;1;0;0.0;35384
362975;none;all;1;0;0.0;35384
365954;all;all;1;0;0.0;35583
378390;all;all;1;0;0.0;36991
391842;all;all;1;0;0.0;38310
402007;all;all;1;0;0.0;39871
363039;all;all;1;2;0.0;35386
407311;all;none;1;2;0.0;40837
408742;none;none;1;2;0.0;40958
363046;none;none;1;1;0.0;35386
363109;none;all;1;2;0.0;35390
363421;all;none;1;2;0.0;35393
371610;all;all;1;2;0.0;35990
385480;none;all;1;2;0.0;37514
363137;all;all;1;0;0.0;35390
363168;none;all;1;1;0.0;35390
363169;all;all;1;0;0.0;35390
372005;all;all;1;0;0.0;35991
398104;all;none;1;0;0.0;39032
401838;all;all;1;0;0.0;39870
363212;all;all;1;0;0.0;35391
405596;none;all;1;0;0.0;40470
363252;none;all;1;0;0.0;35391
374492;all;none;1;0;0.0;36271
383338;all;none;1;0;0.0;37390
363301;all;all;1;4;0.0;35392
363376;all;all;1;2;0.0;35392
402889;all;all;1;2;0.0;39953
363450;all;all;1;1;0.0;35393
365975;all;all;1;1;0.0;35584
363461;all;all;1;0;0.0;35393
363506;all;all;1;1;0.0;35394
369228;all;all;1;1;0.0;35864
383520;all;all;1;1;0.0;37392
389817;all;none;1;1;0.0;38150
363513;all;all;1;0;0.0;35394
372399;all;all;1;0;0.0;35993
374535;all;all;1;0;0.0;36273
409103;none;none;1;0;0.0;41031
363609;all;all;1;0;0.0;35395
408459;all;all;1;0;0.0;40915
363663;all;all;1;1;0.0;35398
363700;none;none;1;0;0.0;35400
363711;none;none;1;0;0.0;35400
368892;all;all;1;0;0.0;35842
376842;all;all;1;0;0.0;36774
394067;all;all;1;0;0.0;38531
363721;none;none;1;2;0.0;35401
377054;all;none;1;2;0.0;36850
383148;all;all;1;2;0.0;37374
395014;none;all;1;2;0.0;38690
363733;none;none;1;1;0.0;35401
380118;all;all;1;1;0.0;37094
382028;all;all;1;1;0.0;37214
385829;none;all;1;1;0.0;37650
363761;none;none;1;2;0.0;35403
363958;none;none;1;0;0.0;35423
363992;none;none;1;0;0.0;35426
364003;none;none;1;0;0.0;35429
398509;all;all;1;0;0.0;39075
364006;none;none;1;0;0.0;35430
364078;none;none;1;1;0.0;35433
410089;all;all;1;1;0.0;41153
364093;none;none;1;1;0.0;35434
368199;none;all;1;1;0.0;35714
390473;all;all;1;1;0.0;38154
403767;all;none;1;1;0.0;40144
364183;all;none;1;0;0.0;35442
410972;all;none;1;0;0.0;41371
364299;none;none;1;0;0.0;35451
375677;all;all;1;0;0.0;36453
397665;all;all;1;0;0.0;38930
364302;none;all;1;2;0.0;35451
364303;all;all;1;1;0.0;35451
387901;none;none;1;1;0.0;38013
395144;all;all;1;1;0.0;38692
397708;all;all;1;1;0.0;38934
400446;all;all;1;1;0.0;39732
404606;all;all;1;1;0.0;40213
364309;all;all;1;1;0.0;35452
382442;none;all;1;1;0.0;37293
364316;all;all;1;0;0.0;35452
379351;all;all;1;0;0.0;37090
399902;all;all;1;0;0.0;39653
364327;all;all;1;1;0.0;35452
364330;none;all;1;1;0.0;35453
366329;all;all;1;1;0.0;35602
373262;all;all;1;1;0.0;36091
364336;all;none;1;1;0.0;35453
378112;all;all;1;1;0.0;36972
364477;all;none;1;2;0.0;35464
367288;all;all;1;2;0.0;35672
364485;all;all;1;0;0.0;35465
377199;all;none;1;0;0.0;36879
405740;all;none;1;0;0.0;40516
364531;all;all;1;2;0.0;35471
382332;none;all;1;2;0.0;37273
364556;all;all;1;1;0.0;35472
364569;all;none;1;2;0.0;35472
364572;all;all;1;1;0.0;35472
367046;all;all;1;1;0.0;35633
387194;all;none;1;1;0.0;37912
364589;none;none;1;0;0.0;35473
397350;all;all;1;0;0.0;38871
364607;all;all;1;2;0.0;35474
364632;all;all;1;0;0.0;35476
409407;none;all;1;0;0.0;41079
364709;none;all;1;3;0.0;35483
388101;all;all;1;3;0.0;38050
364867;all;all;1;1;0.0;35501
379111;all;none;1;1;0.0;37072
364885;all;none;1;2;0.0;35502
364911;all;all;1;4;0.0;35503
367811;all;all;1;4;0.0;35700
365072;all;all;1;0;0.0;35520
385701;none;all;1;0;0.0;37611
365089;all;all;1;0;0.0;35521
367584;all;none;1;0;0.0;35690
376820;all;all;1;0;0.0;36772
386735;all;all;1;0;0.0;37853
365096;all;all;1;0;0.0;35521
365146;none;all;1;0;0.0;35523
369066;all;all;1;0;0.0;35853
383011;none;all;1;0;0.0;37372
389429;all;all;1;0;0.0;38132
365164;all;all;1;1;0.0;35524
366406;all;all;1;1;0.0;35604
389216;all;all;1;1;0.0;38131
365167;all;all;1;0;0.0;35524
365186;none;all;1;0;0.0;35529
365292;all;all;1;0;0.0;35540
392305;all;none;1;0;0.0;38351
365318;all;all;1;0;0.0;35541
402157;all;all;1;0;0.0;39873
365328;all;all;1;0;0.0;35542
365364;none;all;1;0;0.0;35544
365418;all;all;1;2;0.0;35551
365489;all;none;1;0;0.0;35555
365494;none;all;1;0;0.0;35556
397253;all;all;1;0;0.0;38838
365498;all;all;1;0;0.0;35557
372676;all;all;1;0;0.0;35996
374574;all;all;1;0;0.0;36275
391308;all;all;1;0;0.0;38238
391998;all;all;1;0;0.0;38319
399570;all;all;1;0;0.0;39518
365545;all;none;1;2;0.0;35561
365556;all;all;1;2;0.0;35561
365656;all;all;1;0;0.0;35564
374350;all;all;1;0;0.0;36251
389106;all;none;1;0;0.0;38130
395259;all;all;1;0;0.0;38694
405457;all;all;1;0;0.0;40413
365779;none;all;1;2;0.0;35572
365794;all;all;1;0;0.0;35573
366550;all;all;1;0;0.0;35612
386736;all;none;1;0;0.0;37853
365903;none;all;1;2;0.0;35581
365982;all;all;1;0;0.0;35584
374273;all;all;1;0;0.0;36234
401990;all;all;1;0;0.0;39871
402749;all;all;1;0;0.0;39913
365992;none;all;1;0;0.0;35586
366030;all;all;1;2;0.0;35590
366070;all;all;1;1;0.0;35591
396794;all;all;1;1;0.0;38754
402760;all;all;1;1;0.0;39914
405119;none;all;1;1;0.0;40270
366259;none;all;1;2;0.0;35601
366274;all;all;1;1;0.0;35601
370077;all;all;1;1;0.0;35934
375847;all;none;1;1;0.0;36480
381860;all;all;1;1;0.0;37174
388081;all;all;1;1;0.0;38050
388204;all;all;1;1;0.0;38052
393557;none;all;1;1;0.0;38454
395092;all;all;1;1;0.0;38691
399927;all;none;1;1;0.0;39654
408820;all;all;1;1;0.0;40973
366343;none;all;1;2;0.0;35603
388817;all;all;1;2;0.0;38091
391346;all;all;1;2;0.0;38250
395764;all;all;1;2;0.0;38731
366348;all;all;1;0;0.0;35603
366363;all;all;1;2;0.0;35603
394875;all;all;1;2;0.0;38652
366395;all;all;1;2;0.0;35604
366400;all;none;1;2;0.0;35604
376635;all;all;1;2;0.0;36690
366454;all;all;1;0;0.0;35609
366536;all;all;1;0;0.0;35611
366617;all;all;1;0;0.0;35613
366620;all;all;1;0;0.0;35614
399672;all;all;1;0;0.0;39572
366637;all;all;1;0;0.0;35614
366691;all;all;1;2;0.0;35620
397915;all;all;1;2;0.0;38992
366693;all;all;1;1;0.0;35620
368376;none;none;1;1;0.0;35750
366729;none;all;1;4;0.0;35621
375103;all;all;1;4;0.0;36314
387999;none;none;1;4;0.0;38032
393768;none;all;1;4;0.0;38473
394731;all;none;1;4;0.0;38633
408138;all;all;1;4;0.0;40911
366787;all;all;1;1;0.0;35622
388027;none;none;1;1;0.0;38034
395288;none;all;1;1;0.0;38701
404930;all;all;1;1;0.0;40234
366851;all;all;1;2;0.0;35624
382714;all;all;1;2;0.0;37353
366866;all;none;1;2;0.0;35625
366923;all;all;1;2;0.0;35630
406800;none;none;1;2;0.0;40790
366926;all;all;1;0;0.0;35630
385554;none;all;1;0;0.0;37551
367103;all;all;1;1;0.0;35634
367211;all;all;1;1;0.0;35650
367216;all;all;1;1;0.0;35651
367281;all;none;1;0;0.0;35671
380184;all;all;1;0;0.0;37102
403156;all;all;1;0;0.0;40034
367284;all;all;1;2;0.0;35671
367304;all;all;1;0;0.0;35674
367326;all;all;1;2;0.0;35680
367340;all;all;1;1;0.0;35680
367357;none;all;1;1;0.0;35680
367365;all;none;1;2;0.0;35681
386069;all;all;1;2;0.0;37694
401286;all;all;1;2;0.0;39851
407386;all;all;1;2;0.0;40853
367369;all;none;1;2;0.0;35681
401277;all;all;1;2;0.0;39850
367468;all;none;1;2;0.0;35683
410775;none;all;1;2;0.0;41294
367474;all;all;1;2;0.0;35683
367485;all;none;1;2;0.0;35683
367675;all;all;1;4;0.0;35692
383168;none;all;1;4;0.0;37374
367685;none;all;1;2;0.0;35692
367769;all;all;1;1;0.0;35694
367786;all;all;1;0;0.0;35697
367846;all;all;1;2;0.0;35701
400587;all;all;1;2;0.0;39750
367862;all;all;1;0;0.0;35701
367937;all;all;1;2;0.0;35704
367943;all;all;1;0;0.0;35704
367949;all;all;1;1;0.0;35704
395420;all;all;1;1;0.0;38712
367959;all;none;1;0;0.0;35704
368008;all;none;1;0;0.0;35710
378517;all;all;1;0;0.0;36993
408345;all;none;1;0;0.0;40913
368027;all;all;1;0;0.0;35710
386783;all;all;1;0;0.0;37864
368116;all;all;1;2;0.0;35712
368144;all;all;1;2;0.0;35713
368195;none;none;1;0;0.0;35714
368332;all;all;1;0;0.0;35740
368362;all;all;1;0;0.0;35744
389881;all;all;1;0;0.0;38150
368550;all;all;1;0;0.0;35785
368557;all;all;1;0;0.0;35790
368567;all;none;1;5;0.0;35791
368569;all;all;1;0;0.0;35791
368636;none;all;1;1;0.0;35802
377209;all;all;1;1;0.0;36890
378209;all;all;1;1;0.0;36974
384577;none;none;1;1;0.0;37454
405339;all;all;1;1;0.0;40371
407513;all;all;1;1;0.0;40890
368671;all;all;1;0;0.0;35810
368727;all;all;1;1;0.0;35822
368748;all;all;1;0;0.0;35828
405402;all;all;1;0;0.0;40398
368776;all;all;1;3;0.0;35833
383604;all;none;1;3;0.0;37393
386496;none;none;1;3;0.0;37794
368778;all;all;1;0;0.0;35833
384708;all;all;1;0;0.0;37470
368802;all;all;1;0;0.0;35840
368806;none;all;1;0;0.0;35840
379501;all;all;1;0;0.0;37091
368823;all;all;1;0;0.0;35840
368886;none;all;1;0;0.0;35842
368903;all;none;1;0;0.0;35843
368907;all;all;1;3;0.0;35843
368934;all;all;1;0;0.0;35844
368981;none;all;1;0;0.0;35850
369125;all;all;1;0;0.0;35859
369149;all;all;1;0;0.0;35860
384979;all;all;1;0;0.0;37473
386274;none;all;1;0;0.0;37752
398457;all;all;1;0;0.0;39073
369167;all;none;1;0;0.0;35861
382089;all;all;1;0;0.0;37233
369219;all;all;1;0;0.0;35863
369221;all;all;1;0;0.0;35863
369226;all;all;1;0;0.0;35864
387135;all;all;1;0;0.0;37910
408180;all;all;1;0;0.0;40911
369234;all;all;1;2;0.0;35864
369239;all;all;1;3;0.0;35864
374916;none;all;1;3;0.0;36310
400558;none;all;1;3;0.0;39750
369251;all;all;1;0;0.0;35866
403169;none;all;1;0;0.0;40038
369267;all;all;1;0;0.0;35869
369327;none;all;1;2;0.0;35871
370453;all;all;1;2;0.0;35953
374232;all;none;1;2;0.0;36232
390545;all;all;1;2;0.0;38154
369337;all;all;1;0;0.0;35872
377374;all;all;1;0;0.0;36910
378638;all;all;1;0;0.0;36994
408328;none;none;1;0;0.0;40913
369374;all;all;1;1;0.0;35873
369391;all;all;1;2;0.0;35874
369412;all;all;1;0;0.0;35874
376395;all;all;1;0;0.0;36592
369433;all;all;1;0;0.0;35878
375283;none;none;1;0;0.0;36358
388398;all;all;1;0;0.0;38069
369455;all;all;1;2;0.0;35890
369518;all;all;1;0;0.0;35892
374772;all;all;1;0;0.0;36293
369554;all;all;1;1;0.0;35894
400814;all;all;1;1;0.0;39770
369587;all;none;1;0;0.0;35910
387225;all;all;1;0;0.0;37913
369609;none;all;1;0;0.0;35911
369635;all;all;1;6;0.0;35913
375787;all;all;1;6;0.0;36473
394934;all;none;1;6;0.0;38671
369662;all;all;1;2;0.0;35914
396302;all;all;1;2;0.0;38750
369666;all;all;1;0;0.0;35914
369668;none;all;1;0;0.0;35915
384672;all;all;1;0;0.0;37467
405196;all;all;1;0;0.0;40278
408458;all;all;1;0;0.0;40915
369682;all;all;1;0;0.0;35920
401135;all;all;1;0;0.0;39842
407365;all;all;1;0;0.0;40852
369785;all;none;1;1;0.0;35931
386776;all;all;1;1;0.0;37854
369786;all;all;1;0;0.0;35931
370024;all;all;1;0;0.0;35933
400405;none;all;1;0;0.0;39731
369822;all;all;1;5;0.0;35931
386201;all;all;1;5;0.0;37732
369892;all;all;1;0;0.0;35932
406443;all;all;1;0;0.0;40694
369893;all;all;1;1;0.0;35932
369911;all;all;1;4;0.0;35932
401297;all;none;1;4;0.0;39851
369963;all;all;1;0;0.0;35933
384313;all;none;1;0;0.0;37451
369975;all;all;1;0;0.0;35933
389363;none;all;1;0;0.0;38132
370001;all;all;1;0;0.0;35933
370063;all;none;1;0;0.0;35934
370293;none;all;1;2;0.0;35951
370305;all;none;1;2;0.0;35952
391498;all;all;1;2;0.0;38270
396770;all;all;1;2;0.0;38754
397950;all;all;1;2;0.0;38994
406808;none;none;1;2;0.0;40791
370428;all;all;1;0;0.0;35953
370456;all;all;1;1;0.0;35953
378431;none;all;1;1;0.0;36992
370492;all;none;1;0;0.0;35954
370504;none;all;1;0;0.0;35954
370542;all;all;1;0;0.0;35955
370585;all;all;1;1;0.0;35960
370606;all;all;1;2;0.0;35962
370612;all;all;1;2;0.0;35962
376460;all;all;1;2;0.0;36611
379597;none;all;1;2;0.0;37091
370644;all;all;1;0;0.0;35970
370690;all;all;1;5;0.0;35970
378789;all;all;1;5;0.0;37014
370751;all;all;1;1;0.0;35970
370774;all;all;1;0;0.0;35970
370779;all;all;1;2;0.0;35970
370831;all;none;1;3;0.0;35971
370834;all;all;1;2;0.0;35971
370893;all;all;1;0;0.0;35971
393974;all;all;1;0;0.0;38494
407697;all;all;1;0;0.0;40892
370953;all;all;1;0;0.0;35971
371004;all;all;1;0;0.0;35972
371031;none;none;1;0;0.0;35972
371086;all;all;1;0;0.0;35972
371185;all;all;1;0;0.0;35973
371255;none;all;1;2;0.0;35973
371310;all;all;1;0;0.0;35973
371471;all;all;1;0;0.0;35974
371498;none;all;1;1;0.0;35974
371552;none;all;1;0;0.0;35980
371615;all;none;1;5;0.0;35990
371745;all;all;1;5;0.0;35990
374179;all;all;1;5;0.0;36230
371677;all;all;1;0;0.0;35990
376177;all;all;1;0;0.0;36551
371698;all;all;1;3;0.0;35990
378467;all;all;1;3;0.0;36992
371770;all;all;1;1;0.0;35990
371786;all;all;1;3;0.0;35990
371847;all;all;1;2;0.0;35991
371848;all;all;1;2;0.0;35991
396636;all;all;1;2;0.0;38753
371857;all;all;1;0;0.0;35991
382689;all;all;1;0;0.0;37351
411121;all;all;1;0;0.0;41391
371879;all;none;1;2;0.0;35991
371974;all;all;1;4;0.0;35991
371998;all;all;1;2;0.0;35991
393049;all;all;1;2;0.0;38393
372104;none;none;1;1;0.0;35992
387738;all;all;1;1;0.0;37991
397566;all;none;1;1;0.0;38911
402367;all;all;1;1;0.0;39874
408351;all;none;1;1;0.0;40913
372168;all;all;1;1;0.0;35992
372171;all;all;1;0;0.0;35992
372250;all;none;1;1;0.0;35993
372312;all;all;1;1;0.0;35993
372326;none;all;1;1;0.0;35993
372327;all;all;1;0;0.0;35993
372381;all;all;1;2;0.0;35993
372388;all;all;1;1;0.0;35993
372565;all;all;1;1;0.0;35994
402766;all;all;1;1;0.0;39914
372458;all;all;1;0;0.0;35994
372604;all;all;1;1;0.0;35994
372612;all;all;1;2;0.0;35994
409347;none;none;1;2;0.0;41072
372617;all;all;1;0;0.0;35994
388505;all;all;1;0;0.0;38071
391537;none;all;1;0;0.0;38272
408131;all;all;1;0;0.0;40911
372689;all;all;1;0;0.0;35997
372743;all;all;1;0;0.0;35999
372769;none;all;1;0;0.0;36010
372917;all;all;1;0;0.0;36031
373062;all;none;1;0;0.0;36051
373145;all;all;1;0;0.0;36071
396687;all;all;1;0;0.0;38753
373201;all;all;1;0;0.0;36074
382571;all;all;1;0;0.0;37314
373224;all;all;1;2;0.0;36090
382237;all;none;1;2;0.0;37254
373267;all;all;1;0;0.0;36092
379861;all;all;1;0;0.0;37093
405413;none;all;1;0;0.0;40410
373273;all;none;1;2;0.0;36092
373279;all;all;1;0;0.0;36092
373411;all;all;1;0;0.0;36113
373456;all;all;1;0;0.0;36119
390571;none;all;1;0;0.0;38156
373592;all;all;1;0;0.0;36133
402943;all;all;1;0;0.0;39972
373659;all;all;1;0;0.0;36150
373789;all;none;1;0;0.0;36154
380570;all;all;1;0;0.0;37111
387698;all;all;1;0;0.0;37990
390299;all;all;1;0;0.0;38153
391836;all;all;1;0;0.0;38310
373660;none;all;1;3;0.0;36150
373680;all;all;1;1;0.0;36150
373683;all;all;1;2;0.0;36150
401092;none;none;1;2;0.0;39834
373694;all;all;1;2;0.0;36151
373710;all;none;1;0;0.0;36151
379134;none;all;1;0;0.0;37073
405482;all;all;1;0;0.0;40430
373739;none;all;1;2;0.0;36152
373954;all;all;1;0;0.0;36192
398466;all;all;1;0;0.0;39073
374010;all;all;1;2;0.0;36210
374060;all;all;1;0;0.0;36211
374080;all;none;1;2;0.0;36212
374129;all;all;1;2;0.0;36214
374144;all;all;1;1;0.0;36214
374173;all;all;1;2;0.0;36230
374185;all;all;1;1;0.0;36230
374210;all;all;1;2;0.0;36231
397907;none;all;1;2;0.0;38991
410218;none;all;1;2;0.0;41192
374288;all;none;1;2;0.0;36234
374426;all;all;1;0;0.0;36254
393524;all;all;1;0;0.0;38454
374480;all;all;1;0;0.0;36271
374524;all;all;1;3;0.0;36272
374534;all;all;1;3;0.0;36273
396620;all;all;1;3;0.0;38753
374566;none;all;1;0;0.0;36274
374593;all;all;1;2;0.0;36282
375315;none;all;1;2;0.0;36371
385526;all;all;1;2;0.0;37532
374627;all;all;1;0;0.0;36290
374718;all;all;1;2;0.0;36292
374763;all;all;1;2;0.0;36293
374911;all;all;1;0;0.0;36310
392278;all;none;1;0;0.0;38351
374914;all;all;1;1;0.0;36310
374932;none;all;1;2;0.0;36310
380905;all;all;1;2;0.0;37113
382058;all;all;1;2;0.0;37231
374945;all;none;1;0;0.0;36311
374968;all;all;1;1;0.0;36311
380906;none;none;1;1;0.0;37113
375017;none;all;1;2;0.0;36312
375070;all;all;1;2;0.0;36313
375399;none;all;1;0;0.0;36392
375420;all;all;1;0;0.0;36393
375469;none;all;1;2;0.0;36411
375482;all;all;1;0;0.0;36412
375496;all;all;1;2;0.0;36414
375582;all;all;1;1;0.0;36450
405091;all;all;1;1;0.0;40253
375655;all;all;1;2;0.0;36453
389113;all;all;1;2;0.0;38130
375657;none;none;1;2;0.0;36453
375728;all;all;1;2;0.0;36470
392938;all;all;1;2;0.0;38391
375758;all;all;1;0;0.0;36471
399333;all;all;1;0;0.0;39354
375783;all;all;1;1;0.0;36472
378326;all;none;1;1;0.0;36990
388495;all;all;1;1;0.0;38071
375814;all;all;1;0;0.0;36474
385476;all;all;1;0;0.0;37514
375815;all;all;1;2;0.0;36474
375980;all;all;1;0;0.0;36515
406137;none;none;1;0;0.0;40638
376029;all;all;1;0;0.0;36531
378249;all;all;1;0;0.0;36974
385856;all;all;1;0;0.0;37652
391683;all;none;1;0;0.0;38290
397496;all;all;1;0;0.0;38893
376056;all;all;1;1;0.0;36532
376927;all;all;1;1;0.0;36811
376080;all;all;1;1;0.0;36532
400839;all;all;1;1;0.0;39772
410747;all;all;1;1;0.0;41291
376085;all;all;1;0;0.0;36533
376371;none;all;1;5;0.0;36590
404750;all;all;1;5;0.0;40231
376390;all;none;1;3;0.0;36592
380969;all;all;1;3;0.0;37113
410469;all;none;1;3;0.0;41230
376397;all;all;1;1;0.0;36592
376445;all;all;1;3;0.0;36610
376483;all;all;1;0;0.0;36614
377636;all;all;1;0;0.0;36932
391051;none;all;1;0;0.0;38212
376488;all;all;1;1;0.0;36614
376507;all;all;1;0;0.0;36630
376546;all;all;1;2;0.0;36644
376563;all;all;1;2;0.0;36652
376591;all;all;1;3;0.0;36670
376649;none;none;1;2;0.0;36691
389058;all;all;1;2;0.0;38130
389681;all;none;1;2;0.0;38134
376656;none;all;1;2;0.0;36692
376683;all;all;1;2;0.0;36710
376721;all;all;1;0;0.0;36714
376727;all;all;1;0;0.0;36716
381305;all;all;1;0;0.0;37119
376760;all;all;1;1;0.0;36744
376808;all;all;1;2;0.0;36771
376857;all;all;1;5;0.0;36791
410463;none;all;1;5;0.0;41230
376892;none;all;1;2;0.0;36794
376903;all;none;1;0;0.0;36810
376954;all;all;1;3;0.0;36813
376957;all;all;1;0;0.0;36814
377003;all;all;1;0;0.0;36832
391146;all;all;1;0;0.0;38230
377037;none;all;1;0;0.0;36835
391985;all;all;1;0;0.0;38316
393899;none;all;1;0;0.0;38477
377115;all;all;1;0;0.0;36854
377341;all;all;1;1;0.0;36894
385636;all;all;1;1;0.0;37574
377379;all;all;1;5;0.0;36910
400909;all;all;1;5;0.0;39793
377429;all;all;1;3;0.0;36912
377461;all;all;1;2;0.0;36913
377466;all;all;1;1;0.0;36913
392281;all;none;1;1;0.0;38351
409995;all;all;1;1;0.0;41150
377493;all;all;1;0;0.0;36914
410886;all;all;1;0;0.0;41353
377653;all;all;1;1;0.0;36933
377709;all;all;1;1;0.0;36934
397308;none;none;1;1;0.0;38853
401514;all;all;1;1;0.0;39852
409923;all;all;1;1;0.0;41134
377680;all;all;1;1;0.0;36933
395169;all;all;1;1;0.0;38693
377744;none;none;1;1;0.0;36950
385138;all;all;1;1;0.0;37474
377773;none;all;1;1;0.0;36951
377804;all;all;1;2;0.0;36952
377816;all;all;1;1;0.0;36952
377889;all;all;1;0;0.0;36954
377899;all;all;1;2;0.0;36954
377908;all;all;1;1;0.0;36957
409172;none;all;1;1;0.0;41035
377940;all;all;1;0;0.0;36964
406029;all;all;1;0;0.0;40613
406943;all;all;1;0;0.0;40811
410931;all;none;1;0;0.0;41370
378023;all;all;1;4;0.0;36971
378053;all;all;1;0;0.0;36971
398833;all;all;1;0;0.0;39212
378131;all;all;1;0;0.0;36973
378182;all;all;1;0;0.0;36973
379912;none;none;1;0;0.0;37093
378196;none;all;1;4;0.0;36974
386360;all;all;1;4;0.0;37771
378208;all;all;1;0;0.0;36974
378211;none;all;1;2;0.0;36974
378238;all;all;1;0;0.0;36974
378265;all;all;1;2;0.0;36982
380394;all;all;1;2;0.0;37110
378434;all;all;1;1;0.0;36992
380999;all;all;1;1;0.0;37114
378516;all;all;1;0;0.0;36993
378582;all;all;1;1;0.0;36994
389820;all;all;1;1;0.0;38150
390813;none;none;1;1;0.0;38190
378588;all;all;1;2;0.0;36994
378664;all;all;1;1;0.0;36997
378849;all;all;1;3;0.0;37032
378908;all;all;1;1;0.0;37039
379047;all;all;1;0;0.0;37054
379125;none;all;1;1;0.0;37073
396825;all;all;1;1;0.0;38754
379136;none;all;1;2;0.0;37073
379152;all;none;1;0;0.0;37074
379210;all;all;1;2;0.0;37082
394878;all;all;1;2;0.0;38652
410845;all;all;1;2;0.0;41331
379237;all;all;1;2;0.0;37084
379392;all;all;1;2;0.0;37090
379461;all;all;1;1;0.0;37091
379510;none;none;1;0;0.0;37091
379514;all;all;1;1;0.0;37091
379524;none;all;1;2;0.0;37091
384190;all;all;1;2;0.0;37441
379530;all;all;1;1;0.0;37091
407808;all;all;1;1;0.0;40893
379547;all;all;1;2;0.0;37091
379608;all;all;1;0;0.0;37091
399299;all;all;1;0;0.0;39334
379626;all;all;1;2;0.0;37092
379856;all;all;1;0;0.0;37093
379883;all;all;1;0;0.0;37093
387353;none;all;1;0;0.0;37932
388087;none;all;1;0;0.0;38050
379985;all;all;1;1;0.0;37094
385846;all;all;1;1;0.0;37651
398010;all;all;1;1;0.0;39011
400048;none;all;1;1;0.0;39681
406862;all;none;1;1;0.0;40801
380008;all;all;1;3;0.0;37094
401677;all;all;1;3;0.0;39854
380015;all;all;1;4;0.0;37094
392488;none;all;1;4;0.0;38363
380190;all;all;1;1;0.0;37103
385955;all;all;1;1;0.0;37672
390851;none;none;1;1;0.0;38191
410059;none;none;1;1;0.0;41152
380202;all;none;1;3;0.0;37104
380343;all;all;1;0;0.0;37110
384695;all;all;1;0;0.0;37470
391236;all;all;1;0;0.0;38233
380348;none;all;1;0;0.0;37110
380356;none;all;1;0;0.0;37110
380358;none;none;1;2;0.0;37110
398422;all;all;1;2;0.0;39072
380413;all;all;1;0;0.0;37111
380458;all;all;1;2;0.0;37111
380515;all;all;1;2;0.0;37111
380580;all;all;1;0;0.0;37111
380582;all;all;1;0;0.0;37111
380639;all;all;1;0;0.0;37112
381665;all;all;1;0;0.0;37152
385963;all;all;1;0;0.0;37673
380698;none;all;1;0;0.0;37112
380936;all;all;1;0;0.0;37113
388025;none;none;1;0;0.0;38034
380733;all;all;1;1;0.0;37112
380764;all;all;1;5;0.0;37112
380851;none;all;1;2;0.0;37113
380883;all;all;1;0;0.0;37113
406095;none;all;1;0;0.0;40633
380890;none;all;1;0;0.0;37113
380894;none;all;1;0;0.0;37113
381096;all;all;1;2;0.0;37114
381146;all;all;1;1;0.0;37114
383493;all;all;1;1;0.0;37392
394949;all;none;1;1;0.0;38672
396661;all;all;1;1;0.0;38753
381210;none;all;1;2;0.0;37115
381230;none;all;1;0;0.0;37116
410827;all;all;1;0;0.0;41317
381293;all;all;1;0;0.0;37118
381367;none;all;1;0;0.0;37130
381549;all;none;1;2;0.0;37141
403818;all;none;1;2;0.0;40150
381574;all;all;1;0;0.0;37150
393038;all;all;1;0;0.0;38393
395372;all;none;1;0;0.0;38711
408323;none;all;1;0;0.0;40913
381690;none;all;1;2;0.0;37153
381703;all;all;1;0;0.0;37153
381767;all;all;1;0;0.0;37155
381780;all;all;1;0;0.0;37157
408740;none;none;1;0;0.0;40957
381821;none;all;1;0;0.0;37171
399532;all;none;1;0;0.0;39490
406782;none;none;1;0;0.0;40774
381870;all;all;1;0;0.0;37174
382847;all;all;1;0;0.0;37370
401550;all;all;1;0;0.0;39853
382020;none;all;1;2;0.0;37214
398745;all;all;1;2;0.0;39174
382052;all;all;1;2;0.0;37230
382099;all;all;1;5;0.0;37233
382139;all;all;1;1;0.0;37250
391431;all;all;1;1;0.0;38253
382144;all;all;1;2;0.0;37250
382270;all;all;1;2;0.0;37270
382278;all;none;1;3;0.0;37271
382314;all;none;1;0;0.0;37273
382361;all;all;1;0;0.0;37277
404974;all;all;1;0;0.0;40237
382422;all;none;1;1;0.0;37292
382456;all;all;1;2;0.0;37294
382490;all;all;1;0;0.0;37310
382522;all;all;1;0;0.0;37312
382547;none;all;1;1;0.0;37313
382594;all;all;1;1;0.0;37324
382651;all;all;1;1;0.0;37333
382752;all;all;1;3;0.0;37360
402960;all;all;1;3;0.0;39974
382966;none;all;1;0;0.0;37372
401601;all;all;1;0;0.0;39853
383013;all;all;1;2;0.0;37372
383059;all;all;1;2;0.0;37373
383063;all;none;1;0;0.0;37373
383064;all;none;1;2;0.0;37373
383112;all;all;1;3;0.0;37373
383359;all;all;1;3;0.0;37391
383422;all;all;1;0;0.0;37391
390506;none;all;1;0;0.0;38154
383612;all;all;1;0;0.0;37393
383617;none;all;1;2;0.0;37393
383649;all;all;1;0;0.0;37393
383705;all;all;1;0;0.0;37394
383707;none;all;1;0;0.0;37394
383722;all;all;1;0;0.0;37394
383752;all;all;1;2;0.0;37394
383776;all;all;1;3;0.0;37395
383834;all;none;1;0;0.0;37399
402471;all;all;1;0;0.0;39878
383841;all;none;1;0;0.0;37399
383911;all;all;1;0;0.0;37412
383993;all;all;1;2;0.0;37414
384082;none;none;1;1;0.0;37432
384099;all;all;1;4;0.0;37433
390445;all;all;1;4;0.0;38154
384157;all;all;1;0;0.0;37434
384213;none;all;1;0;0.0;37450
397766;all;all;1;0;0.0;38962
400987;all;all;1;0;0.0;39812
404659;none;all;1;0;0.0;40214
384289;all;all;1;1;0.0;37450
384295;all;all;1;0;0.0;37450
384322;all;all;1;0;0.0;37451
384334;all;all;1;1;0.0;37451
384392;all;all;1;0;0.0;37452
384422;all;all;1;4;0.0;37452
384423;all;all;1;2;0.0;37452
404531;none;all;1;2;0.0;40212
384546;all;none;1;1;0.0;37453
386942;all;all;1;1;0.0;37884
384569;all;all;1;0;0.0;37454
384587;all;all;1;2;0.0;37454
388218;all;all;1;2;0.0;38052
408976;all;all;1;2;0.0;41001
384630;all;none;1;2;0.0;37454
384633;all;all;1;2;0.0;37454
384652;none;all;1;0;0.0;37458
384682;all;all;1;2;0.0;37470
384750;none;none;1;0;0.0;37470
384831;all;all;1;4;0.0;37471
384865;all;all;1;0;0.0;37472
384922;all;none;1;2;0.0;37472
390330;none;all;1;2;0.0;38153
384958;none;all;1;2;0.0;37473
384992;all;none;1;2;0.0;37473
385111;all;all;1;2;0.0;37474
387514;all;all;1;2;0.0;37954
391518;none;all;1;2;0.0;38271
385127;all;all;1;1;0.0;37474
385188;none;all;1;1;0.0;37478
386325;all;none;1;1;0.0;37759
397647;none;all;1;1;0.0;38917
402477;all;all;1;1;0.0;39878
408484;all;all;1;1;0.0;40917
385217;all;all;1;2;0.0;37490
385306;all;all;1;2;0.0;37493
385451;all;all;1;0;0.0;37513
385453;all;all;1;2;0.0;37513
385575;all;all;1;1;0.0;37553
385651;all;all;1;2;0.0;37591
385664;none;all;1;2;0.0;37592
409600;all;none;1;2;0.0;41111
409641;all;all;1;2;0.0;41112
385675;none;all;1;1;0.0;37594
385764;all;all;1;0;0.0;37631
385840;none;all;1;3;0.0;37651
396978;none;all;1;3;0.0;38770
385885;none;all;1;4;0.0;37654
385912;all;all;1;1;0.0;37670
410484;all;all;1;1;0.0;41231
385920;none;all;1;0;0.0;37670
386027;all;all;1;3;0.0;37690
391710;none;all;1;3;0.0;38291
392495;all;none;1;3;0.0;38370
407945;all;all;1;3;0.0;40894
386151;all;all;1;0;0.0;37718
398701;all;all;1;0;0.0;39155
386260;all;all;1;2;0.0;37751
392914;all;all;1;2;0.0;38391
404817;all;all;1;2;0.0;40232
386359;all;all;1;2;0.0;37771
386428;all;none;1;0;0.0;37790
386480;all;all;1;0;0.0;37793
386520;all;all;1;1;0.0;37799
386562;all;all;1;0;0.0;37813
386599;all;all;1;0;0.0;37830
386616;all;none;1;0;0.0;37832
392437;all;all;1;0;0.0;38354
408061;all;all;1;0;0.0;40910
386642;all;all;1;2;0.0;37834
388501;none;all;1;2;0.0;38071
386696;all;all;1;0;0.0;37851
386717;all;all;1;2;0.0;37852
386753;all;none;1;1;0.0;37853
386756;all;all;1;0;0.0;37854
386894;none;all;1;3;0.0;37874
386946;all;all;1;2;0.0;37890
386966;all;all;1;0;0.0;37890
392694;all;all;1;0;0.0;38373
387005;none;none;1;0;0.0;37891
387025;none;all;1;2;0.0;37892
387089;all;all;1;0;0.0;37894
394243;all;all;1;0;0.0;38573
396161;all;all;1;0;0.0;38734
387105;all;none;1;0;0.0;37894
387160;all;all;1;0;0.0;37911
387169;all;none;1;2;0.0;37911
387293;all;all;1;1;0.0;37917
387301;none;all;1;1;0.0;37919
387466;all;all;1;2;0.0;37952
393118;all;all;1;2;0.0;38394
387553;none;none;1;4;0.0;37970
387602;all;all;1;1;0.0;37972
387619;all;all;1;2;0.0;37972
387632;all;all;1;0;0.0;37973
387653;all;all;1;1;0.0;37973
387708;none;all;1;1;0.0;37990
387725;all;all;1;1;0.0;37991
402996;all;none;1;1;0.0;39993
387794;none;all;1;2;0.0;37993
387828;all;all;1;0;0.0;37997
388013;none;none;1;0;0.0;38033
388078;all;all;1;0;0.0;38050
388106;all;all;1;0;0.0;38050
388115;none;all;1;0;0.0;38050
388175;all;none;1;0;0.0;38051
395204;all;all;1;0;0.0;38693
396190;all;all;1;0;0.0;38734
406923;none;all;1;0;0.0;40811
388178;none;all;1;0;0.0;38051
388203;none;all;1;1;0.0;38052
391784;all;all;1;1;0.0;38293
409873;all;none;1;1;0.0;41133
388207;all;all;1;1;0.0;38052
388234;all;all;1;2;0.0;38052
396119;all;all;1;2;0.0;38734
388286;all;all;1;1;0.0;38053
388291;all;all;1;0;0.0;38053
388328;all;all;1;2;0.0;38054
407907;all;all;1;2;0.0;40894
388343;all;all;1;2;0.0;38054
388351;all;all;1;2;0.0;38054
388359;none;all;1;1;0.0;38054
388370;all;all;1;1;0.0;38054
388374;all;all;1;0;0.0;38054
388527;all;all;1;0;0.0;38071
388536;none;none;1;0;0.0;38071
388565;all;all;1;0;0.0;38072
388843;all;all;1;0;0.0;38092
389063;none;none;1;0;0.0;38130
404196;all;all;1;0;0.0;40173
389105;all;all;1;3;0.0;38130
402589;all;all;1;3;0.0;39892
389253;all;all;1;0;0.0;38131
405008;all;all;1;0;0.0;40241
389299;all;all;1;1;0.0;38131
389315;none;all;1;1;0.0;38132
389622;all;none;1;3;0.0;38134
389649;all;all;1;1;0.0;38134
403527;all;all;1;1;0.0;40131
389676;none;all;1;1;0.0;38134
389741;all;all;1;0;0.0;38136
389828;all;all;1;3;0.0;38150
392347;all;all;1;3;0.0;38352
406074;all;all;1;3;0.0;40631
389997;all;all;1;2;0.0;38151
390007;all;all;1;0;0.0;38151
390089;all;all;1;1;0.0;38152
390146;all;none;1;0;0.0;38152
390161;none;all;1;1;0.0;38152
390208;all;all;1;0;0.0;38152
390568;all;all;1;0;0.0;38156
390596;none;none;1;1;0.0;38157
390696;none;none;1;0;0.0;38172
390776;none;none;1;4;0.0;38174
390828;none;none;1;2;0.0;38191
390829;none;none;1;2;0.0;38191
390839;none;none;1;3;0.0;38191
390869;none;none;1;1;0.0;38192
408037;all;none;1;1;0.0;40910
390870;none;none;1;2;0.0;38192
406333;all;none;1;2;0.0;40673
390874;none;none;1;1;0.0;38192
390884;none;none;1;0;0.0;38193
390915;none;none;1;0;0.0;38194
391049;all;all;1;0;0.0;38212
391097;all;all;1;1;0.0;38214
406445;all;all;1;1;0.0;40694
409927;none;all;1;1;0.0;41134
410421;all;all;1;1;0.0;41214
391343;all;all;1;1;0.0;38250
391405;none;all;1;2;0.0;38252
391430;all;all;1;3;0.0;38253
403033;all;all;1;3;0.0;40010
391516;all;all;1;0;0.0;38271
391532;all;all;1;0;0.0;38271
391562;all;all;1;10;0.0;38272
391604;all;none;1;0;0.0;38274
391677;all;all;1;1;0.0;38290
406030;all;all;1;1;0.0;40613
391696;all;all;1;2;0.0;38291
394311;all;all;1;2;0.0;38600
391720;all;all;1;2;0.0;38292
391843;all;all;1;0;0.0;38310
391883;none;all;1;2;0.0;38311
391910;all;all;1;0;0.0;38312
392180;all;none;1;2;0.0;38334
392303;all;all;1;4;0.0;38351
392375;none;all;1;1;0.0;38353
392378;all;all;1;0;0.0;38353
392527;all;all;1;1;0.0;38370
392528;none;all;1;0;0.0;38370
392560;all;all;1;2;0.0;38371
392642;all;all;1;2;0.0;38372
407567;all;none;1;2;0.0;40890
392975;all;all;1;1;0.0;38392
393110;all;all;1;4;0.0;38394
393131;all;all;1;0;0.0;38394
393250;all;all;1;0;0.0;38432
403377;none;all;1;0;0.0;40110
393253;all;none;1;0;0.0;38433
393296;all;all;1;2;0.0;38450
393305;all;none;1;3;0.0;38450
393322;all;none;1;2;0.0;38450
393410;all;all;1;0;0.0;38452
403359;all;all;1;0;0.0;40093
393484;none;none;1;10;0.0;38453
393530;none;all;1;2;0.0;38454
396058;all;none;1;2;0.0;38733
393587;all;all;1;1;0.0;38470
393592;all;all;1;1;0.0;38470
393636;all;all;1;2;0.0;38470
393744;all;none;1;0;0.0;38472
393789;all;all;1;0;0.0;38473
393873;all;all;1;2;0.0;38474
393955;all;all;1;2;0.0;38492
394024;all;all;1;0;0.0;38513
394043;all;all;1;0;0.0;38516
394153;all;none;1;1;0.0;38552
401969;all;all;1;1;0.0;39871
394214;all;all;1;0;0.0;38571
394364;all;all;1;0;0.0;38610
409552;all;all;1;0;0.0;41094
394375;all;none;1;0;0.0;38611
394435;all;none;1;1;0.0;38612
401020;all;all;1;1;0.0;39814
394499;all;all;1;0;0.0;38613
394624;none;all;1;2;0.0;38631
394640;all;all;1;2;0.0;38631
394696;all;all;1;0;0.0;38632
394729;none;all;1;0;0.0;38633
395103;all;all;1;0;0.0;38691
395239;all;all;1;0;0.0;38694
395478;none;none;1;1;0.0;38714
395590;none;all;1;3;0.0;38723
395684;all;all;1;1;0.0;38730
395740;all;all;1;0;0.0;38731
395756;none;all;1;2;0.0;38731
395980;none;all;1;2;0.0;38732
396017;all;all;1;2;0.0;38733
396220;all;all;1;0;0.0;38734
396391;all;all;1;0;0.0;38751
396494;all;none;1;2;0.0;38751
396713;none;all;1;0;0.0;38753
396715;all;all;1;1;0.0;38753
396750;all;none;1;1;0.0;38754
396764;none;none;1;1;0.0;38754
396784;all;all;1;0;0.0;38754
396789;all;all;1;0;0.0;38754
410788;all;all;1;0;0.0;41310
396847;all;all;1;0;0.0;38755
408478;all;all;1;0;0.0;40916
396895;all;all;1;0;0.0;38757
396900;all;all;1;1;0.0;38757
397963;all;all;1;1;0.0;38997
405626;all;all;1;1;0.0;40475
406856;none;none;1;1;0.0;40798
396919;all;all;1;0;0.0;38758
406136;all;all;1;0;0.0;40638
396925;all;all;1;1;0.0;38758
399832;all;all;1;1;0.0;39637
397023;all;all;1;2;0.0;38773
398825;all;all;1;2;0.0;39211
397053;all;all;1;0;0.0;38790
397097;all;all;1;1;0.0;38793
397352;all;none;1;0;0.0;38871
407439;all;all;1;0;0.0;40873
397381;all;all;1;0;0.0;38873
397392;all;all;1;0;0.0;38874
397436;all;all;1;2;0.0;38890
397466;all;all;1;0;0.0;38891
397587;all;all;1;0;0.0;38912
397598;all;all;1;1;0.0;38912
397736;all;all;1;0;0.0;38952
408313;all;all;1;0;0.0;40913
397765;all;none;1;2;0.0;38962
397799;all;none;1;2;0.0;38971
397839;all;all;1;2;0.0;38973
397894;all;all;1;0;0.0;38990
398472;all;all;1;0;0.0;39073
397901;none;none;1;0;0.0;38991
397902;none;none;1;2;0.0;38991
408681;none;none;1;2;0.0;40951
398021;all;all;1;0;0.0;39012
398073;all;all;1;0;0.0;39030
398091;all;all;1;0;0.0;39031
398121;all;all;1;2;0.0;39034
398138;all;none;1;0;0.0;39037
404344;all;all;1;0;0.0;40199
398167;none;all;1;2;0.0;39050
402641;all;all;1;2;0.0;39894
398254;all;all;1;2;0.0;39052
398295;none;all;1;0;0.0;39053
398306;none;all;1;0;0.0;39053
398332;none;all;1;2;0.0;39054
398359;all;all;1;0;0.0;39070
398639;all;all;1;1;0.0;39133
406599;none;all;1;1;0.0;40733
398673;none;none;1;2;0.0;39151
398728;all;all;1;0;0.0;39172
408585;none;none;1;0;0.0;40932
398768;all;all;1;2;0.0;39192
398771;all;none;1;2;0.0;39192
398793;all;all;1;0;0.0;39202
398876;all;all;1;3;0.0;39214
399010;all;all;1;0;0.0;39254
399033;all;all;1;2;0.0;39272
399040;none;all;1;2;0.0;39273
399119;all;none;1;0;0.0;39292
399224;all;all;1;2;0.0;39314
399233;all;all;1;2;0.0;39314
399238;all;all;1;1;0.0;39315
399337;all;none;1;2;0.0;39354
409577;all;all;1;2;0.0;41110
399441;none;all;1;2;0.0;39430
399511;all;all;1;0;0.0;39471
401993;all;all;1;0;0.0;39871
399689;all;all;1;2;0.0;39574
399779;all;all;1;2;0.0;39613
399938;all;all;1;1;0.0;39654
400023;all;none;1;1;0.0;39674
400105;none;all;1;0;0.0;39691
400161;none;all;1;2;0.0;39694
400186;all;none;1;2;0.0;39694
400203;none;all;1;0;0.0;39710
400214;all;all;1;2;0.0;39711
400305;all;all;1;0;0.0;39719
400331;none;all;1;0;0.0;39730
400332;all;all;1;3;0.0;39730
400501;all;all;1;4;0.0;39734
400518;all;all;1;3;0.0;39734
407845;all;all;1;3;0.0;40893
400565;none;all;1;2;0.0;39750
400623;all;all;1;0;0.0;39751
400627;all;all;1;2;0.0;39751
400818;all;all;1;1;0.0;39770
400826;all;all;1;0;0.0;39771
400918;all;all;1;0;0.0;39793
400920;all;none;1;3;0.0;39794
400951;all;none;1;2;0.0;39810
400974;all;all;1;2;0.0;39811
401082;all;all;1;0;0.0;39833
401085;none;none;1;2;0.0;39833
401102;all;all;1;0;0.0;39836
401251;all;all;1;0;0.0;39850
401263;all;none;1;1;0.0;39850
401361;all;all;1;2;0.0;39851
401465;all;all;1;1;0.0;39852
401476;none;all;1;2;0.0;39852
401582;all;all;1;0;0.0;39853
401639;all;all;1;2;0.0;39853
401746;all;all;1;1;0.0;39854
401753;none;all;1;0;0.0;39854
401763;all;all;1;0;0.0;39854
401872;all;none;1;0;0.0;39870
401907;all;all;1;0;0.0;39870
401937;all;all;1;1;0.0;39870
402018;all;all;1;1;0.0;39871
402227;all;all;1;3;0.0;39873
402472;all;all;1;0;0.0;39878
402482;all;none;1;0;0.0;39879
402632;all;none;1;4;0.0;39894
402810;all;all;1;4;0.0;39930
402831;all;all;1;2;0.0;39932
402840;all;all;1;0;0.0;39933
402903;all;all;1;0;0.0;39956
402924;all;all;1;1;0.0;39970
403110;none;all;1;0;0.0;40030
403164;all;all;1;0;0.0;40036
403323;all;all;1;0;0.0;40090
403667;none;all;1;1;0.0;40133
403778;all;all;1;3;0.0;40150
403861;all;all;1;0;0.0;40151
403870;all;all;1;0;0.0;40151
404012;none;all;1;0;0.0;40154
404080;all;all;1;0;0.0;40156
406365;none;all;1;0;0.0;40677
404108;none;none;1;1;0.0;40158
404116;none;all;1;2;0.0;40159
404378;all;all;1;0;0.0;40210
404696;all;none;1;0;0.0;40230
404761;all;all;1;1;0.0;40231
404906;all;all;1;1;0.0;40234
404934;all;all;1;0;0.0;40234
404951;all;all;1;0;0.0;40235
404963;none;none;1;1;0.0;40236
404991;all;all;1;0;0.0;40238
405118;none;all;1;0;0.0;40270
405179;all;all;1;2;0.0;40274
405267;all;all;1;0;0.0;40330
405286;all;all;1;2;0.0;40333
405353;all;all;1;2;0.0;40373
405428;all;all;1;0;0.0;40411
405445;all;all;1;0;0.0;40412
405507;none;all;1;1;0.0;40433
405593;all;all;1;2;0.0;40470
405706;all;all;1;3;0.0;40511
405737;all;none;1;1;0.0;40515
406054;all;none;1;2;0.0;40630
406332;all;all;1;0;0.0;40673
406389;all;none;1;1;0.0;40690
406404;none;all;1;0;0.0;40691
406809;none;none;1;0;0.0;40791
406859;none;none;1;0;0.0;40799
406872;all;all;1;0;0.0;40810
406873;none;all;1;0;0.0;40810
407000;all;all;1;1;0.0;40812
407024;all;all;1;0;0.0;40813
407026;all;none;1;1;0.0;40813
407122;all;all;1;0;0.0;40830
407164;all;all;1;2;0.0;40831
407210;none;all;1;1;0.0;40832
407233;all;all;1;3;0.0;40833
407467;all;none;1;1;0.0;40878
407494;all;all;1;2;0.0;40890
407550;none;all;1;2;0.0;40890
407556;all;all;1;1;0.0;40890
407888;all;all;1;2;0.0;40893
407979;all;all;1;0;0.0;40894
408086;all;all;1;3;0.0;40910
408254;none;all;1;0;0.0;40912
408329;all;none;1;0;0.0;40913
408331;all;none;1;1;0.0;40913
409568;all;none;1;1;0.0;41110
408361;all;all;1;0;0.0;40913
408381;all;all;1;1;0.0;40914
408394;all;all;1;1;0.0;40914
408439;all;all;1;2;0.0;40914
408475;all;all;1;2;0.0;40916
408542;none;none;1;0;0.0;40930
408551;none;none;1;2;0.0;40930
408594;none;none;1;3;0.0;40932
408642;none;none;1;2;0.0;40934
408661;none;none;1;2;0.0;40950
408667;none;none;1;0;0.0;40950
408688;none;none;1;2;0.0;40952
408724;none;none;1;1;0.0;40954
408744;none;none;1;0;0.0;40959
408833;all;all;1;2;0.0;40973
409038;all;all;1;0;0.0;41012
409149;all;all;1;2;0.0;41033
409158;none;all;1;0;0.0;41034
409262;all;all;1;2;0.0;41053
409335;all;all;1;0;0.0;41071
409336;all;all;1;3;0.0;41071
409391;all;none;1;2;0.0;41074
409533;all;all;1;0;0.0;41094
409626;all;all;1;0;0.0;41112
409646;none;all;1;0;0.0;41113
409703;none;all;1;1;0.0;41116
409713;all;all;1;1;0.0;41118
409872;all;all;1;2;0.0;41133
409980;all;none;1;0;0.0;41150
409986;none;all;1;0;0.0;41150
410169;all;all;1;1;0.0;41158
410274;all;all;1;3;0.0;41210
410331;all;all;1;2;0.0;41212
410338;all;all;1;2;0.0;41212
410381;none;none;1;2;0.0;41213
410391;all;all;1;2;0.0;41213
410466;all;all;1;3;0.0;41230
410554;all;none;1;0;0.0;41233
410637;all;none;1;0;0.0;41238
410672;all;all;1;1;0.0;41252
410714;all;all;1;3;0.0;41272
410793;all;none;1;1;0.0;41311
411011;all;all;1;1;0.0;41373
411036;all;all;1;0;0.0;41373
411038;all;all;1;1;0.0;41373
411130;all;all;1;2;0.0;41391
411231;all;all;1;0;0.0;41399
411245;all;all;1;1;0.0;41450
448291;none;all;1;1;0.0;55051
411255;all;none;1;0;0.0;41453
411530;none;all;1;0;0.0;41620
420010;all;all;1;0;0.0;43856
420780;all;none;1;0;0.0;44467
411293;all;none;1;0;0.0;41462
431477;all;all;1;0;0.0;48850
411309;all;none;1;0;0.0;41465
413958;all;all;1;0;0.0;41868
419016;none;all;1;0;0.0;43459
421018;none;none;1;0;0.0;44668
425760;all;all;1;0;0.0;47454
411310;all;none;1;0;0.0;41465
411311;all;none;1;0;0.0;41466
411922;all;all;1;0;0.0;41667
413888;all;all;1;0;0.0;41867
418586;all;all;1;0;0.0;43267
421523;all;all;1;0;0.0;45064
425967;all;all;1;0;0.0;47458
430009;all;all;1;0;0.0;47814
431805;none;all;1;0;0.0;48862
434278;all;all;1;0;0.0;49267
435853;all;none;1;0;0.0;49672
436877;all;none;1;0;0.0;50868
444526;all;all;1;0;0.0;53456
444865;none;all;1;0;0.0;53650
444916;all;all;1;0;0.0;53655
445608;none;all;1;0;0.0;53850
411315;all;all;1;2;0.0;41467
413759;all;none;1;2;0.0;41864
414269;all;all;1;2;0.0;41874
430029;all;none;1;2;0.0;47855
411316;all;all;1;0;0.0;41467
413551;all;all;1;0;0.0;41860
440310;all;all;1;0;0.0;52467
440509;all;all;1;0;0.0;52605
448561;all;all;1;0;0.0;55072
411321;all;all;1;0;0.0;41468
417288;none;all;1;0;0.0;42651
411362;none;all;1;0;0.0;41552
411369;all;all;1;0;0.0;41554
437851;none;all;1;0;0.0;51554
444307;none;all;1;0;0.0;53365
411403;all;all;1;2;0.0;41565
429697;all;all;1;2;0.0;47752
446305;all;all;1;2;0.0;53967
448800;all;all;1;2;0.0;55171
411421;all;all;1;0;0.0;41571
411422;all;none;1;0;0.0;41572
412200;all;none;1;0;0.0;41754
447980;all;all;1;0;0.0;54760
411425;all;all;1;0;0.0;41573
412173;none;all;1;0;0.0;41752
411433;all;all;1;0;0.0;41575
447517;all;all;1;0;0.0;54378
447678;all;all;1;0;0.0;54395
411472;all;all;1;1;0.0;41588
411494;all;all;1;0;0.0;41595
439090;none;none;1;0;0.0;52192
442772;all;none;1;0;0.0;52789
445407;none;none;1;0;0.0;53778
411507;all;none;1;0;0.0;41599
416320;all;all;1;0;0.0;41997
422854;all;all;1;0;0.0;46591
411516;all;all;1;0;0.0;41607
411528;all;all;1;0;0.0;41619
413577;all;all;1;0;0.0;41861
414197;all;none;1;0;0.0;41873
423806;none;all;1;0;0.0;46866
430818;all;all;1;0;0.0;48455
439452;all;none;1;0;0.0;52267
441169;all;all;1;0;0.0;52665
411540;none;all;1;0;0.0;41650
441012;all;none;1;0;0.0;52661
443638;all;all;1;0;0.0;53060
411549;none;none;1;4;0.0;41650
411557;all;none;1;1;0.0;41650
414150;none;none;1;1;0.0;41872
422059;all;all;1;1;0.0;46052
425898;all;all;1;1;0.0;47457
426608;all;all;1;1;0.0;47468
431106;all;all;1;1;0.0;48652
439312;all;all;1;1;0.0;52259
443194;none;none;1;1;0.0;52864
448262;all;all;1;1;0.0;55018
411586;none;all;1;2;0.0;41652
411608;all;all;1;1;0.0;41653
413528;all;all;1;1;0.0;41860
416552;all;none;1;1;0.0;42073
420483;all;all;1;1;0.0;44268
420961;all;none;1;1;0.0;44659
431527;all;none;1;1;0.0;48852
433753;all;all;1;1;0.0;49224
433853;all;all;1;1;0.0;49253
434040;all;all;1;1;0.0;49259
434149;all;none;1;1;0.0;49263
440533;all;all;1;1;0.0;52618
445040;all;all;1;1;0.0;53666
446679;all;all;1;1;0.0;54051
411632;all;all;1;1;0.0;41654
414007;all;all;1;1;0.0;41869
435582;all;all;1;1;0.0;49473
439395;all;all;1;1;0.0;52264
411712;all;all;1;1;0.0;41657
411748;all;all;1;0;0.0;41659
411916;none;none;1;0;0.0;41667
426064;all;all;1;0;0.0;47459
448380;all;all;1;0;0.0;55058
411777;all;all;1;0;0.0;41660
416540;all;all;1;0;0.0;42070
425370;all;all;1;0;0.0;47405
411847;all;all;1;0;0.0;41664
421807;none;all;1;0;0.0;45469
411873;all;all;1;1;0.0;41665
429592;all;all;1;1;0.0;47666
446913;all;all;1;1;0.0;54255
411940;all;all;1;0;0.0;41668
429454;none;all;1;0;0.0;47653
446877;all;all;1;0;0.0;54253
411945;all;all;1;2;0.0;41668
417087;all;all;1;2;0.0;42466
411968;all;all;1;0;0.0;41669
420205;all;all;1;0;0.0;44053
434373;all;all;1;0;0.0;49271
438504;none;all;1;0;0.0;51857
440555;all;all;1;0;0.0;52650
444992;none;all;1;0;0.0;53662
411989;all;all;1;1;0.0;41670
412950;all;all;1;1;0.0;41813
413635;all;none;1;1;0.0;41862
414261;all;none;1;1;0.0;41874
430429;all;all;1;1;0.0;48256
445704;all;all;1;1;0.0;53855
448441;all;all;1;1;0.0;55063
411992;none;all;1;0;0.0;41670
420926;all;all;1;0;0.0;44654
411999;all;all;1;1;0.0;41671
422620;all;all;1;1;0.0;46473
447165;all;none;1;1;0.0;54271
412006;all;all;1;0;0.0;41671
413185;none;none;1;0;0.0;41853
414233;all;all;1;0;0.0;41874
422492;all;all;1;0;0.0;46456
425688;all;none;1;0;0.0;47453
446981;all;all;1;0;0.0;54260
412018;all;none;1;0;0.0;41671
420736;all;none;1;0;0.0;44409
412059;all;all;1;0;0.0;41673
420511;none;all;1;0;0.0;44273
421529;all;all;1;0;0.0;45066
425698;all;all;1;0;0.0;47453
425776;all;all;1;0;0.0;47455
425979;none;all;1;0;0.0;47458
426513;all;all;1;0;0.0;47467
432115;none;all;1;0;0.0;48872
433844;none;all;1;0;0.0;49253
433904;none;none;1;0;0.0;49255
436467;all;all;1;0;0.0;50460
439300;none;all;1;0;0.0;52259
440933;all;all;1;0;0.0;52659
440951;none;none;1;0;0.0;52660
445880;all;all;1;0;0.0;53864
446879;all;all;1;0;0.0;54253
412070;none;all;1;1;0.0;41674
413734;all;all;1;1;0.0;41864
431097;all;all;1;1;0.0;48650
444101;all;all;1;1;0.0;53259
447034;all;all;1;1;0.0;54263
412073;none;all;1;0;0.0;41674
413513;all;all;1;0;0.0;41860
425879;all;all;1;0;0.0;47456
426359;all;none;1;0;0.0;47464
436658;all;all;1;0;0.0;50665
441235;none;all;1;0;0.0;52667
412079;all;all;1;0;0.0;41674
413300;all;all;1;0;0.0;41856
413669;all;all;1;0;0.0;41863
416861;all;all;1;0;0.0;42273
434234;all;none;1;0;0.0;49266
435465;all;all;1;0;0.0;49454
437283;all;all;1;0;0.0;51265
437760;all;all;1;0;0.0;51470
444971;none;all;1;0;0.0;53660
445701;none;none;1;0;0.0;53855
448548;all;all;1;0;0.0;55071
412109;all;all;1;0;0.0;41722
443763;all;none;1;0;0.0;53151
448629;none;all;1;0;0.0;55152
412113;all;all;1;0;0.0;41728
412143;all;none;1;0;0.0;41750
415111;none;none;1;0;0.0;41967
415380;all;all;1;0;0.0;41974
421832;all;none;1;0;0.0;45558
422344;all;all;1;0;0.0;46362
433441;none;all;1;0;0.0;49151
412147;none;all;1;0;0.0;41751
412176;all;none;1;0;0.0;41753
414728;all;none;1;0;0.0;41958
447340;all;none;1;0;0.0;54360
412178;none;none;1;1;0.0;41753
420547;all;all;1;1;0.0;44354
435625;all;all;1;1;0.0;49557
440348;all;all;1;1;0.0;52550
412201;all;all;1;0;0.0;41754
444671;all;all;1;0;0.0;53554
412259;all;all;1;0;0.0;41758
412417;all;all;1;0;0.0;41768
414680;none;all;1;0;0.0;41957
414907;all;all;1;0;0.0;41962
427647;all;none;1;0;0.0;47562
448620;all;all;1;0;0.0;55151
412270;all;all;1;0;0.0;41758
412308;all;none;1;0;0.0;41761
427896;all;all;1;0;0.0;47568
412335;all;all;1;0;0.0;41763
414995;all;all;1;0;0.0;41965
446110;none;all;1;0;0.0;53951
447400;all;all;1;0;0.0;54366
447453;all;all;1;0;0.0;54371
448597;none;all;1;0;0.0;55103
412365;all;all;1;0;0.0;41764
415214;all;all;1;0;0.0;41970
427500;all;all;1;0;0.0;47559
442268;none;all;1;0;0.0;52772
412381;all;none;1;1;0.0;41765
412427;all;all;1;1;0.0;41768
412451;all;all;1;1;0.0;41770
427121;all;all;1;1;0.0;47550
447360;all;all;1;1;0.0;54362
412453;all;all;1;0;0.0;41770
422144;all;all;1;0;0.0;46168
412466;all;all;1;0;0.0;41771
427819;all;all;1;0;0.0;47566
447277;all;all;1;0;0.0;54354
412482;none;none;1;0;0.0;41772
415210;none;all;1;0;0.0;41970
419344;all;all;1;0;0.0;43556
439818;all;none;1;0;0.0;52366
439930;none;all;1;0;0.0;52374
443849;none;all;1;0;0.0;53167
412517;none;all;1;0;0.0;41774
427764;all;all;1;0;0.0;47565
427989;all;all;1;0;0.0;47570
429757;all;all;1;0;0.0;47762
430104;all;none;1;0;0.0;47957
441628;all;all;1;0;0.0;52751
447329;none;all;1;0;0.0;54359
412538;all;all;1;0;0.0;41775
412553;all;all;1;0;0.0;41776
412560;all;none;1;0;0.0;41777
416113;all;all;1;0;0.0;41992
424454;all;none;1;0;0.0;46982
429120;all;all;1;0;0.0;47594
412572;all;none;1;0;0.0;41778
412585;all;none;1;0;0.0;41779
412614;all;none;1;0;0.0;41780
412625;all;all;1;0;0.0;41781
415510;none;all;1;0;0.0;41977
415623;all;none;1;0;0.0;41980
415779;all;none;1;0;0.0;41983
416389;all;none;1;0;0.0;41998
418816;all;all;1;0;0.0;43393
424710;all;all;1;0;0.0;46999
424946;all;all;1;0;0.0;47185
428221;all;all;1;0;0.0;47576
429351;all;all;1;0;0.0;47598
429907;all;none;1;0;0.0;47785
430669;none;all;1;0;0.0;48376
442616;all;all;1;0;0.0;52784
442657;all;all;1;0;0.0;52785
442717;all;all;1;0;0.0;52787
412649;all;none;1;0;0.0;41783
424977;none;all;1;0;0.0;47195
436164;all;all;1;0;0.0;50186
412687;all;all;1;0;0.0;41785
412715;all;all;1;0;0.0;41787
421269;all;all;1;0;0.0;44794
443465;none;none;1;0;0.0;52985
412724;all;all;1;0;0.0;41787
423356;all;all;1;0;0.0;46789
412738;all;all;1;0;0.0;41788
417970;all;all;1;0;0.0;42985
436375;all;none;1;0;0.0;50376
412759;all;all;1;2;0.0;41790
435319;all;all;1;2;0.0;49394
412824;all;all;1;0;0.0;41794
412877;all;all;1;0;0.0;41797
449025;all;all;1;0;0.0;55198
412878;none;all;1;0;0.0;41797
430715;all;all;1;0;0.0;48386
433613;none;all;1;0;0.0;49184
435079;all;none;1;0;0.0;49382
412884;all;all;1;0;0.0;41798
415756;all;all;1;0;0.0;41983
418773;all;all;1;0;0.0;43382
438399;all;all;1;0;0.0;51786
443529;none;none;1;0;0.0;52998
412886;all;all;1;0;0.0;41798
415549;all;all;1;0;0.0;41978
435231;all;all;1;0;0.0;49389
438039;all;all;1;0;0.0;51581
442920;all;all;1;0;0.0;52794
412888;none;all;1;0;0.0;41798
415806;all;all;1;0;0.0;41984
412919;all;all;1;1;0.0;41802
412922;all;all;1;1;0.0;41803
412926;none;all;1;0;0.0;41805
414200;all;none;1;0;0.0;41873
425023;all;none;1;0;0.0;47253
429425;all;none;1;0;0.0;47650
412941;none;all;1;2;0.0;41810
431882;all;none;1;2;0.0;48864
439262;none;none;1;2;0.0;52256
412995;all;all;1;2;0.0;41850
413042;none;all;1;1;0.0;41851
418159;all;all;1;1;0.0;43066
418588;all;all;1;1;0.0;43267
431194;all;all;1;1;0.0;48670
447881;all;all;1;1;0.0;54650
448507;all;all;1;1;0.0;55068
413090;none;none;1;0;0.0;41852
413967;none;all;1;0;0.0;41868
443150;none;none;1;0;0.0;52859
413145;none;all;1;0;0.0;41853
426008;none;none;1;0;0.0;47458
413164;all;all;1;0;0.0;41853
413230;all;all;1;0;0.0;41854
416833;all;all;1;0;0.0;42267
420777;all;none;1;0;0.0;44465
439284;all;none;1;0;0.0;52258
413168;all;all;1;0;0.0;41853
413170;all;all;1;2;0.0;41853
416802;all;none;1;2;0.0;42260
436484;all;none;1;2;0.0;50466
413194;none;all;1;0;0.0;41854
413957;all;all;1;0;0.0;41868
416814;all;all;1;0;0.0;42262
421999;none;none;1;0;0.0;45872
429595;all;all;1;0;0.0;47667
430433;all;all;1;0;0.0;48257
430478;all;all;1;0;0.0;48264
431714;all;all;1;0;0.0;48858
432147;all;all;1;0;0.0;48873
437768;all;all;1;0;0.0;51470
443601;all;all;1;0;0.0;53056
445613;all;all;1;0;0.0;53850
413213;all;all;1;0;0.0;41854
424739;all;all;1;0;0.0;47053
426776;all;none;1;0;0.0;47471
413412;all;all;1;3;0.0;41858
420791;all;all;1;3;0.0;44471
439322;all;all;1;3;0.0;52260
446947;all;all;1;3;0.0;54257
413496;none;all;1;0;0.0;41859
423698;all;none;1;0;0.0;46861
413510;all;all;1;0;0.0;41860
433734;all;all;1;0;0.0;49214
440853;none;none;1;0;0.0;52657
448345;none;all;1;0;0.0;55055
413522;all;all;1;0;0.0;41860
413527;all;none;1;2;0.0;41860
413530;all;all;1;0;0.0;41860
436653;all;all;1;0;0.0;50663
447786;all;all;1;0;0.0;54471
413532;all;none;1;2;0.0;41860
436633;all;none;1;2;0.0;50658
413573;all;none;1;1;0.0;41861
413825;all;all;1;1;0.0;41866
413574;all;all;1;0;0.0;41861
420208;all;all;1;0;0.0;44054
413588;all;all;1;0;0.0;41861
413605;all;all;1;0;0.0;41861
425650;all;all;1;0;0.0;47453
426051;all;all;1;0;0.0;47459
437635;none;all;1;0;0.0;51457
413616;all;all;1;0;0.0;41862
413617;all;all;1;4;0.0;41862
422966;none;all;1;4;0.0;46656
441399;all;all;1;4;0.0;52671
413638;none;all;1;0;0.0;41862
429572;all;none;1;0;0.0;47664
430183;all;all;1;0;0.0;48052
431978;all;none;1;0;0.0;48868
440993;all;all;1;0;0.0;52661
448103;all;all;1;0;0.0;54860
413644;all;all;1;0;0.0;41862
425576;all;all;1;0;0.0;47452
413657;all;all;1;3;0.0;41862
425652;all;all;1;3;0.0;47453
430206;all;all;1;3;0.0;48058
413666;none;all;1;1;0.0;41863
414077;all;none;1;1;0.0;41871
445110;all;all;1;1;0.0;53672
413702;all;all;1;0;0.0;41863
413771;all;all;1;0;0.0;41865
418850;all;none;1;0;0.0;43407
448310;all;all;1;0;0.0;55053
413796;none;all;1;1;0.0;41865
419996;all;all;1;1;0.0;43852
423458;all;all;1;1;0.0;46821
413805;none;all;1;0;0.0;41865
448313;all;all;1;0;0.0;55053
413807;none;none;1;3;0.0;41865
413862;all;none;1;0;0.0;41866
425026;all;all;1;0;0.0;47254
433975;all;all;1;0;0.0;49257
445782;all;all;1;0;0.0;53859
448454;all;all;1;0;0.0;55064
413865;none;all;1;0;0.0;41866
431103;all;none;1;0;0.0;48651
413872;all;all;1;1;0.0;41867
429601;all;all;1;1;0.0;47667
431479;all;all;1;1;0.0;48850
437239;all;all;1;1;0.0;51259
413940;all;all;1;0;0.0;41868
414031;all;all;1;0;0.0;41870
433917;all;all;1;0;0.0;49255
414044;none;none;1;1;0.0;41870
433952;all;all;1;1;0.0;49256
448539;none;all;1;1;0.0;55070
414081;none;all;1;0;0.0;41871
416761;all;all;1;0;0.0;42250
423805;all;all;1;0;0.0;46866
448337;all;none;1;0;0.0;55055
414091;all;all;1;0;0.0;41871
414103;none;all;1;0;0.0;41871
417355;none;all;1;0;0.0;42658
421989;none;all;1;0;0.0;45863
439440;all;all;1;0;0.0;52266
444555;all;all;1;0;0.0;53461
446959;none;all;1;0;0.0;54258
448452;all;none;1;0;0.0;55064
414119;none;all;1;0;0.0;41871
422115;all;all;1;0;0.0;46074
425595;all;all;1;0;0.0;47452
437020;all;all;1;0;0.0;51054
437069;all;all;1;0;0.0;51071
438485;all;all;1;0;0.0;51854
440931;all;all;1;0;0.0;52659
448149;none;all;1;0;0.0;54874
448293;all;all;1;0;0.0;55051
414128;all;all;1;1;0.0;41872
414146;none;none;1;0;0.0;41872
437627;all;none;1;0;0.0;51456
414152;all;all;1;0;0.0;41872
418068;all;all;1;0;0.0;43055
419103;all;all;1;0;0.0;43465
435535;all;all;1;0;0.0;49466
445883;all;none;1;0;0.0;53864
414159;all;all;1;5;0.0;41872
414195;all;all;1;3;0.0;41873
421652;all;none;1;3;0.0;45255
437728;none;all;1;3;0.0;51466
441434;none;none;1;3;0.0;52672
414220;none;all;1;0;0.0;41873
418126;all;all;1;0;0.0;43062
420270;all;all;1;0;0.0;44072
440944;all;all;1;0;0.0;52659
441095;none;none;1;0;0.0;52663
414235;all;all;1;2;0.0;41874
414314;all;none;1;0;0.0;41913
420287;all;all;1;0;0.0;44155
421595;all;all;1;0;0.0;45171
434775;all;all;1;0;0.0;49364
441816;all;all;1;0;0.0;52757
414332;none;none;1;0;0.0;41926
415897;all;all;1;0;0.0;41986
416065;all;none;1;0;0.0;41990
416570;all;none;1;0;0.0;42138
420853;all;none;1;0;0.0;44579
422429;all;all;1;0;0.0;46398
429863;all;all;1;0;0.0;47779
414333;all;all;1;2;0.0;41927
424682;all;none;1;2;0.0;46997
414342;none;all;1;0;0.0;41933
414394;all;all;1;0;0.0;41950
420138;all;none;1;0;0.0;43974
424841;all;none;1;0;0.0;47114
427808;none;all;1;0;0.0;47566
414446;all;none;1;2;0.0;41951
414460;all;all;1;1;0.0;41952
418685;all;all;1;1;0.0;43360
436925;all;all;1;1;0.0;50961
414470;all;none;1;0;0.0;41952
415402;all;all;1;0;0.0;41974
416928;all;all;1;0;0.0;42372
419359;all;none;1;0;0.0;43557
420529;none;none;1;0;0.0;44321
422345;all;none;1;0;0.0;46363
424065;none;none;1;0;0.0;46952
432526;all;none;1;0;0.0;48966
443310;none;none;1;0;0.0;52955
414490;all;all;1;1;0.0;41952
414505;none;all;1;2;0.0;41953
419914;all;none;1;2;0.0;43758
414545;all;all;1;0;0.0;41954
414555;all;none;1;0;0.0;41954
414584;all;none;1;0;0.0;41955
414603;all;all;1;0;0.0;41955
414604;all;none;1;2;0.0;41955
414827;all;none;1;2;0.0;41960
417557;all;none;1;2;0.0;42758
414621;all;all;1;2;0.0;41956
414887;all;all;1;2;0.0;41962
419285;none;all;1;2;0.0;43551
430627;none;all;1;2;0.0;48366
434714;none;all;1;2;0.0;49361
437944;all;all;1;2;0.0;51567
414626;all;all;1;0;0.0;41956
414701;all;all;1;1;0.0;41957
414710;all;none;1;0;0.0;41958
427688;none;none;1;0;0.0;47563
430115;all;none;1;0;0.0;47965
414744;none;all;1;0;0.0;41959
419535;none;all;1;0;0.0;43573
414783;all;all;1;0;0.0;41959
414786;all;none;1;2;0.0;41960
427235;all;all;1;2;0.0;47553
443396;none;none;1;2;0.0;52971
447810;none;all;1;2;0.0;54557
414806;all;all;1;0;0.0;41960
441855;all;none;1;0;0.0;52758
414816;all;none;1;0;0.0;41960
414852;none;all;1;0;0.0;41961
415039;all;all;1;0;0.0;41966
414858;all;all;1;0;0.0;41961
415266;none;all;1;0;0.0;41971
437913;all;all;1;0;0.0;51563
441566;all;all;1;0;0.0;52721
443786;all;all;1;0;0.0;53155
414865;all;all;1;0;0.0;41961
420612;all;all;1;0;0.0;44369
414902;all;all;1;0;0.0;41962
415403;all;all;1;0;0.0;41974
417517;all;all;1;0;0.0;42751
439775;all;none;1;0;0.0;52362
415051;none;all;1;1;0.0;41966
415066;all;all;1;0;0.0;41966
424103;all;all;1;0;0.0;46955
443768;all;all;1;0;0.0;53152
415072;all;all;1;0;0.0;41966
446169;all;all;1;0;0.0;53956
448691;all;all;1;0;0.0;55159
415081;all;none;1;1;0.0;41967
415094;all;all;1;0;0.0;41967
415114;all;all;1;0;0.0;41967
415116;none;all;1;0;0.0;41967
420118;all;all;1;0;0.0;43964
415186;all;all;1;1;0.0;41969
415202;all;all;1;0;0.0;41969
415213;all;all;1;0;0.0;41970
415216;all;all;1;0;0.0;41970
431276;all;none;1;0;0.0;48764
441809;none;all;1;0;0.0;52757
415240;all;all;1;2;0.0;41970
415321;all;all;1;0;0.0;41972
418684;all;all;1;0;0.0;43360
420573;all;all;1;0;0.0;44360
437888;all;all;1;0;0.0;51559
415344;none;none;1;1;0.0;41973
415354;all;none;1;0;0.0;41973
415355;all;none;1;0;0.0;41973
415375;all;all;1;0;0.0;41974
415378;all;all;1;0;0.0;41974
415388;all;none;1;0;0.0;41974
415431;all;none;1;1;0.0;41975
435120;none;all;1;1;0.0;49384
415433;all;all;1;0;0.0;41975
422040;none;all;1;0;0.0;45987
424707;all;all;1;0;0.0;46999
440116;all;none;1;0;0.0;52390
415451;all;all;1;0;0.0;41975
415501;all;none;1;1;0.0;41977
432987;none;all;1;1;0.0;48988
435002;all;none;1;1;0.0;49378
435108;all;all;1;1;0.0;49383
438047;none;all;1;1;0.0;51582
440162;all;none;1;1;0.0;52394
442867;all;all;1;1;0.0;52793
415513;all;all;1;1;0.0;41977
416405;none;none;1;1;0.0;41999
415530;none;all;1;0;0.0;41977
415560;all;all;1;0;0.0;41978
419629;all;all;1;0;0.0;43582
415566;none;all;1;0;0.0;41978
427092;all;none;1;0;0.0;47544
428412;all;none;1;0;0.0;47580
442615;all;none;1;0;0.0;52784
444751;all;all;1;0;0.0;53575
445584;all;all;1;0;0.0;53799
447624;none;all;1;0;0.0;54389
415589;all;none;1;0;0.0;41979
415621;none;all;1;0;0.0;41980
436146;all;none;1;0;0.0;50177
415633;all;all;1;1;0.0;41980
418429;all;all;1;1;0.0;43189
423291;all;all;1;1;0.0;46779
428982;all;none;1;1;0.0;47591
443033;all;all;1;1;0.0;52798
415644;all;all;1;0;0.0;41980
424645;all;all;1;0;0.0;46995
415653;all;none;1;0;0.0;41980
442419;all;all;1;0;0.0;52777
415686;all;all;1;0;0.0;41981
422792;all;none;1;0;0.0;46578
415742;all;all;1;1;0.0;41983
435182;all;none;1;1;0.0;49387
436191;all;all;1;1;0.0;50199
415767;all;all;1;0;0.0;41983
432750;all;all;1;0;0.0;48977
415818;all;all;1;1;0.0;41984
445543;all;all;1;1;0.0;53794
415850;all;all;1;0;0.0;41985
416120;all;all;1;0;0.0;41992
448899;all;all;1;0;0.0;55183
415868;all;all;1;1;0.0;41986
418750;all;all;1;1;0.0;43376
428595;all;all;1;1;0.0;47583
415873;all;all;1;0;0.0;41986
432761;all;all;1;0;0.0;48978
433074;all;all;1;0;0.0;48992
415901;none;all;1;0;0.0;41986
422807;all;none;1;0;0.0;46581
424686;all;all;1;0;0.0;46998
428686;none;all;1;0;0.0;47585
442376;all;none;1;0;0.0;52775
447612;none;none;1;0;0.0;54388
415932;all;all;1;0;0.0;41987
415933;none;all;1;2;0.0;41987
432947;all;all;1;2;0.0;48986
436148;none;none;1;2;0.0;50178
415983;all;all;1;0;0.0;41988
415991;all;all;1;0;0.0;41989
416157;all;all;1;0;0.0;41993
419613;none;all;1;0;0.0;43580
419732;none;all;1;0;0.0;43592
416012;all;none;1;0;0.0;41989
416415;all;none;1;0;0.0;41999
427081;all;all;1;0;0.0;47538
430558;none;none;1;0;0.0;48330
433051;all;all;1;0;0.0;48991
436750;all;all;1;0;0.0;50776
416036;all;all;1;0;0.0;41990
433635;all;all;1;0;0.0;49188
416041;all;all;1;1;0.0;41990
416048;all;all;1;0;0.0;41990
428251;all;none;1;0;0.0;47576
428345;all;all;1;0;0.0;47578
429171;all;none;1;0;0.0;47595
429228;all;all;1;0;0.0;47596
435011;all;none;1;0;0.0;49378
442462;all;none;1;0;0.0;52779
416076;all;all;1;0;0.0;41991
424463;all;none;1;0;0.0;46982
428666;all;all;1;0;0.0;47585
428723;none;all;1;0;0.0;47586
428946;all;none;1;0;0.0;47590
448056;all;none;1;0;0.0;54795
416140;all;all;1;0;0.0;41992
428189;all;all;1;0;0.0;47575
416172;none;none;1;2;0.0;41993
416174;all;all;1;0;0.0;41993
423310;all;all;1;0;0.0;46782
416184;all;all;1;0;0.0;41993
432739;all;all;1;0;0.0;48977
416193;all;all;1;0;0.0;41994
444003;all;all;1;0;0.0;53198
416270;all;all;1;0;0.0;41995
428598;all;all;1;0;0.0;47583
436795;all;none;1;0;0.0;50797
416276;all;all;1;0;0.0;41996
417210;none;none;1;0;0.0;42577
424592;all;all;1;0;0.0;46991
424666;all;all;1;0;0.0;46996
429045;none;all;1;0;0.0;47592
436963;all;all;1;0;0.0;50980
439101;none;none;1;0;0.0;52196
416311;none;all;1;0;0.0;41996
432884;all;all;1;0;0.0;48983
416353;all;all;1;2;0.0;41997
428847;all;all;1;2;0.0;47588
429916;all;none;1;2;0.0;47787
442859;all;all;1;2;0.0;52792
445385;all;all;1;2;0.0;53775
416401;all;all;1;0;0.0;41999
416411;all;all;1;0;0.0;41999
428302;all;all;1;0;0.0;47577
416416;all;none;1;0;0.0;41999
428177;all;all;1;0;0.0;47575
429215;none;none;1;0;0.0;47596
435138;all;all;1;0;0.0;49385
436190;all;all;1;0;0.0;50198
438802;none;all;1;0;0.0;51992
440145;all;all;1;0;0.0;52392
442562;all;all;1;0;0.0;52782
416474;all;all;1;0;0.0;42056
435946;all;all;1;0;0.0;49865
416534;all;all;1;2;0.0;42069
421670;all;all;1;2;0.0;45269
416560;all;none;1;0;0.0;42074
416581;all;all;1;0;0.0;42152
439861;none;all;1;0;0.0;52369
416605;all;all;1;4;0.0;42158
416615;all;all;1;2;0.0;42161
416621;all;none;1;1;0.0;42163
418739;all;all;1;1;0.0;43374
423251;all;all;1;1;0.0;46773
434540;none;all;1;1;0.0;49350
416652;all;all;1;1;0.0;42171
441705;all;all;1;1;0.0;52753
416655;all;all;1;3;0.0;42172
421153;all;none;1;3;0.0;44769
416660;all;all;1;0;0.0;42173
432461;none;none;1;0;0.0;48962
416697;none;all;1;2;0.0;42184
423307;all;none;1;2;0.0;46781
416710;all;all;1;0;0.0;42188
438430;all;all;1;0;0.0;51796
416744;all;all;1;0;0.0;42196
424484;all;none;1;0;0.0;46984
431372;all;all;1;0;0.0;48790
416820;all;none;1;1;0.0;42264
416839;all;all;1;0;0.0;42268
443738;all;none;1;0;0.0;53072
416856;all;none;1;0;0.0;42272
422259;all;none;1;0;0.0;46265
444067;all;all;1;0;0.0;53255
416902;none;all;1;0;0.0;42362
427699;all;all;1;0;0.0;47564
434826;all;none;1;0;0.0;49368
448728;all;none;1;0;0.0;55163
416943;none;all;1;0;0.0;42378
431344;all;all;1;0;0.0;48783
416953;all;all;1;0;0.0;42382
438438;all;all;1;0;0.0;51799
438789;all;all;1;0;0.0;51989
416958;none;all;1;0;0.0;42384
422893;none;all;1;0;0.0;46599
416991;none;none;1;0;0.0;42397
416995;none;all;1;0;0.0;42399
417032;all;all;1;1;0.0;42455
417043;all;all;1;0;0.0;42457
417077;all;all;1;2;0.0;42464
417121;all;all;1;0;0.0;42473
421894;all;all;1;0;0.0;45651
417132;all;all;1;1;0.0;42510
445176;none;all;1;1;0.0;53751
448736;none;all;1;1;0.0;55164
417165;none;all;1;0;0.0;42561
430300;none;all;1;0;0.0;48161
430924;none;all;1;0;0.0;48551
432360;all;all;1;0;0.0;48957
438648;none;all;1;0;0.0;51953
417188;all;all;1;0;0.0;42569
429683;all;all;1;0;0.0;47750
443295;none;none;1;0;0.0;52952
417189;none;all;1;0;0.0;42569
418690;none;none;1;0;0.0;43361
427862;all;none;1;0;0.0;47567
430593;all;all;1;0;0.0;48357
439600;none;none;1;0;0.0;52315
443320;none;none;1;0;0.0;52957
417197;all;none;1;0;0.0;42572
418686;all;all;1;0;0.0;43361
417313;all;all;1;0;0.0;42654
418567;all;all;1;0;0.0;43264
418967;all;none;1;0;0.0;43456
423951;none;all;1;0;0.0;46873
425999;all;none;1;0;0.0;47458
430860;all;none;1;0;0.0;48463
438455;all;all;1;0;0.0;51850
417320;all;all;1;0;0.0;42654
430208;all;all;1;0;0.0;48058
448087;all;all;1;0;0.0;54856
417334;all;all;1;2;0.0;42656
423751;all;all;1;2;0.0;46863
417338;all;none;1;0;0.0;42656
423914;all;all;1;0;0.0;46871
445658;all;all;1;0;0.0;53852
417342;all;all;1;0;0.0;42657
417365;all;all;1;0;0.0;42659
417416;all;all;1;1;0.0;42665
417431;all;all;1;0;0.0;42667
441239;all;all;1;0;0.0;52667
444196;none;none;1;0;0.0;53271
417440;all;none;1;2;0.0;42668
426150;all;all;1;2;0.0;47461
429576;all;none;1;2;0.0;47665
434206;none;all;1;2;0.0;49265
434354;all;all;1;2;0.0;49270
417574;all;none;1;0;0.0;42760
434654;all;all;1;0;0.0;49357
417661;all;all;1;0;0.0;42775
419648;all;all;1;0;0.0;43584
417694;all;all;1;0;0.0;42781
421193;all;none;1;0;0.0;44777
435741;all;all;1;0;0.0;49584
439062;none;none;1;0;0.0;52182
417723;all;all;1;0;0.0;42786
435413;all;all;1;0;0.0;49399
417725;all;all;1;0;0.0;42786
417834;all;all;1;0;0.0;42859
418180;all;all;1;0;0.0;43068
417890;none;all;1;1;0.0;42952
430919;all;all;1;1;0.0;48509
417915;none;all;1;2;0.0;42963
447280;all;all;1;2;0.0;54354
417926;all;none;1;0;0.0;42967
432543;all;all;1;0;0.0;48967
417927;all;all;1;0;0.0;42968
417940;all;all;1;0;0.0;42973
420551;none;all;1;0;0.0;44355
447271;all;all;1;0;0.0;54353
417945;all;all;1;0;0.0;42975
428363;all;all;1;0;0.0;47579
436380;all;none;1;0;0.0;50378
417967;all;none;1;0;0.0;42984
421212;all;none;1;0;0.0;44781
417998;all;all;1;0;0.0;42996
421225;all;none;1;0;0.0;44784
424647;none;all;1;0;0.0;46995
428267;all;all;1;0;0.0;47577
433048;none;all;1;0;0.0;48991
438152;all;all;1;0;0.0;51597
442897;none;all;1;0;0.0;52794
446532;all;none;1;0;0.0;53987
448012;all;all;1;0;0.0;54775
418130;all;none;1;2;0.0;43063
423823;all;all;1;2;0.0;46866
425416;all;all;1;2;0.0;47417
433784;all;all;1;2;0.0;49250
438186;all;all;1;2;0.0;51653
446811;all;none;1;2;0.0;54201
418144;all;all;1;2;0.0;43064
418942;all;all;1;2;0.0;43454
418189;none;all;1;0;0.0;43069
431859;all;all;1;0;0.0;48863
437234;none;none;1;0;0.0;51258
446019;all;none;1;0;0.0;53872
418203;all;none;1;0;0.0;43071
418221;all;all;1;4;0.0;43073
418242;all;all;1;2;0.0;43150
439795;all;none;1;2;0.0;52364
418338;all;all;1;0;0.0;43170
418350;all;all;1;0;0.0;43172
419341;all;all;1;0;0.0;43556
422695;all;all;1;0;0.0;46559
427044;none;none;1;0;0.0;47518
434727;all;none;1;0;0.0;49362
441926;all;all;1;0;0.0;52761
448666;all;all;1;0;0.0;55157
418358;all;none;1;0;0.0;43174
432592;all;all;1;0;0.0;48969
418377;none;all;1;0;0.0;43178
421252;all;none;1;0;0.0;44790
442606;all;all;1;0;0.0;52784
418384;all;all;1;0;0.0;43179
421681;all;all;1;0;0.0;45339
424577;none;all;1;0;0.0;46990
444806;all;all;1;0;0.0;53590
418387;all;all;1;0;0.0;43180
418464;all;none;1;0;0.0;43196
432759;all;all;1;0;0.0;48978
418434;all;all;1;0;0.0;43190
418559;all;all;1;0;0.0;43262
419006;all;all;1;0;0.0;43458
418569;none;all;1;2;0.0;43264
418573;all;all;1;1;0.0;43265
418599;none;all;1;2;0.0;43269
422584;all;none;1;2;0.0;46469
425478;none;all;1;2;0.0;47450
440682;none;all;1;2;0.0;52653
444898;all;all;1;2;0.0;53653
418606;none;all;1;0;0.0;43270
438184;none;all;1;0;0.0;51653
418616;all;all;1;2;0.0;43272
435563;all;all;1;2;0.0;49470
445827;all;all;1;2;0.0;53861
445912;all;all;1;2;0.0;53866
418721;all;all;1;0;0.0;43369
429745;all;all;1;0;0.0;47760
418725;all;none;1;0;0.0;43370
418745;all;all;1;0;0.0;43375
429961;all;all;1;0;0.0;47793
432898;all;all;1;0;0.0;48984
418757;all;none;1;0;0.0;43378
418796;all;all;1;0;0.0;43388
418877;all;none;1;1;0.0;43450
424832;all;all;1;1;0.0;47073
436808;all;all;1;1;0.0;50850
444949;all;all;1;1;0.0;53658
446976;all;all;1;1;0.0;54259
418920;all;all;1;0;0.0;43453
435851;all;all;1;0;0.0;49671
444625;all;none;1;0;0.0;53472
418940;all;all;1;1;0.0;43454
435934;none;all;1;1;0.0;49859
419061;all;all;1;0;0.0;43462
438499;all;none;1;0;0.0;51856
419074;all;all;1;0;0.0;43463
423439;all;all;1;0;0.0;46808
425431;all;none;1;0;0.0;47421
431847;all;all;1;0;0.0;48863
436036;all;all;1;0;0.0;50052
439278;all;all;1;0;0.0;52257
419144;all;all;1;0;0.0;43467
425863;all;all;1;0;0.0;47456
434401;all;all;1;0;0.0;49272
419159;all;all;1;3;0.0;43468
426825;all;none;1;3;0.0;47472
444504;all;all;1;3;0.0;53453
419167;none;all;1;0;0.0;43469
420962;all;all;1;0;0.0;44660
423550;all;all;1;0;0.0;46854
423956;all;all;1;0;0.0;46873
426161;all;none;1;0;0.0;47461
426511;all;all;1;0;0.0;47467
419189;all;all;1;1;0.0;43470
419200;all;all;1;0;0.0;43471
422979;all;all;1;0;0.0;46658
434057;none;none;1;0;0.0;49260
439298;all;all;1;0;0.0;52258
443557;all;none;1;0;0.0;53050
419253;none;all;1;0;0.0;43479
447216;all;all;1;0;0.0;54291
419267;all;all;1;0;0.0;43527
419270;all;none;1;0;0.0;43536
419277;all;none;1;1;0.0;43550
419304;all;all;1;0;0.0;43552
436317;all;none;1;0;0.0;50353
438673;all;none;1;0;0.0;51959
443277;none;none;1;0;0.0;52905
443799;all;all;1;0;0.0;53158
419353;all;all;1;0;0.0;43557
435971;all;all;1;0;0.0;49958
419391;all;all;1;0;0.0;43560
420558;all;all;1;0;0.0;44356
419446;all;none;1;0;0.0;43565
424138;all;all;1;0;0.0;46958
419455;all;none;1;0;0.0;43566
422758;all;all;1;0;0.0;46572
439617;all;all;1;0;0.0;52350
448769;none;all;1;0;0.0;55168
419463;all;all;1;0;0.0;43567
419592;none;all;1;0;0.0;43579
440121;all;all;1;0;0.0;52390
419619;all;all;1;0;0.0;43581
427091;all;all;1;0;0.0;47543
433144;all;none;1;0;0.0;48995
419647;all;all;1;0;0.0;43584
432220;none;none;1;0;0.0;48945
438743;all;none;1;0;0.0;51977
419659;all;none;1;1;0.0;43585
421486;all;all;1;1;0.0;44999
419726;all;all;1;0;0.0;43591
419806;none;none;1;0;0.0;43599
429362;all;none;1;0;0.0;47599
419817;all;all;1;0;0.0;43612
419828;all;all;1;2;0.0;43653
434147;none;all;1;2;0.0;49263
419861;all;all;1;1;0.0;43663
420074;none;all;1;1;0.0;43872
425702;all;all;1;1;0.0;47454
434395;all;all;1;1;0.0;49271
437560;none;all;1;1;0.0;51450
419867;all;all;1;1;0.0;43665
419908;all;all;1;0;0.0;43755
427545;all;all;1;0;0.0;47560
419931;none;none;1;0;0.0;43768
419935;all;none;1;1;0.0;43771
421704;all;all;1;1;0.0;45363
420038;all;all;1;1;0.0;43863
420067;all;all;1;0;0.0;43870
438915;none;none;1;0;0.0;52065
447193;none;all;1;0;0.0;54273
420070;all;all;1;2;0.0;43871
426357;all;all;1;2;0.0;47464
434032;all;all;1;2;0.0;49259
434253;all;all;1;2;0.0;49267
437581;all;all;1;2;0.0;51452
420072;all;all;1;0;0.0;43871
420103;none;all;1;0;0.0;43956
420159;all;all;1;1;0.0;43985
420193;all;all;1;0;0.0;44021
426007;all;all;1;0;0.0;47458
440266;all;none;1;0;0.0;52456
441365;all;all;1;0;0.0;52670
444503;all;none;1;0;0.0;53453
445737;all;all;1;0;0.0;53857
420198;all;all;1;5;0.0;44051
420385;all;all;1;5;0.0;44252
420219;all;all;1;2;0.0;44057
426307;all;all;1;2;0.0;47463
447065;all;none;1;2;0.0;54265
448147;all;all;1;2;0.0;54874
420249;all;none;1;0;0.0;44066
446001;all;all;1;0;0.0;53871
420265;all;all;1;0;0.0;44071
420285;all;all;1;0;0.0;44153
429719;all;none;1;0;0.0;47756
420344;all;none;1;0;0.0;44191
436015;all;all;1;0;0.0;49994
420362;all;all;1;2;0.0;44205
426250;all;none;1;2;0.0;47462
420390;all;none;1;0;0.0;44253
443139;none;none;1;0;0.0;52858
420446;none;all;1;0;0.0;44262
430236;all;all;1;0;0.0;48065
420456;all;all;1;0;0.0;44264
426131;all;all;1;0;0.0;47460
443125;none;none;1;0;0.0;52856
420490;all;all;1;1;0.0;44270
432071;all;none;1;1;0.0;48871
420493;all;none;1;0;0.0;44270
420530;all;none;1;0;0.0;44339
433601;all;all;1;0;0.0;49182
420649;none;all;1;0;0.0;44378
429403;all;all;1;0;0.0;47599
447541;all;all;1;0;0.0;54381
448211;all;all;1;0;0.0;54979
420724;all;none;1;0;0.0;44397
431380;none;none;1;0;0.0;48792
420804;all;all;1;2;0.0;44551
420873;all;all;1;0;0.0;44591
420878;all;none;1;3;0.0;44595
435225;all;all;1;3;0.0;49389
420917;all;all;1;1;0.0;44653
429547;all;none;1;1;0.0;47662
439148;all;all;1;1;0.0;52250
440987;none;all;1;1;0.0;52661
420951;all;all;1;0;0.0;44658
432175;all;all;1;0;0.0;48874
420953;all;all;1;1;0.0;44658
421016;all;all;1;2;0.0;44668
421039;all;all;1;0;0.0;44672
422955;none;none;1;0;0.0;46655
431845;all;all;1;0;0.0;48863
434240;all;all;1;0;0.0;49266
437785;all;all;1;0;0.0;51472
439287;none;all;1;0;0.0;52258
439366;all;all;1;0;0.0;52262
440286;all;all;1;0;0.0;52461
445957;all;all;1;0;0.0;53868
421082;all;all;1;0;0.0;44753
437953;none;all;1;0;0.0;51568
421089;all;all;1;1;0.0;44755
421094;all;all;1;0;0.0;44756
423147;all;all;1;0;0.0;46755
421106;all;all;1;2;0.0;44758
421440;all;all;1;2;0.0;44973
422149;all;all;1;2;0.0;46173
437919;all;all;1;2;0.0;51564
421110;all;all;1;0;0.0;44759
421152;all;all;1;0;0.0;44769
439010;none;none;1;0;0.0;52164
421160;all;none;1;0;0.0;44770
421247;all;all;1;2;0.0;44789
433653;all;none;1;2;0.0;49191
421253;none;all;1;0;0.0;44790
428209;all;all;1;0;0.0;47575
421274;all;none;1;0;0.0;44795
432735;all;all;1;0;0.0;48977
421326;all;all;1;1;0.0;44856
425099;all;all;1;1;0.0;47266
421335;all;all;1;0;0.0;44859
439339;all;all;1;0;0.0;52261
421375;all;all;1;0;0.0;44869
422500;all;all;1;0;0.0;46457
432176;none;all;1;0;0.0;48874
437075;all;all;1;0;0.0;51073
421451;all;none;1;1;0.0;44980
429926;all;all;1;1;0.0;47788
421532;all;all;1;1;0.0;45067
434114;all;all;1;1;0.0;49262
421634;all;all;1;0;0.0;45195
421637;all;all;1;1;0.0;45197
421801;all;none;1;0;0.0;45466
423801;none;all;1;0;0.0;46865
443646;all;all;1;0;0.0;53061
421808;all;all;1;0;0.0;45470
430225;all;all;1;0;0.0;48063
440652;all;none;1;0;0.0;52652
421826;all;all;1;0;0.0;45554
445317;all;all;1;0;0.0;53767
421846;all;none;1;2;0.0;45566
422008;all;all;1;2;0.0;45954
421872;all;none;1;0;0.0;45585
443460;none;none;1;0;0.0;52984
421916;all;all;1;0;0.0;45669
425414;all;all;1;0;0.0;47416
422110;none;none;1;0;0.0;46072
425972;all;all;1;0;0.0;47458
439533;all;all;1;0;0.0;52271
443178;none;none;1;0;0.0;52862
447179;all;all;1;0;0.0;54272
422140;none;none;1;0;0.0;46165
430308;all;none;1;0;0.0;48165
437810;all;all;1;0;0.0;51501
444228;all;all;1;0;0.0;53304
422142;all;all;1;0;0.0;46167
427133;all;all;1;0;0.0;47550
422177;none;all;1;0;0.0;46195
422222;all;all;1;1;0.0;46257
422536;all;none;1;1;0.0;46462
444997;all;none;1;1;0.0;53662
422247;all;all;1;1;0.0;46262
422262;all;none;1;0;0.0;46266
436609;all;all;1;0;0.0;50651
422264;all;all;1;1;0.0;46266
435509;all;none;1;1;0.0;49462
439141;all;none;1;1;0.0;52250
440658;all;all;1;1;0.0;52652
441436;all;all;1;1;0.0;52672
422274;all;all;1;2;0.0;46268
431883;all;all;1;2;0.0;48864
434082;all;none;1;2;0.0;49261
440565;all;all;1;2;0.0;52650
422327;none;all;1;1;0.0;46356
422361;all;all;1;1;0.0;46368
425209;all;none;1;1;0.0;47364
445349;none;all;1;1;0.0;53771
422334;all;all;1;0;0.0;46359
437989;all;all;1;0;0.0;51574
422347;all;all;1;0;0.0;46363
432506;all;all;1;0;0.0;48965
446244;all;all;1;0;0.0;53962
422364;none;all;1;0;0.0;46369
437082;all;none;1;0;0.0;51150
422432;all;all;1;1;0.0;46404
422455;all;none;1;0;0.0;46451
425815;all;all;1;0;0.0;47455
430472;all;all;1;0;0.0;48263
447190;none;all;1;0;0.0;54273
422475;all;all;1;0;0.0;46454
425753;all;all;1;0;0.0;47454
422480;all;all;1;2;0.0;46455
440271;all;all;1;2;0.0;52458
422493;all;all;1;0;0.0;46456
447074;all;all;1;0;0.0;54266
422495;all;all;1;0;0.0;46457
426735;all;all;1;0;0.0;47470
426869;all;all;1;0;0.0;47472
422625;none;all;1;0;0.0;46474
426916;all;all;1;0;0.0;47473
422630;all;none;1;0;0.0;46494
422672;all;none;1;2;0.0;46555
427911;all;all;1;2;0.0;47569
432232;all;all;1;2;0.0;48950
422694;all;all;1;1;0.0;46559
424129;all;all;1;1;0.0;46957
422713;none;none;1;0;0.0;46563
437437;none;all;1;0;0.0;51373
439898;all;all;1;0;0.0;52372
422751;none;all;1;1;0.0;46570
441702;all;all;1;1;0.0;52753
445162;all;none;1;1;0.0;53750
422782;all;all;1;0;0.0;46576
422812;all;all;1;0;0.0;46582
422898;none;all;1;0;0.0;46602
443582;all;none;1;0;0.0;53053
422907;all;all;1;0;0.0;46617
425104;all;all;1;0;0.0;47267
439494;all;none;1;0;0.0;52269
443108;none;none;1;0;0.0;52854
423007;all;all;1;0;0.0;46662
431217;all;all;1;0;0.0;48674
423010;all;none;1;0;0.0;46662
423047;all;all;1;0;0.0;46667
423079;all;all;1;2;0.0;46671
434209;all;all;1;2;0.0;49265
423116;none;all;1;0;0.0;46744
423134;none;none;1;0;0.0;46752
423145;all;all;1;0;0.0;46754
423250;all;all;1;0;0.0;46773
427459;all;all;1;0;0.0;47558
423246;all;all;1;0;0.0;46772
423264;all;all;1;0;0.0;46775
423298;all;all;1;0;0.0;46780
423326;all;all;1;0;0.0;46784
423359;none;all;1;0;0.0;46789
423384;all;none;1;0;0.0;46793
423396;none;none;1;0;0.0;46795
423408;all;all;1;0;0.0;46796
428313;all;none;1;0;0.0;47578
433576;all;all;1;0;0.0;49178
423438;all;all;1;2;0.0;46807
426394;all;all;1;2;0.0;47465
438496;all;all;1;2;0.0;51856
439525;all;none;1;2;0.0;52271
445684;none;none;1;2;0.0;53854
423449;all;all;1;0;0.0;46814
425772;none;all;1;0;0.0;47455
439323;none;all;1;0;0.0;52260
423457;none;none;1;1;0.0;46820
423482;all;all;1;2;0.0;46850
431866;all;all;1;2;0.0;48864
436659;all;all;1;2;0.0;50665
423554;all;all;1;0;0.0;46854
423555;all;all;1;0;0.0;46854
425937;all;all;1;0;0.0;47457
423560;all;all;1;0;0.0;46854
435531;all;all;1;0;0.0;49465
423664;all;all;1;0;0.0;46859
444583;none;all;1;0;0.0;53465
423687;none;all;1;0;0.0;46860
438953;none;none;1;0;0.0;52072
423695;all;all;1;0;0.0;46860
423774;all;none;1;0;0.0;46864
423811;all;all;1;1;0.0;46866
423825;all;all;1;0;0.0;46867
429530;all;all;1;0;0.0;47660
423832;none;all;1;2;0.0;46867
423868;none;all;1;0;0.0;46869
436480;none;none;1;0;0.0;50464
440824;none;all;1;0;0.0;52656
441537;all;all;1;0;0.0;52674
443236;none;none;1;0;0.0;52870
423883;all;none;1;1;0.0;46869
423935;all;none;1;0;0.0;46872
425784;all;all;1;0;0.0;47455
426572;none;none;1;0;0.0;47468
448554;all;all;1;0;0.0;55071
423979;all;all;1;1;0.0;46874
439367;none;none;1;1;0.0;52262
423985;all;none;1;2;0.0;46874
425674;none;all;1;2;0.0;47453
425939;all;all;1;2;0.0;47457
426270;all;all;1;2;0.0;47463
424005;all;all;1;0;0.0;46905
424014;none;all;1;1;0.0;46915
424054;all;all;1;0;0.0;46951
424074;all;all;1;0;0.0;46953
424088;all;all;1;0;0.0;46954
425207;none;none;1;0;0.0;47363
424195;all;none;1;0;0.0;46963
424196;all;all;1;0;0.0;46963
429744;all;all;1;0;0.0;47760
446253;none;all;1;0;0.0;53963
447820;none;all;1;0;0.0;54563
424200;all;all;1;0;0.0;46963
427955;all;all;1;0;0.0;47570
437863;all;all;1;0;0.0;51556
424219;all;all;1;0;0.0;46965
424230;none;none;1;0;0.0;46965
448191;all;all;1;0;0.0;54968
424232;all;none;1;0;0.0;46966
434786;all;all;1;0;0.0;49365
424252;all;all;1;0;0.0;46967
424368;all;all;1;0;0.0;46976
429293;all;all;1;0;0.0;47597
442614;none;all;1;0;0.0;52784
424392;none;all;1;0;0.0;46978
424403;all;none;1;0;0.0;46978
439046;none;none;1;0;0.0;52176
424416;all;none;1;0;0.0;46979
433181;all;all;1;0;0.0;48997
424436;all;none;1;0;0.0;46981
424523;none;none;1;0;0.0;46987
440227;all;all;1;0;0.0;52399
424609;none;all;1;0;0.0;46992
424633;none;all;1;1;0.0;46994
431315;all;all;1;1;0.0;48776
433109;all;all;1;1;0.0;48994
439959;all;all;1;1;0.0;52377
446472;all;all;1;1;0.0;53982
424659;all;all;1;0;0.0;46996
444403;all;all;1;0;0.0;53385
446524;all;all;1;0;0.0;53986
424664;all;all;1;2;0.0;46996
424698;all;none;1;0;0.0;46998
435758;none;all;1;0;0.0;49588
424704;all;all;1;0;0.0;46999
424716;all;all;1;0;0.0;47006
446973;all;all;1;0;0.0;54259
424729;all;all;1;1;0.0;47051
424730;all;all;1;0;0.0;47051
443102;none;none;1;0;0.0;52853
424743;none;all;1;2;0.0;47054
424816;all;all;1;2;0.0;47070
439453;none;all;1;2;0.0;52267
424896;none;all;1;0;0.0;47169
437384;all;none;1;0;0.0;51358
424905;all;none;1;0;0.0;47172
436542;all;all;1;0;0.0;50569
425001;all;all;1;0;0.0;47223
425006;all;none;1;2;0.0;47250
425795;all;all;1;2;0.0;47455
426936;all;all;1;2;0.0;47473
425077;all;none;1;0;0.0;47262
441216;all;all;1;0;0.0;52666
425129;none;all;1;0;0.0;47271
425875;all;all;1;0;0.0;47456
443204;none;none;1;0;0.0;52866
425138;none;all;1;0;0.0;47272
425143;none;all;1;0;0.0;47273
425192;all;all;1;1;0.0;47359
427217;none;all;1;1;0.0;47552
430093;none;all;1;1;0.0;47951
437432;all;all;1;1;0.0;51371
425331;all;all;1;0;0.0;47396
436157;all;all;1;0;0.0;50182
436962;all;none;1;0;0.0;50979
442605;none;all;1;0;0.0;52783
425333;none;all;1;0;0.0;47396
428673;all;all;1;0;0.0;47585
425352;all;all;1;0;0.0;47401
425415;all;all;1;1;0.0;47417
430385;all;all;1;1;0.0;48206
447752;all;all;1;1;0.0;54459
425646;all;all;1;0;0.0;47453
446702;all;all;1;0;0.0;54060
425655;all;all;1;5;0.0;47453
429490;all;none;1;5;0.0;47656
445077;all;all;1;5;0.0;53669
425666;all;all;1;1;0.0;47453
426623;all;none;1;1;0.0;47468
445947;all;all;1;1;0.0;53868
448098;all;none;1;1;0.0;54859
425670;all;all;1;0;0.0;47453
447017;all;all;1;0;0.0;54262
425673;all;none;1;2;0.0;47453
425722;none;all;1;0;0.0;47454
425747;none;all;1;2;0.0;47454
425874;all;none;1;1;0.0;47456
445698;all;all;1;1;0.0;53854
426048;none;all;1;0;0.0;47459
426078;all;all;1;2;0.0;47460
426087;all;all;1;0;0.0;47460
426680;all;all;1;0;0.0;47469
426095;none;all;1;1;0.0;47460
426180;none;all;1;0;0.0;47461
436652;all;none;1;0;0.0;50663
426193;all;none;1;0;0.0;47461
429424;all;all;1;0;0.0;47650
445720;all;all;1;0;0.0;53856
426233;all;all;1;2;0.0;47462
444175;all;all;1;2;0.0;53268
445014;all;all;1;2;0.0;53663
447058;all;all;1;2;0.0;54265
426324;all;all;1;0;0.0;47464
426350;all;all;1;2;0.0;47464
426371;all;all;1;1;0.0;47464
431516;all;all;1;1;0.0;48852
437007;all;none;1;1;0.0;51002
426400;all;all;1;0;0.0;47465
426444;all;all;1;0;0.0;47466
426469;all;all;1;0;0.0;47466
430885;all;all;1;0;0.0;48468
445948;all;all;1;0;0.0;53868
426661;all;all;1;0;0.0;47469
426706;all;all;1;0;0.0;47470
426671;all;all;1;0;0.0;47469
437163;all;all;1;0;0.0;51204
426739;all;all;1;1;0.0;47470
426774;all;none;1;0;0.0;47471
426833;all;none;1;3;0.0;47472
426899;none;all;1;2;0.0;47473
426939;none;none;1;0;0.0;47473
437629;all;all;1;0;0.0;51457
427008;none;all;1;0;0.0;47489
427012;all;all;1;1;0.0;47493
427070;all;none;1;1;0.0;47532
428401;all;all;1;1;0.0;47579
429294;all;all;1;1;0.0;47597
444822;none;all;1;1;0.0;53594
427096;all;none;1;0;0.0;47546
427142;all;none;1;0;0.0;47550
427158;all;all;1;0;0.0;47551
427209;none;all;1;0;0.0;47552
427225;all;all;1;0;0.0;47552
427247;all;all;1;0;0.0;47553
427258;all;all;1;0;0.0;47553
427378;none;none;1;0;0.0;47556
428014;all;all;1;0;0.0;47571
437106;all;all;1;0;0.0;51167
441724;all;all;1;0;0.0;52754
427404;all;none;1;1;0.0;47557
427438;none;all;1;0;0.0;47557
427443;none;all;1;0;0.0;47557
427446;all;none;1;0;0.0;47558
427450;all;all;1;0;0.0;47558
427483;all;none;1;2;0.0;47558
427505;all;none;1;0;0.0;47559
427523;all;all;1;0;0.0;47559
447328;all;all;1;0;0.0;54359
448679;none;all;1;0;0.0;55158
427589;all;all;1;0;0.0;47561
430096;all;all;1;0;0.0;47953
446275;all;none;1;0;0.0;53965
427736;all;all;1;2;0.0;47564
437901;none;all;1;2;0.0;51561
427739;all;all;1;0;0.0;47564
427769;all;none;1;2;0.0;47565
427809;none;all;1;0;0.0;47566
427832;all;all;1;0;0.0;47567
441733;all;all;1;0;0.0;52754
427833;all;all;1;0;0.0;47567
427877;all;all;1;0;0.0;47568
427912;all;all;1;0;0.0;47569
427976;all;none;1;0;0.0;47570
428055;all;all;1;2;0.0;47572
428069;all;all;1;0;0.0;47572
430282;all;all;1;0;0.0;48151
428091;all;none;1;0;0.0;47573
428152;all;none;1;0;0.0;47574
428153;all;all;1;0;0.0;47574
428257;all;none;1;0;0.0;47576
428263;all;all;1;1;0.0;47577
432909;all;none;1;1;0.0;48984
435298;all;all;1;1;0.0;49393
428378;all;none;1;0;0.0;47579
428511;all;none;1;0;0.0;47582
436954;none;all;1;0;0.0;50976
428520;all;all;1;0;0.0;47582
431375;all;all;1;0;0.0;48791
432911;all;none;1;0;0.0;48985
437479;all;all;1;0;0.0;51384
448893;none;all;1;0;0.0;55183
428533;all;all;1;0;0.0;47582
429040;none;all;1;0;0.0;47592
430170;none;all;1;0;0.0;47999
433039;none;none;1;0;0.0;48990
439059;none;none;1;0;0.0;52181
444451;all;all;1;0;0.0;53396
445391;none;all;1;0;0.0;53776
428556;all;all;1;0;0.0;47582
431397;all;all;1;0;0.0;48797
428610;all;all;1;1;0.0;47583
428657;all;all;1;0;0.0;47584
428670;all;all;1;2;0.0;47585
442787;all;none;1;2;0.0;52790
428672;all;all;1;0;0.0;47585
428681;all;all;1;0;0.0;47585
428816;all;all;1;0;0.0;47588
428693;all;all;1;0;0.0;47585
433022;none;all;1;0;0.0;48990
442890;all;all;1;0;0.0;52793
444006;none;all;1;0;0.0;53198
428704;all;all;1;0;0.0;47585
433177;none;all;1;0;0.0;48997
443949;all;none;1;0;0.0;53187
428707;all;none;1;0;0.0;47585
428744;all;all;1;0;0.0;47586
433596;all;all;1;0;0.0;49181
428750;none;all;1;2;0.0;47586
448914;none;all;1;2;0.0;55185
428840;all;all;1;0;0.0;47588
428910;all;all;1;0;0.0;47589
429143;all;all;1;0;0.0;47594
428967;all;all;1;0;0.0;47591
428977;none;all;1;0;0.0;47591
428980;all;none;1;0;0.0;47591
429015;all;all;1;0;0.0;47592
433685;none;none;1;0;0.0;49196
429034;all;none;1;0;0.0;47592
429322;all;all;1;0;0.0;47598
442569;all;all;1;0;0.0;52782
448223;none;all;1;0;0.0;54986
429052;all;none;1;0;0.0;47592
430701;all;all;1;0;0.0;48383
429065;all;none;1;0;0.0;47593
442994;none;none;1;0;0.0;52797
429082;none;all;1;0;0.0;47593
429134;all;none;1;0;0.0;47594
445525;all;none;1;0;0.0;53792
429167;all;none;1;0;0.0;47595
429174;all;all;1;0;0.0;47595
429197;all;all;1;0;0.0;47595
446412;all;all;1;0;0.0;53977
429218;all;all;1;0;0.0;47596
429315;all;all;1;0;0.0;47598
429329;none;all;1;0;0.0;47598
429338;all;all;1;0;0.0;47598
429391;all;none;1;1;0.0;47599
438807;all;all;1;1;0.0;51993
429409;all;all;1;0;0.0;47601
429423;all;all;1;1;0.0;47650
437238;none;none;1;1;0.0;51259
429429;all;all;1;2;0.0;47650
433792;all;all;1;2;0.0;49251
448551;all;all;1;2;0.0;55071
429573;all;all;1;2;0.0;47665
438236;none;all;1;2;0.0;51664
429579;all;all;1;1;0.0;47665
429631;none;all;1;0;0.0;47670
429672;all;all;1;0;0.0;47677
429681;all;all;1;0;0.0;47743
447553;all;all;1;0;0.0;54382
429788;all;all;1;0;0.0;47767
430939;none;all;1;0;0.0;48556
429864;all;all;1;1;0.0;47779
434952;all;all;1;1;0.0;49375
435359;none;none;1;1;0.0;49396
436768;none;none;1;1;0.0;50784
439990;all;all;1;1;0.0;52379
448042;all;all;1;1;0.0;54788
429901;all;all;1;2;0.0;47785
429931;all;none;1;2;0.0;47789
435131;all;all;1;2;0.0;49384
430087;all;all;1;0;0.0;47924
430157;none;all;1;0;0.0;47992
430163;all;all;1;0;0.0;47995
432691;all;none;1;0;0.0;48975
436551;none;all;1;0;0.0;50576
440212;all;all;1;0;0.0;52398
442801;all;all;1;0;0.0;52790
430197;all;none;1;2;0.0;48055
431596;all;all;1;2;0.0;48854
433851;all;all;1;2;0.0;49253
430325;all;all;1;0;0.0;48173
446076;none;all;1;0;0.0;53914
430339;none;all;1;0;0.0;48180
440487;all;all;1;0;0.0;52595
447587;all;all;1;0;0.0;54386
430403;all;none;1;1;0.0;48252
430440;all;none;1;0;0.0;48258
430514;all;all;1;0;0.0;48269
440794;all;all;1;0;0.0;52656
441387;all;all;1;0;0.0;52671
430515;all;all;1;0;0.0;48269
433879;all;all;1;0;0.0;49254
430541;all;all;1;2;0.0;48273
430588;all;all;1;0;0.0;48356
430667;all;all;1;0;0.0;48376
430694;none;none;1;0;0.0;48381
445417;all;all;1;0;0.0;53779
447662;all;all;1;0;0.0;54393
448205;all;none;1;0;0.0;54976
430709;all;none;1;0;0.0;48384
431023;none;none;1;0;0.0;48582
436558;all;all;1;0;0.0;50580
442494;all;none;1;0;0.0;52780
445408;all;all;1;0;0.0;53778
448915;all;all;1;0;0.0;55185
430762;all;none;1;0;0.0;48395
443938;all;all;1;0;0.0;53184
430798;all;none;1;1;0.0;48451
430832;all;all;1;2;0.0;48458
433911;all;all;1;2;0.0;49255
430943;none;none;1;1;0.0;48557
431026;all;all;1;0;0.0;48583
431031;all;all;1;0;0.0;48584
431063;all;all;1;0;0.0;48594
432862;all;all;1;0;0.0;48982
433120;all;none;1;0;0.0;48994
431091;all;all;1;0;0.0;48617
437291;all;all;1;0;0.0;51266
431093;all;all;1;0;0.0;48622
431193;all;all;1;0;0.0;48669
431240;all;none;1;2;0.0;48754
442246;all;all;1;2;0.0;52771
431245;all;all;1;0;0.0;48755
431280;all;all;1;0;0.0;48765
431368;all;all;1;1;0.0;48789
431594;all;all;1;0;0.0;48854
439412;none;all;1;0;0.0;52265
444220;all;all;1;0;0.0;53274
431731;all;none;1;2;0.0;48859
434007;all;none;1;2;0.0;49258
438179;all;all;1;2;0.0;51651
431766;all;all;1;0;0.0;48860
431822;all;all;1;1;0.0;48862
431830;all;all;1;0;0.0;48862
431919;all;all;1;0;0.0;48866
431990;all;all;1;0;0.0;48868
439150;all;all;1;0;0.0;52250
432002;all;all;1;1;0.0;48868
432270;all;all;1;0;0.0;48952
432319;none;all;1;2;0.0;48955
432428;none;all;1;4;0.0;48960
432447;all;all;1;0;0.0;48962
432520;all;none;1;0;0.0;48965
432560;all;all;1;0;0.0;48968
432565;none;all;1;0;0.0;48968
432634;all;all;1;0;0.0;48972
432654;all;all;1;0;0.0;48973
432674;all;all;1;0;0.0;48974
441746;all;all;1;0;0.0;52755
442158;all;none;1;0;0.0;52768
447219;all;none;1;0;0.0;54318
432818;all;all;1;0;0.0;48980
432859;all;all;1;0;0.0;48982
432938;all;all;1;0;0.0;48986
432960;all;none;1;0;0.0;48987
433046;all;none;1;0;0.0;48991
433061;all;none;1;0;0.0;48991
449004;all;all;1;0;0.0;55196
433183;all;all;1;0;0.0;48997
434515;all;none;1;0;0.0;49336
433253;all;none;1;0;0.0;49050
436622;all;none;1;0;0.0;50655
438277;all;all;1;0;0.0;51673
439524;all;all;1;0;0.0;52271
440764;all;all;1;0;0.0;52655
433275;all;all;1;0;0.0;49054
433281;all;all;1;1;0.0;49055
433390;all;all;1;0;0.0;49070
433527;all;none;1;0;0.0;49169
433580;none;all;1;0;0.0;49178
433614;all;none;1;0;0.0;49184
440023;all;all;1;0;0.0;52382
433640;all;all;1;1;0.0;49188
433663;all;all;1;0;0.0;49192
433676;none;all;1;0;0.0;49194
433755;all;none;1;0;0.0;49229
433798;all;all;1;0;0.0;49251
433996;none;all;1;0;0.0;49258
439391;none;all;1;0;0.0;52264
445660;all;none;1;0;0.0;53852
434025;all;all;1;0;0.0;49259
434038;all;all;1;2;0.0;49259
434361;all;none;1;2;0.0;49270
447917;all;all;1;2;0.0;54662
434119;all;all;1;0;0.0;49262
434123;all;all;1;0;0.0;49262
441402;all;all;1;0;0.0;52671
446708;all;all;1;0;0.0;54063
446864;all;all;1;0;0.0;54252
434235;none;none;1;0;0.0;49266
434299;all;all;1;2;0.0;49268
439333;all;none;1;2;0.0;52260
434375;all;none;1;0;0.0;49271
434390;all;none;1;0;0.0;49271
434608;all;all;1;0;0.0;49354
434615;all;all;1;0;0.0;49355
434642;all;none;1;0;0.0;49357
434713;none;all;1;0;0.0;49361
441594;all;all;1;0;0.0;52750
434729;none;all;1;0;0.0;49362
434736;all;all;1;0;0.0;49362
434750;all;all;1;0;0.0;49363
434774;all;all;1;0;0.0;49364
434918;all;none;1;0;0.0;49373
434968;all;all;1;0;0.0;49376
446804;all;none;1;0;0.0;54196
435101;none;none;1;0;0.0;49383
435156;all;none;1;0;0.0;49386
435260;all;all;1;0;0.0;49391
435265;none;all;1;1;0.0;49391
440201;none;none;1;1;0.0;52397
435269;all;all;1;1;0.0;49391
435272;none;none;1;0;0.0;49392
435307;all;all;1;0;0.0;49393
435316;all;all;1;0;0.0;49394
435341;all;all;1;0;0.0;49395
436973;all;all;1;0;0.0;50984
444385;all;none;1;0;0.0;53381
435450;all;all;1;0;0.0;49452
448099;all;all;1;0;0.0;54859
435578;none;all;1;0;0.0;49473
435595;all;none;1;0;0.0;49546
447537;all;all;1;0;0.0;54380
435753;all;all;1;0;0.0;49587
435784;all;all;1;1;0.0;49593
435829;all;all;1;2;0.0;49660
435925;all;none;1;0;0.0;49854
441006;none;none;1;0;0.0;52661
435987;all;all;1;0;0.0;49974
436212;all;all;1;1;0.0;50252
444596;all;all;1;1;0.0;53467
436234;all;all;1;0;0.0;50258
436276;none;none;1;1;0.0;50268
436313;all;none;1;0;0.0;50351
436318;all;all;1;0;0.0;50354
436360;all;all;1;0;0.0;50370
436918;all;all;1;0;0.0;50957
445164;all;all;1;0;0.0;53750
436374;all;all;1;0;0.0;50376
436458;all;all;1;1;0.0;50456
436552;none;all;1;0;0.0;50577
436565;none;none;1;1;0.0;50583
436616;none;all;1;1;0.0;50653
441060;all;none;1;1;0.0;52662
436863;all;none;1;0;0.0;50864
436896;all;all;1;2;0.0;50874
445865;none;all;1;2;0.0;53863
436917;none;all;1;0;0.0;50957
436943;all;all;1;1;0.0;50970
436948;all;all;1;0;0.0;50973
444706;all;all;1;0;0.0;53563
436988;all;all;1;0;0.0;50991
437036;all;all;1;1;0.0;51059
437094;all;none;1;0;0.0;51158
437097;all;all;1;0;0.0;51160
437111;none;all;1;2;0.0;51171
440346;all;all;1;2;0.0;52550
437128;all;all;1;0;0.0;51181
437195;all;all;1;0;0.0;51252
437220;all;none;1;0;0.0;51256
447771;all;all;1;0;0.0;54465
437276;all;all;1;0;0.0;51264
437284;all;all;1;2;0.0;51265
439478;all;none;1;2;0.0;52268
437336;all;all;1;1;0.0;51273
437414;all;all;1;0;0.0;51366
437429;none;all;1;1;0.0;51370
437669;all;all;1;2;0.0;51461
437712;all;all;1;0;0.0;51465
440607;all;all;1;0;0.0;52651
437714;all;all;1;0;0.0;51465
437837;all;all;1;0;0.0;51552
437853;all;all;1;0;0.0;51554
439923;all;all;1;0;0.0;52374
441769;all;all;1;0;0.0;52755
437861;all;all;1;0;0.0;51556
437927;all;all;1;0;0.0;51565
437938;all;none;1;0;0.0;51566
437957;none;none;1;0;0.0;51569
438037;none;all;1;0;0.0;51580
438172;all;none;1;0;0.0;51650
444221;all;all;1;0;0.0;53274
438178;all;all;1;1;0.0;51651
440745;all;none;1;1;0.0;52654
438206;none;all;1;0;0.0;51657
438252;all;all;1;0;0.0;51667
438287;none;all;1;0;0.0;51750
438298;all;all;1;1;0.0;51753
443867;all;all;1;1;0.0;53170
438307;all;all;1;0;0.0;51756
438390;all;none;1;1;0.0;51783
438433;all;all;1;0;0.0;51797
438467;all;all;1;1;0.0;51852
438569;all;all;1;0;0.0;51867
438604;none;all;1;1;0.0;51872
438710;all;all;1;0;0.0;51969
438734;all;all;1;0;0.0;51974
438756;all;all;1;0;0.0;51980
438917;none;none;1;2;0.0;52065
438985;none;none;1;0;0.0;52155
439024;none;none;1;0;0.0;52168
439040;none;none;1;1;0.0;52174
439045;none;none;1;0;0.0;52176
439082;none;none;1;0;0.0;52189
439276;all;none;1;0;0.0;52257
439285;none;all;1;1;0.0;52258
443205;none;none;1;1;0.0;52866
439299;all;none;1;0;0.0;52259
440278;all;none;1;0;0.0;52459
439316;all;all;1;0;0.0;52259
439389;all;all;1;0;0.0;52263
439505;none;all;1;0;0.0;52270
439534;all;all;1;0;0.0;52271
446825;none;none;1;0;0.0;54223
439580;all;all;1;1;0.0;52274
439611;all;all;1;0;0.0;52350
439651;all;none;1;0;0.0;52353
439689;none;none;1;1;0.0;52356
439705;all;all;1;0;0.0;52357
439720;all;all;1;1;0.0;52358
439746;all;none;1;0;0.0;52360
439751;all;none;1;1;0.0;52360
439788;all;all;1;1;0.0;52363
441677;all;all;1;1;0.0;52752
439799;all;all;1;4;0.0;52364
439903;all;none;1;0;0.0;52372
441690;all;none;1;0;0.0;52753
442066;all;all;1;0;0.0;52765
439921;all;all;1;0;0.0;52374
448598;all;all;1;0;0.0;55106
439952;all;none;1;0;0.0;52376
440343;all;all;1;0;0.0;52525
440005;none;all;1;1;0.0;52381
440140;none;all;1;0;0.0;52392
440152;all;all;1;0;0.0;52393
440155;all;all;1;0;0.0;52393
440171;none;none;1;0;0.0;52394
446573;all;all;1;0;0.0;53991
440174;none;all;1;0;0.0;52395
440263;all;all;1;0;0.0;52456
440281;all;none;1;0;0.0;52460
440293;all;all;1;1;0.0;52463
440366;all;none;1;0;0.0;52556
440449;all;all;1;0;0.0;52583
440458;all;all;1;0;0.0;52586
440481;all;all;1;4;0.0;52593
445383;all;all;1;4;0.0;53775
440556;all;all;1;0;0.0;52650
443546;none;all;1;0;0.0;53014
440599;none;all;1;0;0.0;52651
440822;all;all;1;0;0.0;52656
444150;all;none;1;0;0.0;53265
440909;all;all;1;0;0.0;52659
441204;none;none;1;3;0.0;52666
441283;all;none;1;0;0.0;52668
441362;none;all;1;0;0.0;52670
441400;all;all;1;0;0.0;52671
441500;all;all;1;0;0.0;52673
441662;all;all;1;0;0.0;52752
445253;all;all;1;0;0.0;53760
441718;all;none;1;0;0.0;52754
441739;all;all;1;1;0.0;52754
441742;none;all;1;0;0.0;52755
441759;all;all;1;0;0.0;52755
441841;all;all;1;0;0.0;52758
441872;all;all;1;0;0.0;52759
441892;all;none;1;2;0.0;52759
441942;none;none;1;0;0.0;52761
441956;all;all;1;1;0.0;52762
445245;all;all;1;1;0.0;53759
441987;all;none;1;0;0.0;52763
442006;all;all;1;0;0.0;52763
442040;all;all;1;0;0.0;52764
442052;all;all;1;0;0.0;52765
442059;all;all;1;0;0.0;52765
442124;all;all;1;0;0.0;52767
442241;all;all;1;5;0.0;52771
442283;none;none;1;0;0.0;52772
442371;all;all;1;0;0.0;52775
442434;all;all;1;0;0.0;52778
442555;none;none;1;0;0.0;52782
442633;all;all;1;0;0.0;52784
443423;none;none;1;0;0.0;52977
442669;all;all;1;0;0.0;52786
442798;all;all;1;0;0.0;52790
442832;all;none;1;1;0.0;52791
442852;all;none;1;0;0.0;52792
442881;all;all;1;0;0.0;52793
442909;all;all;1;1;0.0;52794
445154;none;all;1;1;0.0;53737
442946;all;none;1;1;0.0;52795
442962;all;all;1;0;0.0;52796
443074;none;none;1;2;0.0;52821
443350;none;none;1;1;0.0;52963
443479;none;none;1;0;0.0;52988
443521;none;none;1;0;0.0;52996
443534;none;none;1;0;0.0;52999
443676;all;all;1;1;0.0;53065
443711;all;all;1;0;0.0;53069
443718;all;all;1;2;0.0;53070
443731;all;all;1;0;0.0;53071
443733;all;all;1;2;0.0;53072
443801;all;all;1;0;0.0;53158
443964;all;all;1;0;0.0;53190
444233;all;all;1;0;0.0;53350
444246;all;all;1;0;0.0;53353
444290;all;none;1;0;0.0;53362
444333;all;all;1;0;0.0;53370
444352;all;all;1;0;0.0;53374
444375;all;all;1;0;0.0;53379
444384;all;all;1;1;0.0;53381
444530;all;all;1;0;0.0;53457
444591;all;all;1;0;0.0;53466
444640;all;all;1;0;0.0;53474
444675;none;all;1;0;0.0;53555
445051;all;all;1;1;0.0;53667
445097;all;all;1;0;0.0;53671
445128;all;none;1;0;0.0;53673
445477;all;all;1;0;0.0;53787
445498;all;all;1;0;0.0;53789
445592;all;all;1;0;0.0;53806
445813;all;all;1;0;0.0;53861
446062;none;all;1;0;0.0;53874
446185;all;all;1;0;0.0;53957
446207;none;all;1;0;0.0;53959
446221;none;all;1;1;0.0;53960
446259;all;all;1;0;0.0;53964
446289;all;none;1;0;0.0;53966
446423;all;none;1;0;0.0;53978
446471;all;all;1;0;0.0;53982
446557;none;all;1;0;0.0;53989
446651;all;all;1;0;0.0;53998
446755;all;all;1;2;0.0;54161
446765;all;all;1;0;0.0;54167
446771;none;all;1;1;0.0;54171
446896;all;all;1;1;0.0;54254
446985;none;all;1;0;0.0;54260
447001;all;all;1;0;0.0;54261
447004;all;none;1;2;0.0;54261
447022;all;all;1;2;0.0;54262
447041;all;all;1;1;0.0;54264
447102;all;all;1;0;0.0;54267
447196;all;none;1;0;0.0;54273
447217;all;none;1;0;0.0;54306
447324;all;none;1;0;0.0;54359
447326;all;all;1;0;0.0;54359
447345;none;all;1;0;0.0;54361
447355;all;all;1;0;0.0;54362
447371;all;all;1;1;0.0;54363
447385;all;all;1;0;0.0;54365
447449;none;all;1;0;0.0;54371
447634;all;all;1;0;0.0;54390
447689;all;all;1;0;0.0;54396
448856;all;none;1;0;0.0;55178
447801;none;none;1;0;0.0;54551
448164;all;none;1;0;0.0;54955
448236;all;none;1;0;0.0;54992
448288;none;none;1;1;0.0;55051
448401;all;all;1;1;0.0;55060
448509;all;none;1;0;0.0;55068
448623;all;all;1;0;0.0;55152
448770;all;all;1;0;0.0;55168
448818;all;all;1;0;0.0;55174
448859;all;none;1;0;0.0;55178
